datetime,y_true,y_pred,lower_ci,upper_ci
2017-01-01 00:00:00,485.0,460.7964838579078,422.89501494654417,498.6979527692714
2017-01-01 01:00:00,477.0,442.790204242513,383.0699852445397,502.5104232404864
2017-01-01 02:00:00,454.0,425.6856142121957,351.1852562976123,500.18597212677906
2017-01-01 03:00:00,418.0,409.8424753472029,324.42576206440543,495.2591886300003
2017-01-01 04:00:00,438.0,394.7297599429634,300.47229142372703,488.9872284621998
2017-01-01 05:00:00,453.0,380.3137929533538,278.6779942959076,481.94959161080004
2017-01-01 06:00:00,433.0,366.5624518682689,258.6504494379358,474.47445429860204
2017-01-01 07:00:00,416.0,353.4450951363453,240.12390068444,466.7662895882506
2017-01-01 08:00:00,421.0,340.9324938876446,222.90458952617055,458.9603982491187
2017-01-01 09:00:00,424.0,328.99676680415735,206.8436239594588,451.1499096488559
2017-01-01 10:00:00,413.0,317.611317993001,191.82204420050414,443.4005917854979
2017-01-01 11:00:00,425.0,306.75077772387925,177.74194265687072,435.7596127908878
2017-01-01 12:00:00,381.0,296.39094589874844,164.520856583896,428.26103521360085
2017-01-01 13:00:00,466.0,286.5087381277281,152.0880516453598,420.9294246100965
2017-01-01 14:00:00,542.0,277.0821342910987,140.38195824154573,413.78231034065175
2017-01-01 15:00:00,568.0,268.09012947276835,129.34834244776187,406.83191649777484
2017-01-01 16:00:00,568.0,259.51268715587696,118.9389628836368,400.0864114281171
2017-01-01 17:00:00,543.0,251.33069457624427,109.11055944269836,393.55082970979015
2017-01-01 18:00:00,522.0,243.52592013417893,99.82407502517106,387.2277652431868
2017-01-01 19:00:00,487.0,236.08097276974962,91.04404488952554,381.1179006499737
2017-01-01 20:00:00,475.0,228.97926321099712,82.73810921218,375.22041720981423
2017-01-01 21:00:00,459.0,222.2049670087374,74.87661797298995,369.5333160444849
2017-01-01 22:00:00,453.0,215.7429892755884,67.43230623627565,364.0536723149012
2017-01-01 23:00:00,417.0,209.57893105064915,60.38002395784318,358.77783814345514
2017-01-02 00:00:00,395.0,203.69905721488374,53.696508636588305,353.70160579317917
2017-01-02 01:00:00,420.0,198.09026588571703,47.360192077466394,348.82033969396764
2017-01-02 02:00:00,453.0,192.7400592226448,41.3510346431554,344.1290838021342
2017-01-02 03:00:00,429.0,187.6365155788068,35.65038190600802,339.6226492516056
2017-01-02 04:00:00,211.0,182.7682629364682,30.240839743053897,335.2956861298825
2017-01-02 05:00:00,116.0,178.12445356721707,25.10616476169261,331.1427423727415
2017-01-02 06:00:00,51.0,173.69473986041464,20.231167582389816,327.15831213843944
2017-01-02 07:00:00,38.0,169.46925126603725,15.60162699291439,323.33687553916013
2017-01-02 08:00:00,21.0,165.43857230053322,11.204213365776724,319.67293123528975
2017-01-02 09:00:00,16.0,161.59372156668567,7.026420024690424,316.1610231086809
2017-01-02 10:00:00,23.0,157.92613174073193,3.056501477443078,312.7957620040208
2017-01-02 11:00:00,18.0,154.4276304821464,-0.7165823835703122,309.57184334786314
2017-01-02 12:00:00,58.0,151.0904222235479,-4.303216864705831,306.4840613118016
2017-01-02 13:00:00,176.0,147.9070708001556,-7.713178471123996,303.52732007143516
2017-01-02 14:00:00,109.0,144.87048288008685,-10.955676859833858,300.69664262000754
2017-01-02 15:00:00,267.0,141.97389215857572,-14.039393203036866,297.9871775201883
2017-01-02 16:00:00,260.0,139.21084428089256,-16.972515354001672,295.39420391578676
2017-01-02 17:00:00,212.0,136.57518246036904,-19.762770153739496,292.91313507447757
2017-01-02 18:00:00,183.0,134.06103375948217,-22.417453171730216,290.53952069069453
2017-01-02 19:00:00,136.0,131.6627960034276,-24.94345613616977,288.269048143025
2017-01-02 20:00:00,137.0,129.37512529702232,-27.347292277329245,286.0975428713739
2017-01-02 21:00:00,125.0,127.1929241171216,-29.635119780564935,284.02096801480815
2017-01-02 22:00:00,153.0,125.11132995401633,-31.81276352245132,282.035423430484
2017-01-02 23:00:00,165.0,123.12570447650144,-33.88573524373835,280.13714419674125
2017-01-03 00:00:00,225.0,121.23162319647201,-35.85925229581014,278.3224986887542
2017-01-03 01:00:00,275.0,119.4248656100172,-37.73825508259597,276.5879863026304
2017-01-03 02:00:00,293.0,117.70140579304399,-39.527423307093045,274.930234893181
2017-01-03 03:00:00,293.0,116.05740343047486,-41.23119112050048,273.3459979814502
2017-01-03 04:00:00,287.0,114.4891952590308,-42.85376126219171,271.8321517802533
2017-01-03 05:00:00,305.0,112.9932869045314,-44.399118270163086,270.3856920792259
2017-01-03 06:00:00,304.0,111.56634509552367,-45.871040834018515,269.00373102506586
2017-01-03 07:00:00,266.0,110.20519023588946,-47.27311335584341,267.6834938276223
2017-01-03 08:00:00,240.0,108.9067893198814,-48.60873677836631,266.4223154181291
2017-01-03 09:00:00,237.0,107.66824917380016,-49.88113873450264,265.21763708210295
2017-01-03 10:00:00,232.0,106.48681000925369,-51.09338306763918,264.06700308614654
2017-01-03 11:00:00,155.0,105.35983927363353,-52.24837876777403,262.96805731504105
2017-01-03 12:00:00,167.0,104.28482578410544,-53.34888836482031,261.9185399330312
2017-01-03 13:00:00,170.0,103.2593741320433,-54.39753581695287,260.91628408103946
2017-01-03 14:00:00,179.0,102.28119934543804,-55.39681392878563,259.9592126196617
2017-01-03 15:00:00,244.0,101.34812179738772,-56.34909133137366,259.0453349261491
2017-01-03 16:00:00,296.0,100.45806234932414,-57.256619053500316,258.17274375214856
2017-01-03 17:00:00,295.0,99.60903771815327,-58.121536711416354,257.3396121477229
2017-01-03 18:00:00,328.0,98.79915605698662,-58.94587834210611,256.5441904560794
2017-01-03 19:00:00,397.0,98.02661273961601,-59.731577903257204,255.78480338248923
2017-01-03 20:00:00,437.0,97.28968633933894,-60.4804744613742,255.05984714005209
2017-01-03 21:00:00,464.0,96.58673479317365,-61.19431708789439,254.3677866742417
2017-01-03 22:00:00,483.0,95.91619174291736,-61.87476948171266,253.7071529675474
2017-01-03 23:00:00,447.0,95.2765630448943,-62.52341433519818,253.07654042498677
2017-01-04 00:00:00,440.0,94.6664234406164,-63.14175745956547,252.47460434079827
2017-01-04 01:00:00,463.0,94.084413380938,-63.73123168434779,251.9000584462238
2017-01-04 02:00:00,467.0,93.52923599662819,-64.29320054469122,251.3516725379476
2017-01-04 03:00:00,463.0,92.99965420860994,-64.82896176924342,250.8282701864633
2017-01-04 04:00:00,473.0,92.49448797142745,-65.33975058053997,250.32872652339486
2017-01-04 05:00:00,488.0,92.01261164379905,-65.82674281898734,249.85196610658545
2017-01-04 06:00:00,500.0,91.55295148039673,-66.29105790080129,249.39696086159475
2017-01-04 07:00:00,392.0,91.11448323926335,-66.7337616195724,248.9627280980991
2017-01-04 08:00:00,338.0,90.69622989953606,-67.15586880049892,248.54832859957105
2017-01-04 09:00:00,338.0,90.29725948439075,-67.55834581573954,248.15286478452106
2017-01-04 10:00:00,441.0,89.91668298435607,-67.94211296879513,247.77547893750727
2017-01-04 11:00:00,333.0,89.55365237637002,-68.30804675532582,247.41535150806587
2017-01-04 12:00:00,167.0,89.20735873416481,-68.65698200734164,247.07169947567127
2017-01-04 13:00:00,216.0,88.87703042576953,-68.9897139272708,246.74377477880986
2017-01-04 14:00:00,291.0,88.56193139411408,-69.30700001800719,246.43086280623535
2017-01-04 15:00:00,325.0,88.26135951690343,-69.60956191466265,246.1322809484695
2017-01-04 16:00:00,367.0,87.97464504210703,-69.89808712340121,245.84737720761527
2017-01-04 17:00:00,322.0,87.70114909557788,-70.17323067240687,245.57552886356262
2017-01-04 18:00:00,298.0,87.4402622574753,-70.43561667973376,245.31614119468435
2017-01-04 19:00:00,304.0,87.1914032043196,-70.68583984250522,245.0686462511444
2017-01-04 20:00:00,346.0,86.95401741365279,-70.92446685166425,244.83250167896983
2017-01-04 21:00:00,356.0,86.72757592841876,-71.15203773623162,244.60718959306914
2017-01-04 22:00:00,380.0,86.51157417830996,-71.36906714079856,244.39221549741848
2017-01-04 23:00:00,328.0,86.30553085545397,-71.57604553976445,244.1871072506724
2017-01-05 00:00:00,203.0,86.10898684193485,-71.77344039163118,243.99141407550087
2017-01-05 01:00:00,168.0,85.92150418675946,-71.96169723647402,243.80470560999294
2017-01-05 02:00:00,159.0,85.7426651299891,-72.14124073953646,243.62657099951468
2017-01-05 03:00:00,168.0,85.57207117186223,-72.31247568372734,243.4566180274518
2017-01-05 04:00:00,175.0,85.4093421848336,-72.475787913647,243.2944722833142
2017-01-05 05:00:00,256.0,85.25411556655166,-72.63154523362098,243.1397763667243
2017-01-05 06:00:00,336.0,85.10604543188656,-72.78009826208519,242.99218912585832
2017-01-05 07:00:00,284.0,84.9648018422084,-72.92178124453736,242.85138492895416
2017-01-05 08:00:00,275.0,84.83007007019852,-73.05691282714953,242.71705296754658
2017-01-05 09:00:00,271.0,84.70154989855543,-73.18579679302282,242.5888965901337
2017-01-05 10:00:00,276.0,84.57895495103288,-73.30872276295942,242.4666326650252
2017-01-05 11:00:00,267.0,84.46201205431943,-73.42596686252675,242.3499909711656
2017-01-05 12:00:00,249.0,84.3504606293374,-73.53779235709338,242.23871361576818
2017-01-05 13:00:00,239.0,84.24405211060532,-73.64445025642921,242.13255447763987
2017-01-05 14:00:00,223.0,84.14254939236949,-73.7461798903766,242.03127867511557
2017-01-05 15:00:00,206.0,84.04572630027097,-73.84320945702198,241.9346620575639
2017-01-05 16:00:00,162.0,83.9533670873705,-73.93575654472174,241.84249071946272
2017-01-05 17:00:00,184.0,83.86526595340844,-74.02402862926685,241.75456053608372
2017-01-05 18:00:00,183.0,83.7812265862284,-74.10822354740407,241.67067671986086
2017-01-05 19:00:00,191.0,83.70106172434295,-74.18852994786802,241.59065339655393
2017-01-05 20:00:00,219.0,83.62459273966643,-74.26512772102173,241.5143132003546
2017-01-05 21:00:00,199.0,83.55164923948536,-74.33818840814445,241.44148688711516
2017-01-05 22:00:00,180.0,83.48206868677926,-74.40787559135472,241.37201296491324
2017-01-05 23:00:00,184.0,83.4156960380461,-74.47434526510614,241.30573734119832
2017-01-06 00:00:00,184.0,83.35238339782514,-74.5377461901456,241.24251298579588
2017-01-06 01:00:00,184.0,83.2919896891476,-74.59822023078011,241.18219960907533
2017-01-06 02:00:00,176.0,83.23438033918052,-74.65590267625475,241.1246633546158
2017-01-06 03:00:00,159.0,83.17942697936371,-74.71092254700525,241.06977650573268
2017-01-06 04:00:00,158.0,83.12700715937127,-74.7634028865101,241.01741720525263
2017-01-06 05:00:00,171.0,83.07700407426054,-74.81346103943164,240.96746918795273
2017-01-06 06:00:00,169.0,83.02930630420047,-74.86120891670123,240.91982152510218
2017-01-06 07:00:00,177.0,82.98380756619927,-74.90675324817134,240.87436838056988
2017-01-06 08:00:00,170.0,82.94040647727849,-74.95019582342681,240.83100877798378
2017-01-06 09:00:00,175.0,82.89900632856532,-74.99163372131878,240.78964637844942
2017-01-06 10:00:00,211.0,82.8595148698003,-75.03115952875645,240.75018926835702
2017-01-06 11:00:00,216.0,82.82184410377977,-75.06886154926718,240.71254975682672
2017-01-06 12:00:00,193.0,82.78591009027528,-75.10482400180877,240.67664418235933
2017-01-06 13:00:00,188.0,82.75163275899308,-75.13912721029578,240.64239272828195
2017-01-06 14:00:00,200.0,82.71893573115666,-75.17184778427891,240.60971924659225
2017-01-06 15:00:00,214.0,82.68774614931515,-75.20305879119461,240.57855108982488
2017-01-06 16:00:00,215.0,82.65799451499794,-75.23282992058316,240.54881895057903
2017-01-06 17:00:00,221.0,82.62961453385415,-75.26122764065315,240.52045670836145
2017-01-06 18:00:00,211.0,82.6025429679316,-75.28831534755317,240.49340128341635
2017-01-06 19:00:00,217.0,82.57671949476627,-75.31415350769292,240.46759249722544
2017-01-06 20:00:00,220.0,82.55208657296825,-75.33879979344121,240.4429729393777
2017-01-06 21:00:00,235.0,82.52858931400455,-75.36230921251108,240.41948784052016
2017-01-06 22:00:00,239.0,82.50617535989332,-75.38473423132845,240.3970849511151
2017-01-06 23:00:00,235.0,82.48479476653657,-75.40612489266667,240.3757144257398
2017-01-07 00:00:00,241.0,82.46439989243191,-75.42652892781447,240.3553287126783
2017-01-07 01:00:00,239.0,82.44494529251483,-75.44599186353483,240.3358824485645
2017-01-07 02:00:00,224.0,82.42638761689541,-75.46455712405644,240.31733235784725
2017-01-07 03:00:00,208.0,82.40868551426344,-75.4822661283318,240.2996371568587
2017-01-07 04:00:00,206.0,82.39179953974707,-75.4991583827817,240.28275746227584
2017-01-07 05:00:00,200.0,82.37569206701936,-75.51527156973764,240.26665570377634
2017-01-07 06:00:00,181.0,82.3603272044571,-75.53064163178233,240.25129604069656
2017-01-07 07:00:00,173.0,82.34567071516497,-75.54530285218016,240.2366442825101
2017-01-07 08:00:00,166.0,82.33168994068683,-75.55928793157938,240.22266781295303
2017-01-07 09:00:00,154.0,82.31835372823426,-75.57262806115963,240.20933551762815
2017-01-07 10:00:00,142.0,82.30563236127007,-75.58535299239115,240.19661771493128
2017-01-07 11:00:00,167.0,82.29349749329215,-75.59749110356218,240.1844860901465
2017-01-07 12:00:00,196.0,82.28192208467009,-75.60906946322599,240.17291363256618
2017-01-07 13:00:00,184.0,82.27088034239391,-75.62011389070993,240.16187457549773
2017-01-07 14:00:00,156.0,82.26034766260054,-75.63064901382381,240.1513443390249
2017-01-07 15:00:00,115.0,82.25030057575003,-75.64069832389708,240.14129947539715
2017-01-07 16:00:00,99.0,82.24071669432935,-75.65028422826954,240.13171761692826
2017-01-07 17:00:00,95.0,82.2315746629672,-75.6594281003531,240.1225774262875
2017-01-07 18:00:00,102.0,82.2228541108487,-75.66815032737831,240.1138585490757
2017-01-07 19:00:00,96.0,82.21453560632395,-75.67647035593185,240.10554156857975
2017-01-07 20:00:00,100.0,82.20660061360927,-75.68440673538866,240.09760796260719
2017-01-07 21:00:00,111.0,82.19903145148466,-75.69197715933574,240.09004006230504
2017-01-07 22:00:00,93.0,82.19181125389551,-75.69919850508063,240.08282101287165
2017-01-07 23:00:00,78.0,82.18492393237058,-75.70608687133382,240.075934736075
2017-01-08 00:00:00,66.0,82.17835414017279,-75.71265761414932,240.0693658944949
2017-01-08 01:00:00,66.0,82.17208723810266,-75.71892538120419,240.0630998574095
2017-01-08 02:00:00,22.0,82.16610926187845,-75.72490414449412,240.057122668251
2017-01-08 03:00:00,23.0,82.16040689102,-75.7306072315183,240.0514210135583
2017-01-08 04:00:00,19.0,82.1549674191674,-75.73604735502343,240.04598219335824
2017-01-08 05:00:00,24.0,82.1497787257678,-75.74123664137385,240.04079409290944
2017-01-08 06:00:00,16.0,82.14482924906774,-75.74618665761083,240.0358451557463
2017-01-08 07:00:00,15.0,82.14010796035058,-75.7509084372627,240.03112435796385
2017-01-08 08:00:00,18.0,82.13560433936158,-75.75541250496235,240.0266211836855
2017-01-08 09:00:00,20.0,82.13130835086618,-75.75970889992807,240.02232560166044
2017-01-08 10:00:00,15.0,82.12721042228875,-75.76380719836038,240.0182280429379
2017-01-08 11:00:00,22.0,82.12330142238253,-75.76771653480449,240.01431937956954
2017-01-08 12:00:00,18.0,82.11957264088277,-75.77144562252631,240.01059090429186
2017-01-08 13:00:00,28.0,82.11601576909803,-75.77500277294823,240.00703431114428
2017-01-08 14:00:00,22.0,82.11262288139629,-75.7783959141871,240.00364167697967
2017-01-08 15:00:00,17.0,82.10938641754453,-75.78163260873703,240.00040544382608
2017-01-08 16:00:00,14.0,82.10629916586261,-75.78472007033547,239.99731840206067
2017-01-08 17:00:00,13.0,82.10335424715377,-75.78766518005129,239.99437367435883
2017-01-08 18:00:00,14.0,82.10054509937603,-75.79047450162983,239.9915647003819
2017-01-08 19:00:00,15.0,82.09786546302017,-75.79315429613028,239.9888852221706
2017-01-08 20:00:00,21.0,82.09530936716203,-75.79571053588714,239.9863292702112
2017-01-08 21:00:00,15.0,82.09287111615764,-75.79814891782762,239.98389115014288
2017-01-08 22:00:00,13.0,82.09054527695194,-75.80047487617453,239.98156543007843
2017-01-08 23:00:00,10.0,82.0883266669725,-75.80269359456278,239.9793469285078
2017-01-09 00:00:00,10.0,82.08621034258135,-75.8048100175971,239.9772307027598
2017-01-09 01:00:00,8.0,82.08419158805934,-75.80682886187638,239.97521203799505
2017-01-09 02:00:00,9.0,82.08226590509828,-75.80875462650927,239.97328643670585
2017-01-09 03:00:00,11.0,82.0804290027775,-75.81059160314474,239.97144960869974
2017-01-09 04:00:00,6.0,82.07867678800265,-75.81234388553993,239.96969746154525
2017-01-09 05:00:00,6.0,82.07700535638516,-75.81401537868645,239.96802609145675
2017-01-09 06:00:00,10.0,82.07541098354224,-75.81560980751573,239.9664317746002
2017-01-09 07:00:00,11.0,82.07389011679805,-75.81713072520296,239.96491095879907
2017-01-09 08:00:00,9.0,82.07243936726739,-75.81858152108767,239.96346025562246
2017-01-09 09:00:00,16.0,82.07105550230436,-75.81996542822908,239.96207643283782
2017-01-09 10:00:00,13.0,82.06973543829922,-75.82128553061311,239.96075640721153
2017-01-09 11:00:00,12.0,82.06847623380727,-75.82254477002675,239.9594972376413
2017-01-09 12:00:00,17.0,82.06727508299464,-75.82374595261525,239.95829611860455
2017-01-09 13:00:00,7.0,82.06612930938604,-75.82489175513732,239.9571503739094
2017-01-09 14:00:00,15.0,82.06503635990097,-75.82598473093128,239.95605745073323
2017-01-09 15:00:00,17.0,82.06399379916475,-75.82702731560646,239.95501491393594
2017-01-09 16:00:00,34.0,82.0629993040819,-75.82802183247185,239.95402044063565
2017-01-09 17:00:00,37.0,82.06205065865966,-75.8289704977144,239.9530718150337
2017-01-09 18:00:00,50.0,82.06114574907022,-75.82987542533868,239.95216692347913
2017-01-09 19:00:00,62.0,82.06028255894053,-75.83073863187865,239.9513037497597
2017-01-09 20:00:00,87.0,82.05945916485926,-75.83156204089191,239.95048037061042
2017-01-09 21:00:00,114.0,82.05867373209108,-75.832347487247,239.94969495142917
2017-01-09 22:00:00,127.0,82.05792451048822,-75.83309672121285,239.9489457421893
2017-01-09 23:00:00,120.0,82.0572098305908,-75.83381141235958,239.9482310735412
2017-01-10 00:00:00,51.0,82.05652809990683,-75.8344931532795,239.94754935309317
2017-01-10 01:00:00,70.0,82.05587779936367,-75.83514346313653,239.94689906186386
2017-01-10 02:00:00,19.0,82.0552574799232,-75.8357637910519,239.9462787508983
2017-01-10 03:00:00,7.0,82.05466575935297,-75.83635551933357,239.94568703803952
2017-01-10 04:00:00,5.0,82.0541013191462,-75.83691996655715,239.94512260484953
2017-01-10 05:00:00,10.0,82.05356290158385,-75.83745839050421,239.94458419367191
2017-01-10 06:00:00,10.0,82.05304930693208,-75.83797199096554,239.9440706048297
2017-01-10 07:00:00,11.0,82.0525593907689,-75.83846191241496,239.94358069395275
2017-01-10 08:00:00,8.0,82.05209206143415,-75.83892924655974,239.94311336942803
2017-01-10 09:00:00,3.0,82.05164627759699,-75.83937503477362,239.94266758996758
2017-01-10 10:00:00,6.0,82.05122104593549,-75.83980027041763,239.9422423622886
2017-01-10 11:00:00,3.0,82.05081541892332,-75.84020590105351,239.94183673890015
2017-01-10 12:00:00,3.0,82.0504284927184,-75.84059283055575,239.94144981599254
2017-01-10 13:00:00,3.0,82.05005940514887,-75.84096192112553,239.94108073142326
2017-01-10 14:00:00,3.0,82.04970733379199,-75.84131399521243,239.9407286627964
2017-01-10 15:00:00,3.0,82.04937149414151,-75.84164983734702,239.94039282563006
2017-01-10 16:00:00,5.0,82.0490511378597,-75.84197019588912,239.94007247160852
2017-01-10 17:00:00,7.0,82.04874555110975,-75.84227578469579,239.93976688691527
2017-01-10 18:00:00,8.0,82.04845405296517,-75.84256728471179,239.93947539064214
2017-01-10 19:00:00,13.0,82.04817599389257,-75.84284534548725,239.93919733327238
2017-01-10 20:00:00,81.0,82.04791075430428,-75.843110586625,239.93893209523355
2017-01-10 21:00:00,91.0,82.04765774317778,-75.84336359916136,239.93867908551692
2017-01-10 22:00:00,84.0,82.04741639673868,-75.84360494688333,239.9384377403607
2017-01-10 23:00:00,87.0,82.04718617720461,-75.84383516758471,239.93820752199395
2017-01-11 00:00:00,91.0,82.04696657158676,-75.84405477426473,239.93798791743825
2017-01-11 01:00:00,94.0,82.04675709054693,-75.84426425627102,239.9377784373649
2017-01-11 02:00:00,97.0,82.04655726730707,-75.84446408039034,239.93757861500447
2017-01-11 03:00:00,112.0,82.04636665660922,-75.84465469188837,239.9373880051068
2017-01-11 04:00:00,98.0,82.04618483372336,-75.84483651550237,239.93720618294907
2017-01-11 05:00:00,68.0,82.04601139350098,-75.84500995638726,239.9370327433892
2017-01-11 06:00:00,60.0,82.04584594947231,-75.84517540101878,239.9368672999634
2017-01-11 07:00:00,33.0,82.04568813298519,-75.84533321805444,239.93670948402482
2017-01-11 08:00:00,28.0,82.0455375923836,-75.84548375915517,239.93655894392236
2017-01-11 09:00:00,20.0,82.04539399222405,-75.84562735976887,239.93641534421698
2017-01-11 10:00:00,32.0,82.04525701252818,-75.84576433987799,239.93627836493437
2017-01-11 11:00:00,3.0,82.04512634806974,-75.84589500471245,239.93614770085193
2017-01-11 12:00:00,3.0,82.04500170769447,-75.84601964542986,239.9360230608188
2017-01-11 13:00:00,39.0,82.04488281367128,-75.84613853976438,239.93590416710694
2017-01-11 14:00:00,37.0,82.04476940107351,-75.84625195264546,239.9357907547925
2017-01-11 15:00:00,46.0,82.04466121718848,-75.84636013678825,239.93568257116522
2017-01-11 16:00:00,50.0,82.04455802095447,-75.84646333325682,239.93557937516576
2017-01-11 17:00:00,66.0,82.04445958242353,-75.84656177200115,239.9354809368482
2017-01-11 18:00:00,58.0,82.0443656822491,-75.84665567236979,239.93538703686798
2017-01-11 19:00:00,38.0,82.04427611119725,-75.84674524359833,239.93529746599285
2017-01-11 20:00:00,36.0,82.04419066968049,-75.84683068527588,239.93521202463685
2017-01-11 21:00:00,31.0,82.04410916731297,-75.84691218778968,239.93513052241562
2017-01-11 22:00:00,22.0,82.04403142248628,-75.84698993274952,239.9350527777221
2017-01-11 23:00:00,22.0,82.04395726196482,-75.84706409339209,239.93497861732175
2017-01-12 00:00:00,31.0,82.04388652049973,-75.8471348349674,239.93490787596687
2017-01-12 01:00:00,26.0,82.04381904046066,-75.84720231510674,239.93484039602805
2017-01-12 02:00:00,23.0,82.04375467148465,-75.84726668417404,239.93477602714336
2017-01-12 03:00:00,26.0,82.0436932701409,-75.84732808560081,239.93471462588263
2017-01-12 04:00:00,31.0,82.04363469961133,-75.84738665620596,239.9346560554286
2017-01-12 05:00:00,32.0,82.04357882938561,-75.8474425265004,239.93460018527162
2017-01-12 06:00:00,22.0,82.0435255349704,-75.84749582097817,239.93454689091897
2017-01-12 07:00:00,19.0,82.04347469761193,-75.84754665839354,239.9344960536174
2017-01-12 08:00:00,16.0,82.04342620403139,-75.84759515202586,239.93444756008864
2017-01-12 09:00:00,26.0,82.04337994617254,-75.84764140993184,239.9344013022769
2017-01-12 10:00:00,27.0,82.04333582096085,-75.84768553518641,239.9343571771081
2017-01-12 11:00:00,20.0,82.04329373007394,-75.84772762611234,239.93431508626023
2017-01-12 12:00:00,25.0,82.04325357972239,-75.84776777649942,239.9342749359442
2017-01-12 13:00:00,45.0,82.04321528044082,-75.84780607581328,239.93423663669492
2017-01-12 14:00:00,84.0,82.04317874688851,-75.847842609395,239.93420010317203
2017-01-12 15:00:00,80.0,82.04314389765923,-75.847877458651,239.93416525396947
2017-01-12 16:00:00,94.0,82.04311065509988,-75.84791070123471,239.93413201143449
2017-01-12 17:00:00,97.0,82.0430789451374,-75.84794241121936,239.93410030149414
2017-01-12 18:00:00,93.0,82.04304869711379,-75.84797265926309,239.93407005349067
2017-01-12 19:00:00,121.0,82.04301984362863,-75.84800151276659,239.93404120002384
2017-01-12 20:00:00,108.0,82.04299232038885,-75.84802903602305,239.93401367680076
2017-01-12 21:00:00,33.0,82.04296606606556,-75.84805529036154,239.93398742249266
2017-01-12 22:00:00,19.0,82.04294102215731,-75.84808033428358,239.9339623785982
2017-01-12 23:00:00,15.0,82.04291713285978,-75.8481042235937,239.93393848931328
2017-01-13 00:00:00,5.0,82.04289434494146,-75.84812701152345,239.93391570140636
2017-01-13 01:00:00,20.0,82.04287260762493,-75.8481487488504,239.93389396410026
2017-01-13 02:00:00,9.0,82.04285187247382,-75.84816948401098,239.93387322895862
2017-01-13 03:00:00,14.0,82.04283209328484,-75.84818926320857,239.93385344977827
2017-01-13 04:00:00,8.0,82.04281322598484,-75.84820813051641,239.9338345824861
2017-01-13 05:00:00,10.0,82.04279522853258,-75.8482261279758,239.93381658504097
2017-01-13 06:00:00,13.0,82.04277806082507,-75.8482432956898,239.93379941733994
2017-01-13 07:00:00,17.0,82.04276168460822,-75.84825967191256,239.933783041129
2017-01-13 08:00:00,22.0,82.04274606339156,-75.84827529313459,239.93376741991773
2017-01-13 09:00:00,8.0,82.04273116236699,-75.84829019416408,239.93375251889807
2017-01-13 10:00:00,8.0,82.04271694833115,-75.84830440820433,239.9337383048666
2017-01-13 11:00:00,20.0,82.0427033896115,-75.84831796692804,239.93372474615103
2017-01-13 12:00:00,13.0,82.04269045599568,-75.84833090054755,239.93371181253892
2017-01-13 13:00:00,7.0,82.04267811866426,-75.8483432378823,239.9336994752108
2017-01-13 14:00:00,15.0,82.04266635012645,-75.84835500642315,239.93368770667604
2017-01-13 15:00:00,9.0,82.04265512415891,-75.84836623239347,239.9336764807113
2017-01-13 16:00:00,15.0,82.04264441574728,-75.84837694080764,239.9336657723022
2017-01-13 17:00:00,17.0,82.04263420103044,-75.84838715552678,239.93365555758766
2017-01-13 18:00:00,18.0,82.04262445724734,-75.84839689931195,239.93364581380663
2017-01-13 19:00:00,16.0,82.04261516268633,-75.8484061938749,239.93363651924756
2017-01-13 20:00:00,21.0,82.04260629663669,-75.84841505992627,239.93362765319966
2017-01-13 21:00:00,18.0,82.0425978393426,-75.84842351722192,239.9336191959071
2017-01-13 22:00:00,15.0,82.042589771959,-75.84843158460697,239.93361112852497
2017-01-13 23:00:00,22.0,82.04258207650966,-75.84843928005762,239.93360343307694
2017-01-14 00:00:00,17.0,82.04257473584714,-75.8484466207213,239.9335960924156
2017-01-14 01:00:00,18.0,82.04256773361452,-75.848453622955,239.93358909018406
2017-01-14 02:00:00,17.0,82.04256105420903,-75.84846030236146,239.93358241077954
2017-01-14 03:00:00,13.0,82.04255468274722,-75.84846667382418,239.9335760393186
2017-01-14 04:00:00,21.0,82.04254860503184,-75.84847275154038,239.93356996160406
2017-01-14 05:00:00,18.0,82.04254280752012,-75.84847854905281,239.93356416409307
2017-01-14 06:00:00,11.0,82.04253727729375,-75.84848407927987,239.93355863386736
2017-01-14 07:00:00,9.0,82.04253200202992,-75.84848935454436,239.93355335860417
2017-01-14 08:00:00,24.0,82.04252696997398,-75.84849438660083,239.9335483265488
2017-01-14 09:00:00,19.0,82.04252216991321,-75.84849918666211,239.93354352648853
2017-01-14 10:00:00,27.0,82.04251759115184,-75.84850376542391,239.93353894772758
2017-01-14 11:00:00,31.0,82.04251322348719,-75.84850813308901,239.9335345800634
2017-01-14 12:00:00,18.0,82.04250905718698,-75.8485122993896,239.93353041376355
2017-01-14 13:00:00,12.0,82.04250508296761,-75.84851627360933,239.93352643954455
2017-01-14 14:00:00,8.0,82.04250129197348,-75.84852006460375,239.9335226485507
2017-01-14 15:00:00,11.0,82.04249767575729,-75.84852368082025,239.93351903233483
2017-01-14 16:00:00,18.0,82.04249422626117,-75.84852713031663,239.93351558283896
2017-01-14 17:00:00,24.0,82.04249093579874,-75.84853042077928,239.93351229237675
2017-01-14 18:00:00,31.0,82.04248779703799,-75.84853355954026,239.93350915361623
2017-01-14 19:00:00,38.0,82.04248480298497,-75.84853655359348,239.93350615956342
2017-01-14 20:00:00,41.0,82.04248194696815,-75.84853940961047,239.9335033035468
2017-01-14 21:00:00,44.0,82.04247922262357,-75.84854213395522,239.93350057920236
2017-01-14 22:00:00,37.0,82.04247662388069,-75.84854473269824,239.9334979804596
2017-01-14 23:00:00,31.0,82.04247414494884,-75.84854721163023,239.93349550152791
2017-01-15 00:00:00,37.0,82.04247178030431,-75.84854957627488,239.9334931368835
2017-01-15 01:00:00,32.0,82.04246952467807,-75.84855183190123,239.93349088125737
2017-01-15 02:00:00,48.0,82.042467373044,-75.84855398353541,239.93348872962343
2017-01-15 03:00:00,35.0,82.04246532060769,-75.84855603597181,239.9334866771872
2017-01-15 04:00:00,35.0,82.0424633627958,-75.84855799378379,239.93348471937537
2017-01-15 05:00:00,42.0,82.04246149524579,-75.84855986133388,239.93348285182546
2017-01-15 06:00:00,22.0,82.04245971379629,-75.84856164278347,239.93348107037605
2017-01-15 07:00:00,26.0,82.04245801447779,-75.84856334210203,239.93347937105762
2017-01-15 08:00:00,17.0,82.04245639350373,-75.84856496307614,239.9334777500836
2017-01-15 09:00:00,23.0,82.04245484726218,-75.84856650931772,239.93347620384208
2017-01-15 10:00:00,22.0,82.0424533723077,-75.84856798427225,239.93347472888766
2017-01-15 11:00:00,34.0,82.04245196535373,-75.84856939122625,239.93347332193372
2017-01-15 12:00:00,48.0,82.0424506232652,-75.84857073331484,239.93347197984525
2017-01-15 13:00:00,49.0,82.04244934305159,-75.84857201352848,239.93347069963164
2017-01-15 14:00:00,48.0,82.04244812186025,-75.84857323471985,239.93346947844034
2017-01-15 15:00:00,53.0,82.04244695697005,-75.84857439961007,239.93346831355018
2017-01-15 16:00:00,57.0,82.04244584578532,-75.84857551079486,239.9334672023655
2017-01-15 17:00:00,76.0,82.04244478583004,-75.84857657075014,239.93346614241023
2017-01-15 18:00:00,81.0,82.04244377474237,-75.84857758183784,239.93346513132258
2017-01-15 19:00:00,76.0,82.04244281026934,-75.8485785463109,239.93346416684957
2017-01-15 20:00:00,72.0,82.04244189026184,-75.84857946631843,239.9334632468421
2017-01-15 21:00:00,72.0,82.04244101266987,-75.8485803439104,239.93346236925015
2017-01-15 22:00:00,74.0,82.04244017553792,-75.84858118104238,239.9334615321182
2017-01-15 23:00:00,85.0,82.04243937700065,-75.84858197957965,239.93346073358094
2017-01-16 00:00:00,86.0,82.0424386152787,-75.8485827413016,239.933459971859
2017-01-16 01:00:00,92.0,82.04243788867477,-75.84858346790556,239.9334592452551
2017-01-16 02:00:00,94.0,82.04243719556979,-75.84858416101054,239.9334585521501
2017-01-16 03:00:00,93.0,82.04243653441935,-75.848584822161,239.9334578909997
2017-01-16 04:00:00,97.0,82.04243590375023,-75.84858545283012,239.93345726033058
2017-01-16 05:00:00,97.0,82.04243530215713,-75.84858605442322,239.9334566587375
2017-01-16 06:00:00,89.0,82.04243472829957,-75.84858662828081,239.93345608487994
2017-01-16 07:00:00,90.0,82.04243418089881,-75.84858717568157,239.93345553747918
2017-01-16 08:00:00,87.0,82.04243365873512,-75.84858769784526,239.9334550153155
2017-01-16 09:00:00,89.0,82.04243316064498,-75.8485881959354,239.93345451722536
2017-01-16 10:00:00,66.0,82.04243268551852,-75.84858867106186,239.9334540420989
2017-01-16 11:00:00,60.0,82.04243223229703,-75.84858912428335,239.9334535888774
2017-01-16 12:00:00,72.0,82.04243179997061,-75.84858955660977,239.933453156551
2017-01-16 13:00:00,71.0,82.04243138757595,-75.84858996900444,239.93345274415634
2017-01-16 14:00:00,79.0,82.04243099419409,-75.84859036238629,239.93345235077447
2017-01-16 15:00:00,96.0,82.0424306189485,-75.84859073763188,239.9334519755289
2017-01-16 16:00:00,116.0,82.04243026100303,-75.84859109557735,239.93345161758342
2017-01-16 17:00:00,122.0,82.04242991956009,-75.84859143702029,239.9334512761405
2017-01-16 18:00:00,128.0,82.04242959385884,-75.84859176272154,239.93345095043924
2017-01-16 19:00:00,120.0,82.04242928317355,-75.84859207340683,239.93345063975391
2017-01-16 20:00:00,125.0,82.04242898681193,-75.84859236976845,239.9334503433923
2017-01-16 21:00:00,138.0,82.04242870411359,-75.84859265246679,239.93345006069399
2017-01-16 22:00:00,138.0,82.04242843444862,-75.84859292213176,239.933449791029
2017-01-16 23:00:00,120.0,82.04242817721615,-75.84859317936423,239.93344953379653
2017-01-17 00:00:00,127.0,82.04242793184298,-75.8485934247374,239.93344928842336
2017-01-17 01:00:00,141.0,82.04242769778237,-75.84859365879801,239.93344905436277
2017-01-17 02:00:00,146.0,82.04242747451275,-75.84859388206763,239.93344883109313
2017-01-17 03:00:00,133.0,82.04242726153664,-75.84859409504374,239.93344861811704
2017-01-17 04:00:00,141.0,82.04242705837946,-75.84859429820092,239.93344841495986
2017-01-17 05:00:00,131.0,82.04242686458853,-75.84859449199185,239.93344822116893
2017-01-17 06:00:00,120.0,82.04242667973203,-75.84859467684835,239.93344803631243
2017-01-17 07:00:00,111.0,82.04242650339806,-75.84859485318232,239.93344785997846
2017-01-17 08:00:00,138.0,82.04242633519368,-75.8485950213867,239.93344769177406
2017-01-17 09:00:00,155.0,82.04242617474412,-75.84859518183626,239.9334475313245
2017-01-17 10:00:00,167.0,82.04242602169184,-75.84859533488854,239.9334473782722
2017-01-17 11:00:00,157.0,82.04242587569578,-75.8485954808846,239.93344723227617
2017-01-17 12:00:00,158.0,82.04242573643066,-75.84859562014972,239.93344709301104
2017-01-17 13:00:00,154.0,82.04242560358614,-75.84859575299424,239.93344696016652
2017-01-17 14:00:00,145.0,82.04242547686621,-75.84859587971417,239.9334468334466
2017-01-17 15:00:00,137.0,82.04242535598851,-75.84859600059187,239.9334467125689
2017-01-17 16:00:00,123.0,82.04242524068368,-75.8485961158967,239.93344659726407
2017-01-17 17:00:00,155.0,82.04242513069481,-75.84859622588557,239.9334464872752
2017-01-17 18:00:00,169.0,82.04242502577681,-75.84859633080357,239.9334463823572
2017-01-17 19:00:00,165.0,82.04242492569588,-75.8485964308845,239.93344628227626
2017-01-17 20:00:00,167.0,82.04242483022904,-75.84859652635134,239.93344618680942
2017-01-17 21:00:00,170.0,82.04242473916355,-75.84859661741683,239.93344609574393
2017-01-17 22:00:00,171.0,82.04242465229649,-75.84859670428389,239.93344600887687
2017-01-17 23:00:00,172.0,82.04242456943429,-75.84859678714609,239.93344592601466
2017-01-18 00:00:00,73.0,82.04242449039234,-75.84859686618805,239.93344584697272
2017-01-18 01:00:00,25.0,82.04242441499449,-75.8485969415859,239.93344577157487
2017-01-18 02:00:00,66.0,82.04242434307274,-75.84859701350764,239.93344569965313
2017-01-18 03:00:00,57.0,82.04242427446684,-75.84859708211354,239.93344563104722
2017-01-18 04:00:00,44.0,82.0424242090239,-75.84859714755648,239.9334455656043
2017-01-18 05:00:00,34.0,82.04242414659811,-75.84859720998227,239.9334455031785
2017-01-18 06:00:00,33.0,82.04242408705036,-75.84859726953002,239.93344544363075
2017-01-18 07:00:00,31.0,82.04242403024797,-75.84859732633241,239.93344538682834
2017-01-18 08:00:00,25.0,82.04242397606437,-75.84859738051601,239.93344533264474
2017-01-18 09:00:00,21.0,82.04242392437882,-75.84859743220156,239.9334452809592
2017-01-18 10:00:00,22.0,82.04242387507615,-75.84859748150423,239.93344523165655
2017-01-18 11:00:00,26.0,82.04242382804651,-75.84859752853387,239.9334451846269
2017-01-18 12:00:00,22.0,82.0424237831851,-75.84859757339528,239.93344513976547
2017-01-18 13:00:00,21.0,82.04242374039194,-75.84859761618844,239.93344509697232
2017-01-18 14:00:00,20.0,82.04242369957171,-75.84859765700867,239.9334450561521
2017-01-18 15:00:00,35.0,82.04242366063342,-75.84859769594696,239.93344501721378
2017-01-18 16:00:00,49.0,82.04242362349034,-75.84859773309005,239.9334449800707
2017-01-18 17:00:00,57.0,82.04242358805966,-75.84859776852072,239.93344494464003
2017-01-18 18:00:00,50.0,82.04242355426247,-75.84859780231791,239.93344491084287
2017-01-18 19:00:00,46.0,82.04242352202344,-75.84859783455694,239.93344487860384
2017-01-18 20:00:00,43.0,82.04242349127075,-75.84859786530963,239.93344484785115
2017-01-18 21:00:00,50.0,82.04242346193585,-75.84859789464453,239.93344481851625
2017-01-18 22:00:00,55.0,82.0424234339534,-75.84859792262698,239.93344479053377
2017-01-18 23:00:00,54.0,82.04242340726104,-75.84859794931934,239.9334447638414
2017-01-19 00:00:00,64.0,82.0424233817993,-75.84859797478109,239.93344473837968
2017-01-19 01:00:00,76.0,82.04242335751142,-75.84859799906896,239.93344471409182
2017-01-19 02:00:00,87.0,82.0424233343433,-75.84859802223708,239.9334446909237
2017-01-19 03:00:00,96.0,82.0424233122433,-75.84859804433708,239.93344466882368
2017-01-19 04:00:00,112.0,82.0424232911622,-75.84859806541819,239.9334446477426
2017-01-19 05:00:00,126.0,82.04242327105301,-75.84859808552737,239.93344462763338
2017-01-19 06:00:00,104.0,82.04242325187091,-75.84859810470947,239.93344460845128
2017-01-19 07:00:00,109.0,82.04242323357319,-75.84859812300719,239.93344459015356
2017-01-19 08:00:00,111.0,82.04242321611905,-75.84859814046133,239.93344457269944
2017-01-19 09:00:00,103.0,82.0424231994696,-75.84859815711079,239.93344455604998
2017-01-19 10:00:00,34.0,82.04242318358776,-75.84859817299262,239.93344454016813
2017-01-19 11:00:00,12.0,82.0424231684381,-75.84859818814228,239.9334445250185
2017-01-19 12:00:00,12.0,82.04242315398692,-75.84859820259346,239.9334445105673
2017-01-19 13:00:00,12.0,82.04242314020199,-75.84859821637839,239.93344449678239
2017-01-19 14:00:00,9.0,82.04242312705257,-75.84859822952781,239.93344448363297
2017-01-19 15:00:00,9.0,82.0424231145094,-75.84859824207098,239.93344447108979
2017-01-19 16:00:00,9.0,82.04242310254452,-75.84859825403586,239.9334444591249
2017-01-19 17:00:00,10.0,82.04242309113125,-75.84859826544913,239.93344444771162
2017-01-19 18:00:00,12.0,82.04242308024418,-75.8485982763362,239.93344443682457
2017-01-19 19:00:00,11.0,82.04242306985903,-75.84859828672136,239.9334444264394
2017-01-19 20:00:00,11.0,82.04242305995268,-75.8485982966277,239.93344441653306
2017-01-19 21:00:00,11.0,82.04242305050305,-75.84859830607733,239.9334444070834
2017-01-19 22:00:00,14.0,82.04242304148907,-75.84859831509131,239.93344439806947
2017-01-19 23:00:00,8.0,82.04242303289067,-75.84859832368971,239.93344438947105
2017-01-20 00:00:00,10.0,82.04242302468869,-75.8485983318917,239.93344438126906
2017-01-20 01:00:00,8.0,82.04242301686484,-75.84859833971554,239.93344437344524
2017-01-20 02:00:00,8.0,82.0424230094017,-75.84859834717868,239.9334443659821
2017-01-20 03:00:00,8.0,82.04242300228265,-75.84859835429774,239.93344435886303
2017-01-20 04:00:00,5.0,82.04242299549179,-75.84859836108859,239.93344435207217
2017-01-20 05:00:00,7.0,82.04242298901403,-75.84859836756635,239.9334443455944
2017-01-20 06:00:00,8.0,82.0424229828349,-75.84859837374547,239.9334443394153
2017-01-20 07:00:00,10.0,82.04242297694067,-75.84859837963971,239.93344433352104
2017-01-20 08:00:00,11.0,82.04242297131817,-75.8485983852622,239.93344432789854
2017-01-20 09:00:00,12.0,82.0424229659549,-75.84859839062548,239.93344432253528
2017-01-20 10:00:00,16.0,82.04242296083888,-75.8485983957415,239.93344431741926
2017-01-20 11:00:00,17.0,82.04242295595874,-75.84859840062164,239.9334443125391
2017-01-20 12:00:00,21.0,82.04242295130358,-75.8485984052768,239.93344430788397
2017-01-20 13:00:00,18.0,82.04242294686304,-75.84859840971734,239.93344430344342
2017-01-20 14:00:00,19.0,82.04242294262723,-75.84859841395316,239.93344429920762
2017-01-20 15:00:00,17.0,82.04242293858671,-75.84859841799367,239.93344429516708
2017-01-20 16:00:00,26.0,82.04242293473246,-75.84859842184792,239.93344429131284
2017-01-20 17:00:00,24.0,82.04242293105591,-75.84859842552447,239.9334442876363
2017-01-20 18:00:00,27.0,82.04242292754886,-75.84859842903153,239.93344428412922
2017-01-20 19:00:00,37.0,82.04242292420349,-75.84859843237689,239.93344428078387
2017-01-20 20:00:00,45.0,82.04242292101237,-75.84859843556801,239.93344427759274
2017-01-20 21:00:00,45.0,82.04242291796837,-75.84859843861202,239.93344427454875
2017-01-20 22:00:00,53.0,82.04242291506469,-75.84859844151569,239.93344427164507
2017-01-20 23:00:00,64.0,82.0424229122949,-75.84859844428549,239.9334442688753
2017-01-21 00:00:00,68.0,82.0424229096528,-75.84859844692758,239.93344426623318
2017-01-21 01:00:00,70.0,82.0424229071325,-75.84859844944788,239.9334442637129
2017-01-21 02:00:00,81.0,82.04242290472841,-75.84859845185197,239.9334442613088
2017-01-21 03:00:00,90.0,82.04242290243515,-75.84859845414523,239.93344425901552
2017-01-21 04:00:00,90.0,82.04242290024762,-75.84859845633277,239.933444256828
2017-01-21 05:00:00,69.0,82.04242289816094,-75.84859845841945,239.93344425474132
2017-01-21 06:00:00,32.0,82.04242289617045,-75.84859846040993,239.93344425275083
2017-01-21 07:00:00,11.0,82.04242289427175,-75.84859846230863,239.93344425085212
2017-01-21 08:00:00,5.0,82.04242289246058,-75.8485984641198,239.93344424904097
2017-01-21 09:00:00,6.0,82.04242289073291,-75.84859846584747,239.93344424731328
2017-01-21 10:00:00,7.0,82.04242288908489,-75.84859846749549,239.93344424566527
2017-01-21 11:00:00,7.0,82.04242288751284,-75.84859846906754,239.9334442440932
2017-01-21 12:00:00,11.0,82.04242288601328,-75.8485984705671,239.93344424259368
2017-01-21 13:00:00,6.0,82.04242288458285,-75.84859847199753,239.93344424116322
2017-01-21 14:00:00,5.0,82.04242288321838,-75.848598473362,239.93344423979875
2017-01-21 15:00:00,5.0,82.0424228819168,-75.84859847466358,239.9334442384972
2017-01-21 16:00:00,9.0,82.04242288067523,-75.84859847590515,239.93344423725563
2017-01-21 17:00:00,8.0,82.04242287949091,-75.84859847708947,239.9334442360713
2017-01-21 18:00:00,12.0,82.04242287836118,-75.8485984782192,239.93344423494156
2017-01-21 19:00:00,11.0,82.04242287728354,-75.84859847929684,239.93344423386392
2017-01-21 20:00:00,13.0,82.04242287625559,-75.8485984803248,239.93344423283597
2017-01-21 21:00:00,15.0,82.04242287527502,-75.84859848130536,239.9334442318554
2017-01-21 22:00:00,10.0,82.04242287433966,-75.84859848224072,239.93344423092003
2017-01-21 23:00:00,11.0,82.04242287344744,-75.84859848313295,239.93344423002782
2017-01-22 00:00:00,9.0,82.04242287259633,-75.84859848398405,239.9334442291767
2017-01-22 01:00:00,13.0,82.04242287178447,-75.84859848479591,239.93344422836486
2017-01-22 02:00:00,14.0,82.04242287101005,-75.84859848557034,239.93344422759043
2017-01-22 03:00:00,12.0,82.04242287027131,-75.84859848630907,239.9334442268517
2017-01-22 04:00:00,14.0,82.04242286956665,-75.84859848701373,239.93344422614703
2017-01-22 05:00:00,15.0,82.04242286889446,-75.84859848768592,239.93344422547483
2017-01-22 06:00:00,14.0,82.04242286825327,-75.84859848832711,239.93344422483364
2017-01-22 07:00:00,12.0,82.04242286764165,-75.84859848893873,239.93344422422203
2017-01-22 08:00:00,11.0,82.0424228670582,-75.84859848952217,239.9334442236386
2017-01-22 09:00:00,11.0,82.04242286650168,-75.8485984900787,239.93344422308206
2017-01-22 10:00:00,16.0,82.04242286597079,-75.84859849060959,239.93344422255117
2017-01-22 11:00:00,21.0,82.0424228654644,-75.84859849111598,239.93344422204478
2017-01-22 12:00:00,16.0,82.04242286498135,-75.84859849159903,239.93344422156173
2017-01-22 13:00:00,17.0,82.04242286452056,-75.84859849205982,239.93344422110096
2017-01-22 14:00:00,18.0,82.04242286408102,-75.84859849249936,239.93344422066139
2017-01-22 15:00:00,21.0,82.04242286366174,-75.84859849291864,239.9334442202421
2017-01-22 16:00:00,29.0,82.0424228632618,-75.84859849331858,239.9334442198422
2017-01-22 17:00:00,47.0,82.0424228628803,-75.84859849370008,239.93344421946068
2017-01-22 18:00:00,65.0,82.04242286251637,-75.848598494064,239.93344421909677
2017-01-22 19:00:00,72.0,82.04242286216923,-75.84859849441115,239.93344421874963
2017-01-22 20:00:00,46.0,82.0424228618381,-75.84859849474228,239.9334442184185
2017-01-22 21:00:00,30.0,82.04242286152224,-75.84859849505814,239.93344421810264
2017-01-22 22:00:00,31.0,82.04242286122093,-75.84859849535945,239.9334442178013
2017-01-22 23:00:00,26.0,82.04242286093351,-75.84859849564687,239.9334442175139
2017-01-23 00:00:00,24.0,82.04242286065934,-75.84859849592104,239.93344421723972
2017-01-23 01:00:00,22.0,82.04242286039782,-75.84859849618256,239.93344421697822
2017-01-23 02:00:00,20.0,82.04242286014836,-75.84859849643202,239.93344421672873
2017-01-23 03:00:00,17.0,82.04242285991039,-75.84859849667,239.93344421649078
2017-01-23 04:00:00,15.0,82.0424228596834,-75.84859849689698,239.93344421626378
2017-01-23 05:00:00,12.0,82.04242285946687,-75.84859849711351,239.93344421604723
2017-01-23 06:00:00,11.0,82.04242285926033,-75.84859849732005,239.93344421584072
2017-01-23 07:00:00,12.0,82.0424228590633,-75.84859849751709,239.93344421564368
2017-01-23 08:00:00,12.0,82.04242285887536,-75.84859849770503,239.93344421545572
2017-01-23 09:00:00,13.0,82.04242285869609,-75.8485984978843,239.93344421527647
2017-01-23 10:00:00,17.0,82.04242285852507,-75.84859849805531,239.93344421510545
2017-01-23 11:00:00,18.0,82.04242285836195,-75.84859849821844,239.9334442149423
2017-01-23 12:00:00,16.0,82.04242285820634,-75.84859849837405,239.93344421478673
2017-01-23 13:00:00,19.0,82.0424228580579,-75.84859849852248,239.93344421463829
2017-01-23 14:00:00,21.0,82.04242285791632,-75.84859849866406,239.93344421449672
2017-01-23 15:00:00,27.0,82.04242285778126,-75.84859849879912,239.93344421436166
2017-01-23 16:00:00,39.0,82.04242285765243,-75.84859849892796,239.9334442142328
2017-01-23 17:00:00,34.0,82.04242285752953,-75.84859849905085,239.9334442141099
2017-01-23 18:00:00,39.0,82.04242285741229,-75.84859849916809,239.9334442139927
2017-01-23 19:00:00,47.0,82.04242285730048,-75.8485984992799,239.93344421388088
2017-01-23 20:00:00,68.0,82.0424228571938,-75.84859849938658,239.93344421377418
2017-01-23 21:00:00,80.0,82.04242285709205,-75.84859849948833,239.93344421367243
2017-01-23 22:00:00,84.0,82.04242285699499,-75.84859849958539,239.93344421357537
2017-01-23 23:00:00,95.0,82.0424228569024,-75.84859849967798,239.9334442134828
2017-01-24 00:00:00,97.0,82.0424228568141,-75.84859849976628,239.93344421339447
2017-01-24 01:00:00,95.0,82.04242285672984,-75.84859849985054,239.93344421331022
2017-01-24 02:00:00,89.0,82.0424228566495,-75.84859849993089,239.93344421322988
2017-01-24 03:00:00,93.0,82.04242285657283,-75.84859850000755,239.93344421315322
2017-01-24 04:00:00,105.0,82.04242285649971,-75.84859850008067,239.9334442130801
2017-01-24 05:00:00,100.0,82.04242285642997,-75.84859850015042,239.93344421301035
2017-01-24 06:00:00,72.0,82.04242285636343,-75.84859850021695,239.9334442129438
2017-01-24 07:00:00,51.0,82.04242285629995,-75.84859850028043,239.93344421288032
2017-01-24 08:00:00,27.0,82.04242285623941,-75.84859850034097,239.93344421281978
2017-01-24 09:00:00,28.0,82.04242285618166,-75.84859850039872,239.93344421276203
2017-01-24 10:00:00,29.0,82.04242285612658,-75.8485985004538,239.93344421270695
2017-01-24 11:00:00,44.0,82.04242285607403,-75.84859850050636,239.93344421265442
2017-01-24 12:00:00,53.0,82.0424228560239,-75.84859850055648,239.9334442126043
2017-01-24 13:00:00,68.0,82.04242285597608,-75.8485985006043,239.93344421255648
2017-01-24 14:00:00,71.0,82.04242285593048,-75.8485985006499,239.93344421251086
2017-01-24 15:00:00,86.0,82.04242285588697,-75.84859850069341,239.93344421246735
2017-01-24 16:00:00,109.0,82.04242285584547,-75.84859850073491,239.93344421242585
2017-01-24 17:00:00,120.0,82.04242285580588,-75.8485985007745,239.93344421238626
2017-01-24 18:00:00,122.0,82.04242285576812,-75.84859850081226,239.9334442123485
2017-01-24 19:00:00,130.0,82.0424228557321,-75.84859850084828,239.93344421231248
2017-01-24 20:00:00,134.0,82.04242285569774,-75.84859850088264,239.93344421227812
2017-01-24 21:00:00,128.0,82.04242285566497,-75.84859850091541,239.93344421224535
2017-01-24 22:00:00,120.0,82.0424228556337,-75.84859850094668,239.93344421221408
2017-01-24 23:00:00,128.0,82.04242285560387,-75.84859850097651,239.93344421218427
2017-01-25 00:00:00,134.0,82.04242285557542,-75.84859850100496,239.9334442121558
2017-01-25 01:00:00,152.0,82.04242285554828,-75.8485985010321,239.93344421212868
2017-01-25 02:00:00,169.0,82.0424228555224,-75.84859850105798,239.93344421210278
2017-01-25 03:00:00,202.0,82.0424228554977,-75.84859850108268,239.9334442120781
2017-01-25 04:00:00,220.0,82.04242285547416,-75.84859850110622,239.93344421205455
2017-01-25 05:00:00,208.0,82.04242285545168,-75.8485985011287,239.93344421203204
2017-01-25 06:00:00,191.0,82.04242285543025,-75.84859850115014,239.9334442120106
2017-01-25 07:00:00,156.0,82.04242285540981,-75.84859850117057,239.9334442119902
2017-01-25 08:00:00,160.0,82.0424228553903,-75.84859850119008,239.93344421197068
2017-01-25 09:00:00,154.0,82.0424228553717,-75.84859850120868,239.93344421195206
2017-01-25 10:00:00,164.0,82.04242285535395,-75.84859850122643,239.93344421193433
2017-01-25 11:00:00,136.0,82.04242285533702,-75.84859850124336,239.9334442119174
2017-01-25 12:00:00,143.0,82.04242285532088,-75.8485985012595,239.93344421190125
2017-01-25 13:00:00,150.0,82.04242285530547,-75.8485985012749,239.93344421188584
2017-01-25 14:00:00,157.0,82.04242285529078,-75.8485985012896,239.93344421187118
2017-01-25 15:00:00,164.0,82.04242285527677,-75.84859850130361,239.93344421185714
2017-01-25 16:00:00,162.0,82.0424228552634,-75.84859850131699,239.93344421184378
2017-01-25 17:00:00,176.0,82.04242285525065,-75.84859850132973,239.93344421183104
2017-01-25 18:00:00,200.0,82.04242285523848,-75.8485985013419,239.93344421181888
2017-01-25 19:00:00,194.0,82.04242285522687,-75.84859850135351,239.93344421180726
2017-01-25 20:00:00,208.0,82.04242285521582,-75.84859850136456,239.9334442117962
2017-01-25 21:00:00,224.0,82.04242285520526,-75.84859850137512,239.93344421178563
2017-01-25 22:00:00,236.0,82.04242285519518,-75.8485985013852,239.93344421177557
2017-01-25 23:00:00,253.0,82.04242285518558,-75.8485985013948,239.93344421176596
2017-01-26 00:00:00,260.0,82.04242285517641,-75.84859850140397,239.9334442117568
2017-01-26 01:00:00,269.0,82.04242285516767,-75.84859850141271,239.93344421174805
2017-01-26 02:00:00,295.0,82.04242285515933,-75.84859850142105,239.9334442117397
2017-01-26 03:00:00,321.0,82.04242285515137,-75.84859850142901,239.93344421173174
2017-01-26 04:00:00,326.0,82.04242285514378,-75.8485985014366,239.93344421172418
2017-01-26 05:00:00,318.0,82.04242285513655,-75.84859850144383,239.93344421171693
2017-01-26 06:00:00,288.0,82.04242285512964,-75.84859850145074,239.93344421171003
2017-01-26 07:00:00,246.0,82.04242285512306,-75.84859850145732,239.93344421170343
2017-01-26 08:00:00,238.0,82.04242285511678,-75.8485985014636,239.93344421169718
2017-01-26 09:00:00,248.0,82.04242285511079,-75.8485985014696,239.93344421169115
2017-01-26 10:00:00,262.0,82.04242285510507,-75.84859850147531,239.93344421168547
2017-01-26 11:00:00,270.0,82.04242285509962,-75.84859850148077,239.93344421168
2017-01-26 12:00:00,259.0,82.04242285509442,-75.84859850148597,239.93344421167478
2017-01-26 13:00:00,209.0,82.04242285508946,-75.84859850149093,239.93344421166984
2017-01-26 14:00:00,96.0,82.04242285508472,-75.84859850149566,239.93344421166512
2017-01-26 15:00:00,51.0,82.0424228550802,-75.84859850150018,239.93344421166057
2017-01-26 16:00:00,8.0,82.0424228550759,-75.84859850150448,239.93344421165628
2017-01-26 17:00:00,7.0,82.04242285507179,-75.84859850150859,239.93344421165216
2017-01-26 18:00:00,10.0,82.04242285506787,-75.84859850151251,239.93344421164824
2017-01-26 19:00:00,9.0,82.04242285506413,-75.84859850151625,239.9334442116445
2017-01-26 20:00:00,11.0,82.04242285506056,-75.84859850151982,239.93344421164096
2017-01-26 21:00:00,7.0,82.04242285505717,-75.84859850152321,239.93344421163755
2017-01-26 22:00:00,4.0,82.04242285505393,-75.84859850152645,239.9334442116343
2017-01-26 23:00:00,10.0,82.04242285505083,-75.84859850152955,239.9334442116312
2017-01-27 00:00:00,11.0,82.04242285504787,-75.8485985015325,239.93344421162826
2017-01-27 01:00:00,11.0,82.04242285504506,-75.84859850153532,239.93344421162544
2017-01-27 02:00:00,13.0,82.04242285504237,-75.848598501538,239.93344421162277
2017-01-27 03:00:00,10.0,82.04242285503982,-75.84859850154056,239.9334442116202
2017-01-27 04:00:00,6.0,82.04242285503737,-75.84859850154301,239.93344421161777
2017-01-27 05:00:00,9.0,82.04242285503504,-75.84859850154534,239.93344421161544
2017-01-27 06:00:00,11.0,82.04242285503281,-75.84859850154757,239.9334442116132
2017-01-27 07:00:00,11.0,82.0424228550307,-75.84859850154969,239.93344421161106
2017-01-27 08:00:00,11.0,82.04242285502866,-75.84859850155172,239.93344421160904
2017-01-27 09:00:00,15.0,82.04242285502674,-75.84859850155364,239.93344421160714
2017-01-27 10:00:00,24.0,82.0424228550249,-75.84859850155549,239.93344421160526
2017-01-27 11:00:00,28.0,82.04242285502313,-75.84859850155725,239.9334442116035
2017-01-27 12:00:00,37.0,82.04242285502146,-75.84859850155893,239.93344421160185
2017-01-27 13:00:00,41.0,82.04242285501986,-75.84859850156052,239.93344421160026
2017-01-27 14:00:00,45.0,82.04242285501834,-75.84859850156204,239.93344421159873
2017-01-27 15:00:00,44.0,82.04242285501688,-75.8485985015635,239.93344421159725
2017-01-27 16:00:00,53.0,82.0424228550155,-75.84859850156488,239.93344421159588
2017-01-27 17:00:00,58.0,82.04242285501418,-75.8485985015662,239.93344421159458
2017-01-27 18:00:00,61.0,82.04242285501292,-75.84859850156747,239.9334442115933
2017-01-27 19:00:00,87.0,82.04242285501171,-75.84859850156867,239.93344421159208
2017-01-27 20:00:00,118.0,82.04242285501056,-75.84859850156982,239.93344421159094
2017-01-27 21:00:00,179.0,82.04242285500946,-75.84859850157092,239.93344421158986
2017-01-27 22:00:00,240.0,82.04242285500843,-75.84859850157196,239.9334442115888
2017-01-27 23:00:00,278.0,82.04242285500742,-75.84859850157297,239.9334442115878
2017-01-28 00:00:00,305.0,82.04242285500648,-75.8485985015739,239.93344421158685
2017-01-28 01:00:00,576.0,82.04242285500557,-75.84859850157481,239.93344421158594
2017-01-28 02:00:00,641.0,82.0424228550047,-75.84859850157568,239.93344421158508
2017-01-28 03:00:00,651.0,82.04242285500388,-75.8485985015765,239.93344421158426
2017-01-28 04:00:00,682.0,82.04242285500308,-75.8485985015773,239.93344421158346
2017-01-28 05:00:00,713.0,82.04242285500233,-75.84859850157805,239.9334442115827
2017-01-28 06:00:00,697.0,82.04242285500162,-75.84859850157876,239.933444211582
2017-01-28 07:00:00,462.0,82.04242285500094,-75.84859850157945,239.93344421158133
2017-01-28 08:00:00,383.0,82.04242285500028,-75.8485985015801,239.93344421158065
2017-01-28 09:00:00,374.0,82.04242285499966,-75.84859850158072,239.93344421158002
2017-01-28 10:00:00,323.0,82.04242285499907,-75.84859850158131,239.93344421157946
2017-01-28 11:00:00,257.0,82.0424228549985,-75.84859850158188,239.9334442115789
2017-01-28 12:00:00,249.0,82.04242285499797,-75.84859850158242,239.93344421157835
2017-01-28 13:00:00,244.0,82.04242285499745,-75.84859850158293,239.93344421157784
2017-01-28 14:00:00,238.0,82.04242285499696,-75.84859850158342,239.93344421157735
2017-01-28 15:00:00,242.0,82.04242285499649,-75.8485985015839,239.93344421157687
2017-01-28 16:00:00,243.0,82.04242285499605,-75.84859850158433,239.93344421157644
2017-01-28 17:00:00,247.0,82.04242285499562,-75.84859850158476,239.933444211576
2017-01-28 18:00:00,246.0,82.04242285499521,-75.84859850158517,239.9334442115756
2017-01-28 19:00:00,243.0,82.04242285499483,-75.84859850158556,239.9334442115752
2017-01-28 20:00:00,242.0,82.04242285499446,-75.84859850158593,239.93344421157485
2017-01-28 21:00:00,258.0,82.0424228549941,-75.84859850158628,239.93344421157448
2017-01-28 22:00:00,273.0,82.04242285499376,-75.84859850158662,239.93344421157414
2017-01-28 23:00:00,307.0,82.04242285499345,-75.84859850158693,239.93344421157383
2017-01-29 00:00:00,297.0,82.04242285499313,-75.84859850158725,239.93344421157352
2017-01-29 01:00:00,292.0,82.04242285499284,-75.84859850158755,239.9334442115732
2017-01-29 02:00:00,203.0,82.04242285499257,-75.84859850158782,239.93344421157295
2017-01-29 03:00:00,11.0,82.0424228549923,-75.84859850158809,239.9334442115727
2017-01-29 04:00:00,3.0,82.04242285499204,-75.84859850158834,239.9334442115724
2017-01-29 05:00:00,9.0,82.0424228549918,-75.84859850158858,239.93344421157218
2017-01-29 06:00:00,9.0,82.04242285499157,-75.84859850158881,239.93344421157195
2017-01-29 07:00:00,10.0,82.04242285499136,-75.84859850158902,239.93344421157173
2017-01-29 08:00:00,10.0,82.04242285499114,-75.84859850158924,239.93344421157153
2017-01-29 09:00:00,11.0,82.04242285499095,-75.84859850158944,239.93344421157133
2017-01-29 10:00:00,10.0,82.04242285499075,-75.84859850158963,239.93344421157113
2017-01-29 11:00:00,12.0,82.04242285499056,-75.84859850158982,239.93344421157093
2017-01-29 12:00:00,7.0,82.04242285499039,-75.84859850158999,239.93344421157076
2017-01-29 13:00:00,15.0,82.04242285499022,-75.84859850159016,239.9334442115706
2017-01-29 14:00:00,15.0,82.04242285499006,-75.84859850159032,239.93344421157045
2017-01-29 15:00:00,8.0,82.04242285498992,-75.84859850159046,239.9334442115703
2017-01-29 16:00:00,13.0,82.04242285498978,-75.8485985015906,239.93344421157016
2017-01-29 17:00:00,11.0,82.04242285498964,-75.84859850159074,239.93344421157002
2017-01-29 18:00:00,11.0,82.04242285498951,-75.84859850159087,239.9334442115699
2017-01-29 19:00:00,3.0,82.04242285498938,-75.848598501591,239.93344421156976
2017-01-29 20:00:00,8.0,82.04242285498927,-75.84859850159111,239.93344421156965
2017-01-29 21:00:00,9.0,82.04242285498916,-75.84859850159123,239.93344421156954
2017-01-29 22:00:00,7.0,82.04242285498904,-75.84859850159134,239.93344421156942
2017-01-29 23:00:00,10.0,82.04242285498894,-75.84859850159144,239.93344421156934
2017-01-30 00:00:00,8.0,82.04242285498884,-75.84859850159154,239.93344421156922
2017-01-30 01:00:00,9.0,82.04242285498874,-75.84859850159164,239.9334442115691
2017-01-30 02:00:00,7.0,82.04242285498866,-75.84859850159172,239.93344421156905
2017-01-30 03:00:00,9.0,82.04242285498857,-75.84859850159181,239.93344421156894
2017-01-30 04:00:00,8.0,82.04242285498849,-75.8485985015919,239.93344421156888
2017-01-30 05:00:00,5.0,82.0424228549884,-75.84859850159198,239.93344421156877
2017-01-30 06:00:00,7.0,82.04242285498833,-75.84859850159205,239.9334442115687
2017-01-30 07:00:00,9.0,82.04242285498826,-75.84859850159212,239.93344421156866
2017-01-30 08:00:00,8.0,82.04242285498819,-75.84859850159219,239.93344421156857
2017-01-30 09:00:00,6.0,82.04242285498813,-75.84859850159225,239.9334442115685
2017-01-30 10:00:00,12.0,82.04242285498808,-75.8485985015923,239.93344421156846
2017-01-30 11:00:00,4.0,82.042422854988,-75.84859850159238,239.93344421156837
2017-01-30 12:00:00,4.0,82.04242285498796,-75.84859850159242,239.93344421156834
2017-01-30 13:00:00,3.0,82.0424228549879,-75.84859850159248,239.9334442115683
2017-01-30 14:00:00,8.0,82.04242285498785,-75.84859850159253,239.93344421156823
2017-01-30 15:00:00,9.0,82.0424228549878,-75.84859850159258,239.9334442115682
2017-01-30 16:00:00,9.0,82.04242285498776,-75.84859850159262,239.93344421156814
2017-01-30 17:00:00,35.0,82.0424228549877,-75.84859850159268,239.9334442115681
2017-01-30 18:00:00,126.0,82.04242285498766,-75.84859850159272,239.93344421156803
2017-01-30 19:00:00,71.0,82.04242285498763,-75.84859850159275,239.93344421156803
2017-01-30 20:00:00,64.0,82.04242285498759,-75.84859850159279,239.93344421156797
2017-01-30 21:00:00,57.0,82.04242285498755,-75.84859850159283,239.93344421156792
2017-01-30 22:00:00,59.0,82.04242285498752,-75.84859850159286,239.93344421156792
2017-01-30 23:00:00,70.0,82.04242285498749,-75.84859850159289,239.93344421156786
2017-01-31 00:00:00,70.0,82.04242285498745,-75.84859850159293,239.93344421156783
2017-01-31 01:00:00,78.0,82.04242285498742,-75.84859850159296,239.9334442115678
2017-01-31 02:00:00,86.0,82.0424228549874,-75.84859850159299,239.93344421156777
2017-01-31 03:00:00,95.0,82.04242285498736,-75.84859850159302,239.93344421156775
2017-01-31 04:00:00,98.0,82.04242285498734,-75.84859850159305,239.93344421156772
2017-01-31 05:00:00,104.0,82.04242285498732,-75.84859850159306,239.9334442115677
2017-01-31 06:00:00,86.0,82.0424228549873,-75.84859850159309,239.9334442115677
2017-01-31 07:00:00,94.0,82.04242285498727,-75.84859850159312,239.93344421156763
2017-01-31 08:00:00,93.0,82.04242285498725,-75.84859850159313,239.93344421156763
2017-01-31 09:00:00,100.0,82.04242285498722,-75.84859850159316,239.9334442115676
2017-01-31 10:00:00,85.0,82.04242285498721,-75.84859850159317,239.93344421156758
2017-01-31 11:00:00,81.0,82.0424228549872,-75.84859850159319,239.93344421156758
2017-01-31 12:00:00,79.0,82.04242285498717,-75.84859850159322,239.93344421156755
2017-01-31 13:00:00,68.0,82.04242285498715,-75.84859850159323,239.93344421156752
2017-01-31 14:00:00,50.0,82.04242285498714,-75.84859850159324,239.93344421156752
2017-01-31 15:00:00,55.0,82.04242285498712,-75.84859850159326,239.93344421156752
2017-01-31 16:00:00,72.0,82.04242285498711,-75.84859850159327,239.9334442115675
2017-01-31 17:00:00,80.0,82.0424228549871,-75.84859850159329,239.93344421156746
2017-01-31 18:00:00,72.0,82.04242285498708,-75.8485985015933,239.93344421156746
2017-01-31 19:00:00,91.0,82.04242285498707,-75.84859850159332,239.93344421156746
2017-01-31 20:00:00,73.0,82.04242285498705,-75.84859850159333,239.93344421156743
2017-01-31 21:00:00,24.0,82.04242285498704,-75.84859850159334,239.9334442115674
2017-01-31 22:00:00,10.0,82.04242285498702,-75.84859850159336,239.9334442115674
2017-01-31 23:00:00,3.0,82.04242285498702,-75.84859850159336,239.9334442115674
2017-02-01 00:00:00,5.0,82.04242285498701,-75.84859850159337,239.9334442115674
2017-02-01 01:00:00,5.0,82.042422854987,-75.84859850159339,239.93344421156738
2017-02-01 02:00:00,7.0,82.042422854987,-75.84859850159339,239.93344421156738
2017-02-01 03:00:00,6.0,82.04242285498698,-75.8485985015934,239.93344421156735
2017-02-01 04:00:00,8.0,82.04242285498697,-75.84859850159341,239.93344421156735
2017-02-01 05:00:00,8.0,82.04242285498697,-75.84859850159341,239.93344421156735
2017-02-01 06:00:00,6.0,82.04242285498695,-75.84859850159343,239.93344421156735
2017-02-01 07:00:00,5.0,82.04242285498695,-75.84859850159343,239.93344421156735
2017-02-01 08:00:00,7.0,82.04242285498694,-75.84859850159344,239.93344421156732
2017-02-01 09:00:00,9.0,82.04242285498694,-75.84859850159344,239.93344421156732
2017-02-01 10:00:00,10.0,82.04242285498692,-75.84859850159346,239.9334442115673
2017-02-01 11:00:00,6.0,82.04242285498692,-75.84859850159346,239.9334442115673
2017-02-01 12:00:00,9.0,82.04242285498691,-75.84859850159347,239.9334442115673
2017-02-01 13:00:00,15.0,82.04242285498691,-75.84859850159347,239.9334442115673
2017-02-01 14:00:00,8.0,82.04242285498691,-75.84859850159347,239.9334442115673
2017-02-01 15:00:00,10.0,82.0424228549869,-75.84859850159349,239.9334442115673
2017-02-01 16:00:00,17.0,82.0424228549869,-75.84859850159349,239.9334442115673
2017-02-01 17:00:00,20.0,82.0424228549869,-75.84859850159349,239.9334442115673
2017-02-01 18:00:00,3.0,82.04242285498688,-75.8485985015935,239.93344421156726
2017-02-01 19:00:00,44.0,82.04242285498688,-75.8485985015935,239.93344421156726
2017-02-01 20:00:00,89.0,82.04242285498688,-75.8485985015935,239.93344421156726
2017-02-01 21:00:00,126.0,82.04242285498688,-75.8485985015935,239.93344421156726
2017-02-01 22:00:00,129.0,82.04242285498687,-75.84859850159351,239.93344421156723
2017-02-01 23:00:00,146.0,82.04242285498687,-75.84859850159351,239.93344421156723
2017-02-02 00:00:00,154.0,82.04242285498687,-75.84859850159351,239.93344421156723
2017-02-02 01:00:00,124.0,82.04242285498687,-75.84859850159351,239.93344421156723
2017-02-02 02:00:00,133.0,82.04242285498685,-75.84859850159353,239.93344421156723
2017-02-02 03:00:00,121.0,82.04242285498685,-75.84859850159353,239.93344421156723
2017-02-02 04:00:00,37.0,82.04242285498685,-75.84859850159353,239.93344421156723
2017-02-02 05:00:00,34.0,82.04242285498685,-75.84859850159353,239.93344421156723
2017-02-02 06:00:00,31.0,82.04242285498685,-75.84859850159353,239.93344421156723
2017-02-02 07:00:00,38.0,82.04242285498684,-75.84859850159354,239.93344421156723
2017-02-02 08:00:00,37.0,82.04242285498684,-75.84859850159354,239.93344421156723
2017-02-02 09:00:00,42.0,82.04242285498684,-75.84859850159354,239.93344421156723
2017-02-02 10:00:00,41.0,82.04242285498684,-75.84859850159354,239.93344421156723
2017-02-02 11:00:00,51.0,82.04242285498684,-75.84859850159354,239.93344421156723
2017-02-02 12:00:00,58.0,82.04242285498684,-75.84859850159354,239.93344421156723
2017-02-02 13:00:00,61.0,82.04242285498684,-75.84859850159354,239.93344421156723
2017-02-02 14:00:00,63.0,82.04242285498682,-75.84859850159356,239.9334442115672
2017-02-02 15:00:00,70.0,82.04242285498682,-75.84859850159356,239.9334442115672
2017-02-02 16:00:00,71.0,82.04242285498682,-75.84859850159356,239.9334442115672
2017-02-02 17:00:00,72.0,82.04242285498682,-75.84859850159356,239.9334442115672
2017-02-02 18:00:00,87.0,82.04242285498682,-75.84859850159356,239.9334442115672
2017-02-02 19:00:00,119.0,82.04242285498682,-75.84859850159356,239.9334442115672
2017-02-02 20:00:00,132.0,82.04242285498682,-75.84859850159356,239.9334442115672
2017-02-02 21:00:00,147.0,82.04242285498682,-75.84859850159356,239.9334442115672
2017-02-02 22:00:00,150.0,82.04242285498682,-75.84859850159356,239.9334442115672
2017-02-02 23:00:00,156.0,82.04242285498682,-75.84859850159356,239.9334442115672
2017-02-03 00:00:00,148.0,82.04242285498682,-75.84859850159356,239.9334442115672
2017-02-03 01:00:00,145.0,82.04242285498681,-75.84859850159357,239.93344421156718
2017-02-03 02:00:00,166.0,82.04242285498681,-75.84859850159357,239.93344421156718
2017-02-03 03:00:00,168.0,82.04242285498681,-75.84859850159357,239.93344421156718
2017-02-03 04:00:00,140.0,82.04242285498681,-75.84859850159357,239.93344421156718
2017-02-03 05:00:00,112.0,82.04242285498681,-75.84859850159357,239.93344421156718
2017-02-03 06:00:00,103.0,82.04242285498681,-75.84859850159357,239.93344421156718
2017-02-03 07:00:00,100.0,82.04242285498681,-75.84859850159357,239.93344421156718
2017-02-03 08:00:00,102.0,82.04242285498681,-75.84859850159357,239.93344421156718
2017-02-03 09:00:00,97.0,82.04242285498681,-75.84859850159357,239.93344421156718
2017-02-03 10:00:00,63.0,82.04242285498681,-75.84859850159357,239.93344421156718
2017-02-03 11:00:00,66.0,82.04242285498681,-75.84859850159357,239.93344421156718
2017-02-03 12:00:00,79.0,82.04242285498681,-75.84859850159357,239.93344421156718
2017-02-03 13:00:00,103.0,82.04242285498681,-75.84859850159357,239.93344421156718
2017-02-03 14:00:00,116.0,82.04242285498681,-75.84859850159357,239.93344421156718
2017-02-03 15:00:00,127.0,82.04242285498681,-75.84859850159357,239.93344421156718
2017-02-03 16:00:00,156.0,82.04242285498681,-75.84859850159357,239.93344421156718
2017-02-03 17:00:00,219.0,82.04242285498681,-75.84859850159357,239.93344421156718
2017-02-03 18:00:00,232.0,82.04242285498681,-75.84859850159357,239.93344421156718
2017-02-03 19:00:00,245.0,82.04242285498681,-75.84859850159357,239.93344421156718
2017-02-03 20:00:00,251.0,82.04242285498681,-75.84859850159357,239.93344421156718
2017-02-03 21:00:00,299.0,82.04242285498681,-75.84859850159357,239.93344421156718
2017-02-03 22:00:00,319.0,82.04242285498681,-75.84859850159357,239.93344421156718
2017-02-03 23:00:00,317.0,82.04242285498681,-75.84859850159357,239.93344421156718
2017-02-04 00:00:00,321.0,82.0424228549868,-75.84859850159359,239.93344421156718
2017-02-04 01:00:00,316.0,82.0424228549868,-75.84859850159359,239.93344421156718
2017-02-04 02:00:00,317.0,82.0424228549868,-75.84859850159359,239.93344421156718
2017-02-04 03:00:00,339.0,82.0424228549868,-75.84859850159359,239.93344421156718
2017-02-04 04:00:00,351.0,82.0424228549868,-75.84859850159359,239.93344421156718
2017-02-04 05:00:00,343.0,82.0424228549868,-75.84859850159359,239.93344421156718
2017-02-04 06:00:00,359.0,82.0424228549868,-75.84859850159359,239.93344421156718
2017-02-04 07:00:00,331.0,82.0424228549868,-75.84859850159359,239.93344421156718
2017-02-04 08:00:00,311.0,82.0424228549868,-75.84859850159359,239.93344421156718
2017-02-04 09:00:00,303.0,82.0424228549868,-75.84859850159359,239.93344421156718
2017-02-04 10:00:00,288.0,82.0424228549868,-75.84859850159359,239.93344421156718
2017-02-04 11:00:00,281.0,82.0424228549868,-75.84859850159359,239.93344421156718
2017-02-04 12:00:00,300.0,82.0424228549868,-75.84859850159359,239.93344421156718
2017-02-04 13:00:00,284.0,82.0424228549868,-75.84859850159359,239.93344421156718
2017-02-04 14:00:00,251.0,82.0424228549868,-75.84859850159359,239.93344421156718
2017-02-04 15:00:00,213.0,82.0424228549868,-75.84859850159359,239.93344421156718
2017-02-04 16:00:00,258.0,82.0424228549868,-75.84859850159359,239.93344421156718
2017-02-04 17:00:00,348.0,82.0424228549868,-75.84859850159359,239.93344421156718
2017-02-04 18:00:00,327.0,82.0424228549868,-75.84859850159359,239.93344421156718
2017-02-04 19:00:00,279.0,82.0424228549868,-75.84859850159359,239.93344421156718
2017-02-04 20:00:00,82.0,82.0424228549868,-75.84859850159359,239.93344421156718
2017-02-04 21:00:00,25.0,82.0424228549868,-75.84859850159359,239.93344421156718
2017-02-04 22:00:00,9.0,82.0424228549868,-75.84859850159359,239.93344421156718
2017-02-04 23:00:00,8.0,82.0424228549868,-75.84859850159359,239.93344421156718
2017-02-05 00:00:00,10.0,82.0424228549868,-75.84859850159359,239.93344421156718
2017-02-05 01:00:00,11.0,82.0424228549868,-75.84859850159359,239.93344421156718
2017-02-05 02:00:00,17.0,82.0424228549868,-75.84859850159359,239.93344421156718
2017-02-05 03:00:00,17.0,82.0424228549868,-75.84859850159359,239.93344421156718
2017-02-05 04:00:00,19.0,82.0424228549868,-75.84859850159359,239.93344421156718
2017-02-05 05:00:00,20.0,82.0424228549868,-75.84859850159359,239.93344421156718
2017-02-05 06:00:00,18.0,82.0424228549868,-75.84859850159359,239.93344421156718
2017-02-05 07:00:00,15.0,82.0424228549868,-75.84859850159359,239.93344421156718
2017-02-05 08:00:00,10.0,82.0424228549868,-75.84859850159359,239.93344421156718
2017-02-05 09:00:00,8.0,82.0424228549868,-75.84859850159359,239.93344421156718
2017-02-05 10:00:00,7.0,82.0424228549868,-75.84859850159359,239.93344421156718
2017-02-05 11:00:00,10.0,82.0424228549868,-75.84859850159359,239.93344421156718
2017-02-05 12:00:00,8.0,82.0424228549868,-75.84859850159359,239.93344421156718
2017-02-05 13:00:00,9.0,82.0424228549868,-75.84859850159359,239.93344421156718
2017-02-05 14:00:00,9.0,82.0424228549868,-75.84859850159359,239.93344421156718
2017-02-05 15:00:00,9.0,82.0424228549868,-75.84859850159359,239.93344421156718
2017-02-05 16:00:00,18.0,82.0424228549868,-75.84859850159359,239.93344421156718
2017-02-05 17:00:00,18.0,82.0424228549868,-75.84859850159359,239.93344421156718
2017-02-05 18:00:00,10.0,82.0424228549868,-75.84859850159359,239.93344421156718
2017-02-05 19:00:00,7.0,82.0424228549868,-75.84859850159359,239.93344421156718
2017-02-05 20:00:00,7.0,82.0424228549868,-75.84859850159359,239.93344421156718
2017-02-05 21:00:00,9.0,82.0424228549868,-75.84859850159359,239.93344421156718
2017-02-05 22:00:00,8.0,82.0424228549868,-75.84859850159359,239.93344421156718
2017-02-05 23:00:00,11.0,82.0424228549868,-75.84859850159359,239.93344421156718
2017-02-06 00:00:00,8.0,82.0424228549868,-75.84859850159359,239.93344421156718
2017-02-06 01:00:00,10.0,82.0424228549868,-75.84859850159359,239.93344421156718
2017-02-06 02:00:00,9.0,82.0424228549868,-75.84859850159359,239.93344421156718
2017-02-06 03:00:00,6.0,82.0424228549868,-75.84859850159359,239.93344421156718
2017-02-06 04:00:00,5.0,82.0424228549868,-75.84859850159359,239.93344421156718
2017-02-06 05:00:00,7.0,82.0424228549868,-75.84859850159359,239.93344421156718
2017-02-06 06:00:00,3.0,82.0424228549868,-75.84859850159359,239.93344421156718
2017-02-06 07:00:00,6.0,82.0424228549868,-75.84859850159359,239.93344421156718
2017-02-06 08:00:00,5.0,82.0424228549868,-75.84859850159359,239.93344421156718
2017-02-06 09:00:00,7.0,82.0424228549868,-75.84859850159359,239.93344421156718
2017-02-06 10:00:00,6.0,82.0424228549868,-75.84859850159359,239.93344421156718
2017-02-06 11:00:00,7.0,82.0424228549868,-75.84859850159359,239.93344421156718
2017-02-06 12:00:00,5.0,82.0424228549868,-75.84859850159359,239.93344421156718
2017-02-06 13:00:00,3.0,82.0424228549868,-75.84859850159359,239.93344421156718
2017-02-06 14:00:00,3.0,82.0424228549868,-75.84859850159359,239.93344421156718
2017-02-06 15:00:00,4.0,82.0424228549868,-75.84859850159359,239.93344421156718
2017-02-06 16:00:00,6.0,82.0424228549868,-75.84859850159359,239.93344421156718
2017-02-06 17:00:00,13.0,82.0424228549868,-75.84859850159359,239.93344421156718
2017-02-06 18:00:00,7.0,82.0424228549868,-75.84859850159359,239.93344421156718
2017-02-06 19:00:00,21.0,82.0424228549868,-75.84859850159359,239.93344421156718
2017-02-06 20:00:00,26.0,82.0424228549868,-75.84859850159359,239.93344421156718
2017-02-06 21:00:00,30.0,82.0424228549868,-75.84859850159359,239.93344421156718
2017-02-06 22:00:00,38.0,82.0424228549868,-75.84859850159359,239.93344421156718
2017-02-06 23:00:00,35.0,82.0424228549868,-75.84859850159359,239.93344421156718
2017-02-07 00:00:00,40.0,82.0424228549868,-75.84859850159359,239.93344421156718
2017-02-07 01:00:00,56.0,82.0424228549868,-75.84859850159359,239.93344421156718
2017-02-07 02:00:00,68.0,82.0424228549868,-75.84859850159359,239.93344421156718
2017-02-07 03:00:00,70.0,82.0424228549868,-75.84859850159359,239.93344421156718
2017-02-07 04:00:00,67.0,82.0424228549868,-75.84859850159359,239.93344421156718
2017-02-07 05:00:00,66.0,82.0424228549868,-75.84859850159359,239.93344421156718
2017-02-07 06:00:00,70.0,82.0424228549868,-75.84859850159359,239.93344421156718
2017-02-07 07:00:00,69.0,82.0424228549868,-75.84859850159359,239.93344421156718
2017-02-07 08:00:00,76.0,82.0424228549868,-75.84859850159359,239.93344421156718
2017-02-07 09:00:00,78.0,82.0424228549868,-75.84859850159359,239.93344421156718
2017-02-07 10:00:00,90.0,82.0424228549868,-75.84859850159359,239.93344421156718
2017-02-07 11:00:00,73.0,82.0424228549868,-75.84859850159359,239.93344421156718
2017-02-07 12:00:00,40.0,82.0424228549868,-75.84859850159359,239.93344421156718
2017-02-07 13:00:00,38.0,82.0424228549868,-75.84859850159359,239.93344421156718
2017-02-07 14:00:00,45.0,82.0424228549868,-75.84859850159359,239.93344421156718
2017-02-07 15:00:00,59.0,82.0424228549868,-75.84859850159359,239.93344421156718
2017-02-07 16:00:00,88.0,82.0424228549868,-75.84859850159359,239.93344421156718
2017-02-07 17:00:00,101.0,82.0424228549868,-75.84859850159359,239.93344421156718
2017-02-07 18:00:00,110.0,82.0424228549868,-75.84859850159359,239.93344421156718
2017-02-07 19:00:00,110.0,82.0424228549868,-75.84859850159359,239.93344421156718
2017-02-07 20:00:00,118.0,82.0424228549868,-75.84859850159359,239.93344421156718
2017-02-07 21:00:00,107.0,82.0424228549868,-75.84859850159359,239.93344421156718
2017-02-07 22:00:00,106.0,82.0424228549868,-75.84859850159359,239.93344421156718
2017-02-07 23:00:00,114.0,82.0424228549868,-75.84859850159359,239.93344421156718
2017-02-08 00:00:00,113.0,82.0424228549868,-75.84859850159359,239.93344421156718
2017-02-08 01:00:00,117.0,82.0424228549868,-75.84859850159359,239.93344421156718
2017-02-08 02:00:00,118.0,82.0424228549868,-75.84859850159359,239.93344421156718
2017-02-08 03:00:00,118.0,82.0424228549868,-75.84859850159359,239.93344421156718
2017-02-08 04:00:00,111.0,82.0424228549868,-75.84859850159359,239.93344421156718
2017-02-08 05:00:00,102.0,82.0424228549868,-75.84859850159359,239.93344421156718
2017-02-08 06:00:00,63.0,82.0424228549868,-75.84859850159359,239.93344421156718
2017-02-08 07:00:00,10.0,82.0424228549868,-75.84859850159359,239.93344421156718
2017-02-08 08:00:00,8.0,82.0424228549868,-75.84859850159359,239.93344421156718
2017-02-08 09:00:00,9.0,82.0424228549868,-75.84859850159359,239.93344421156718
2017-02-08 10:00:00,12.0,82.0424228549868,-75.84859850159359,239.93344421156718
2017-02-08 11:00:00,10.0,82.0424228549868,-75.84859850159359,239.93344421156718
2017-02-08 12:00:00,7.0,82.0424228549868,-75.84859850159359,239.93344421156718
2017-02-08 13:00:00,14.0,82.0424228549868,-75.84859850159359,239.93344421156718
2017-02-08 14:00:00,12.0,82.0424228549868,-75.84859850159359,239.93344421156718
2017-02-08 15:00:00,7.0,82.0424228549868,-75.84859850159359,239.93344421156718
2017-02-08 16:00:00,14.0,82.0424228549868,-75.84859850159359,239.93344421156718
2017-02-08 17:00:00,11.0,82.0424228549868,-75.84859850159359,239.93344421156718
2017-02-08 18:00:00,6.0,82.0424228549868,-75.84859850159359,239.93344421156718
2017-02-08 19:00:00,8.0,82.0424228549868,-75.84859850159359,239.93344421156718
2017-02-08 20:00:00,9.0,82.0424228549868,-75.84859850159359,239.93344421156718
2017-02-08 21:00:00,6.0,82.0424228549868,-75.84859850159359,239.93344421156718
2017-02-08 22:00:00,9.0,82.0424228549868,-75.84859850159359,239.93344421156718
2017-02-08 23:00:00,8.0,82.0424228549868,-75.84859850159359,239.93344421156718
2017-02-09 00:00:00,10.0,82.0424228549868,-75.84859850159359,239.93344421156718
2017-02-09 01:00:00,6.0,82.0424228549868,-75.84859850159359,239.93344421156718
2017-02-09 02:00:00,9.0,82.0424228549868,-75.84859850159359,239.93344421156718
2017-02-09 03:00:00,8.5,82.0424228549868,-75.84859850159359,239.93344421156718
2017-02-09 04:00:00,8.0,82.0424228549868,-75.84859850159359,239.93344421156718
2017-02-09 05:00:00,6.0,82.0424228549868,-75.84859850159359,239.93344421156718
2017-02-09 06:00:00,4.0,82.0424228549868,-75.84859850159359,239.93344421156718
2017-02-09 07:00:00,7.0,82.0424228549868,-75.84859850159359,239.93344421156718
2017-02-09 08:00:00,6.0,82.0424228549868,-75.84859850159359,239.93344421156718
2017-02-09 09:00:00,7.0,82.0424228549868,-75.84859850159359,239.93344421156718
2017-02-09 10:00:00,6.0,82.0424228549868,-75.84859850159359,239.93344421156718
2017-02-09 11:00:00,4.0,82.0424228549868,-75.84859850159359,239.93344421156718
2017-02-09 12:00:00,8.0,82.0424228549868,-75.84859850159359,239.93344421156718
2017-02-09 13:00:00,7.0,82.0424228549868,-75.84859850159359,239.93344421156718
2017-02-09 14:00:00,11.0,82.0424228549868,-75.84859850159359,239.93344421156718
2017-02-09 15:00:00,11.0,82.0424228549868,-75.84859850159359,239.93344421156718
2017-02-09 16:00:00,8.0,82.0424228549868,-75.84859850159359,239.93344421156718
2017-02-09 17:00:00,4.0,82.0424228549868,-75.84859850159359,239.93344421156718
2017-02-09 18:00:00,3.0,82.0424228549868,-75.84859850159359,239.93344421156718
2017-02-09 19:00:00,7.0,82.0424228549868,-75.84859850159359,239.93344421156718
2017-02-09 20:00:00,7.0,82.0424228549868,-75.84859850159359,239.93344421156718
2017-02-09 21:00:00,8.0,82.0424228549868,-75.84859850159359,239.93344421156718
2017-02-09 22:00:00,8.0,82.0424228549868,-75.84859850159359,239.93344421156718
2017-02-09 23:00:00,6.0,82.0424228549868,-75.84859850159359,239.93344421156718
2017-02-10 00:00:00,5.0,82.0424228549868,-75.84859850159359,239.93344421156718
2017-02-10 01:00:00,8.0,82.0424228549868,-75.84859850159359,239.93344421156718
2017-02-10 02:00:00,4.0,82.0424228549868,-75.84859850159359,239.93344421156718
2017-02-10 03:00:00,8.0,82.0424228549868,-75.84859850159359,239.93344421156718
2017-02-10 04:00:00,4.0,82.0424228549868,-75.84859850159359,239.93344421156718
2017-02-10 05:00:00,5.0,82.0424228549868,-75.84859850159359,239.93344421156718
2017-02-10 06:00:00,3.0,82.0424228549868,-75.84859850159359,239.93344421156718
2017-02-10 07:00:00,7.0,82.0424228549868,-75.84859850159359,239.93344421156718
2017-02-10 08:00:00,6.0,82.0424228549868,-75.84859850159359,239.93344421156718
2017-02-10 09:00:00,7.0,82.0424228549868,-75.84859850159359,239.93344421156718
2017-02-10 10:00:00,10.0,82.0424228549868,-75.84859850159359,239.93344421156718
2017-02-10 11:00:00,9.0,82.0424228549868,-75.84859850159359,239.93344421156718
2017-02-10 12:00:00,5.0,82.0424228549868,-75.84859850159359,239.93344421156718
2017-02-10 13:00:00,9.0,82.0424228549868,-75.84859850159359,239.93344421156718
2017-02-10 14:00:00,7.0,82.0424228549868,-75.84859850159359,239.93344421156718
2017-02-10 15:00:00,6.0,82.0424228549868,-75.84859850159359,239.93344421156718
2017-02-10 16:00:00,9.0,82.0424228549868,-75.84859850159359,239.93344421156718
2017-02-10 17:00:00,6.0,82.0424228549868,-75.84859850159359,239.93344421156718
2017-02-10 18:00:00,8.0,82.0424228549868,-75.84859850159359,239.93344421156718
2017-02-10 19:00:00,6.0,82.0424228549868,-75.84859850159359,239.93344421156718
2017-02-10 20:00:00,9.0,82.0424228549868,-75.84859850159359,239.93344421156718
2017-02-10 21:00:00,7.0,82.0424228549868,-75.84859850159359,239.93344421156718
2017-02-10 22:00:00,8.0,82.0424228549868,-75.84859850159359,239.93344421156718
2017-02-10 23:00:00,13.0,82.0424228549868,-75.84859850159359,239.93344421156718
2017-02-11 00:00:00,9.0,82.0424228549868,-75.84859850159359,239.93344421156718
2017-02-11 01:00:00,12.0,82.0424228549868,-75.84859850159359,239.93344421156718
2017-02-11 02:00:00,11.0,82.0424228549868,-75.84859850159359,239.93344421156718
2017-02-11 03:00:00,11.0,82.0424228549868,-75.84859850159359,239.93344421156718
2017-02-11 04:00:00,19.0,82.0424228549868,-75.84859850159359,239.93344421156718
2017-02-11 05:00:00,18.0,82.0424228549868,-75.84859850159359,239.93344421156718
2017-02-11 06:00:00,15.0,82.0424228549868,-75.84859850159359,239.93344421156718
2017-02-11 07:00:00,11.0,82.0424228549868,-75.84859850159359,239.93344421156718
2017-02-11 08:00:00,13.0,82.0424228549868,-75.84859850159359,239.93344421156718
2017-02-11 09:00:00,22.0,82.0424228549868,-75.84859850159359,239.93344421156718
2017-02-11 10:00:00,19.0,82.0424228549868,-75.84859850159359,239.93344421156718
2017-02-11 11:00:00,17.0,82.0424228549868,-75.84859850159359,239.93344421156718
2017-02-11 12:00:00,14.0,82.0424228549868,-75.84859850159359,239.93344421156718
2017-02-11 13:00:00,10.0,82.0424228549868,-75.84859850159359,239.93344421156718
2017-02-11 14:00:00,3.0,82.0424228549868,-75.84859850159359,239.93344421156718
2017-02-11 15:00:00,14.0,82.0424228549868,-75.84859850159359,239.93344421156718
2017-02-11 16:00:00,13.0,82.0424228549868,-75.84859850159359,239.93344421156718
2017-02-11 17:00:00,30.0,82.0424228549868,-75.84859850159359,239.93344421156718
2017-02-11 18:00:00,49.0,82.0424228549868,-75.84859850159359,239.93344421156718
2017-02-11 19:00:00,56.0,82.0424228549868,-75.84859850159359,239.93344421156718
2017-02-11 20:00:00,90.0,82.0424228549868,-75.84859850159359,239.93344421156718
2017-02-11 21:00:00,139.0,82.0424228549868,-75.84859850159359,239.93344421156718
2017-02-11 22:00:00,185.0,82.0424228549868,-75.84859850159359,239.93344421156718
2017-02-11 23:00:00,237.0,82.0424228549868,-75.84859850159359,239.93344421156718
2017-02-12 00:00:00,220.0,82.0424228549868,-75.84859850159359,239.93344421156718
2017-02-12 01:00:00,214.0,82.0424228549868,-75.84859850159359,239.93344421156718
2017-02-12 02:00:00,113.0,82.0424228549868,-75.84859850159359,239.93344421156718
2017-02-12 03:00:00,101.0,82.0424228549868,-75.84859850159359,239.93344421156718
2017-02-12 04:00:00,46.0,82.0424228549868,-75.84859850159359,239.93344421156718
2017-02-12 05:00:00,31.0,82.0424228549868,-75.84859850159359,239.93344421156718
2017-02-12 06:00:00,30.0,82.0424228549868,-75.84859850159359,239.93344421156718
2017-02-12 07:00:00,44.0,82.0424228549868,-75.84859850159359,239.93344421156718
2017-02-12 08:00:00,60.0,82.0424228549868,-75.84859850159359,239.93344421156718
2017-02-12 09:00:00,69.0,82.0424228549868,-75.84859850159359,239.93344421156718
2017-02-12 10:00:00,93.0,82.0424228549868,-75.84859850159359,239.93344421156718
2017-02-12 11:00:00,126.0,82.0424228549868,-75.84859850159359,239.93344421156718
2017-02-12 12:00:00,118.0,82.0424228549868,-75.84859850159359,239.93344421156718
2017-02-12 13:00:00,116.0,82.0424228549868,-75.84859850159359,239.93344421156718
2017-02-12 14:00:00,114.0,82.0424228549868,-75.84859850159359,239.93344421156718
2017-02-12 15:00:00,98.0,82.0424228549868,-75.84859850159359,239.93344421156718
2017-02-12 16:00:00,109.0,82.0424228549868,-75.84859850159359,239.93344421156718
2017-02-12 17:00:00,97.0,82.0424228549868,-75.84859850159359,239.93344421156718
2017-02-12 18:00:00,107.0,82.0424228549868,-75.84859850159359,239.93344421156718
2017-02-12 19:00:00,113.0,82.0424228549868,-75.84859850159359,239.93344421156718
2017-02-12 20:00:00,102.0,82.0424228549868,-75.84859850159359,239.93344421156718
2017-02-12 21:00:00,122.0,82.0424228549868,-75.84859850159359,239.93344421156718
2017-02-12 22:00:00,129.0,82.0424228549868,-75.84859850159359,239.93344421156718
2017-02-12 23:00:00,135.0,82.0424228549868,-75.84859850159359,239.93344421156718
2017-02-13 00:00:00,151.0,82.0424228549868,-75.84859850159359,239.93344421156718
2017-02-13 01:00:00,191.0,82.0424228549868,-75.84859850159359,239.93344421156718
2017-02-13 02:00:00,198.0,82.0424228549868,-75.84859850159359,239.93344421156718
2017-02-13 03:00:00,198.0,82.0424228549868,-75.84859850159359,239.93344421156718
2017-02-13 04:00:00,178.0,82.0424228549868,-75.84859850159359,239.93344421156718
2017-02-13 05:00:00,131.0,82.0424228549868,-75.84859850159359,239.93344421156718
2017-02-13 06:00:00,134.0,82.0424228549868,-75.84859850159359,239.93344421156718
2017-02-13 07:00:00,119.0,82.0424228549868,-75.84859850159359,239.93344421156718
2017-02-13 08:00:00,73.0,82.0424228549868,-75.84859850159359,239.93344421156718
2017-02-13 09:00:00,72.0,82.0424228549868,-75.84859850159359,239.93344421156718
2017-02-13 10:00:00,65.0,82.0424228549868,-75.84859850159359,239.93344421156718
2017-02-13 11:00:00,45.0,82.0424228549868,-75.84859850159359,239.93344421156718
2017-02-13 12:00:00,29.0,82.0424228549868,-75.84859850159359,239.93344421156718
2017-02-13 13:00:00,15.0,82.0424228549868,-75.84859850159359,239.93344421156718
2017-02-13 14:00:00,14.0,82.0424228549868,-75.84859850159359,239.93344421156718
2017-02-13 15:00:00,16.0,82.0424228549868,-75.84859850159359,239.93344421156718
2017-02-13 16:00:00,18.0,82.0424228549868,-75.84859850159359,239.93344421156718
2017-02-13 17:00:00,21.0,82.0424228549868,-75.84859850159359,239.93344421156718
2017-02-13 18:00:00,24.0,82.0424228549868,-75.84859850159359,239.93344421156718
2017-02-13 19:00:00,24.0,82.0424228549868,-75.84859850159359,239.93344421156718
2017-02-13 20:00:00,89.0,82.0424228549868,-75.84859850159359,239.93344421156718
2017-02-13 21:00:00,101.0,82.0424228549868,-75.84859850159359,239.93344421156718
2017-02-13 22:00:00,144.0,82.0424228549868,-75.84859850159359,239.93344421156718
2017-02-13 23:00:00,180.0,82.0424228549868,-75.84859850159359,239.93344421156718
2017-02-14 00:00:00,159.0,82.0424228549868,-75.84859850159359,239.93344421156718
2017-02-14 01:00:00,137.0,82.0424228549868,-75.84859850159359,239.93344421156718
2017-02-14 02:00:00,144.0,82.0424228549868,-75.84859850159359,239.93344421156718
2017-02-14 03:00:00,149.0,82.0424228549868,-75.84859850159359,239.93344421156718
2017-02-14 04:00:00,148.0,82.0424228549868,-75.84859850159359,239.93344421156718
2017-02-14 05:00:00,148.0,82.0424228549868,-75.84859850159359,239.93344421156718
2017-02-14 06:00:00,139.0,82.0424228549868,-75.84859850159359,239.93344421156718
2017-02-14 07:00:00,151.0,82.0424228549868,-75.84859850159359,239.93344421156718
2017-02-14 08:00:00,148.0,82.0424228549868,-75.84859850159359,239.93344421156718
2017-02-14 09:00:00,140.0,82.0424228549868,-75.84859850159359,239.93344421156718
2017-02-14 10:00:00,149.0,82.0424228549868,-75.84859850159359,239.93344421156718
2017-02-14 11:00:00,170.0,82.0424228549868,-75.84859850159359,239.93344421156718
2017-02-14 12:00:00,196.0,82.0424228549868,-75.84859850159359,239.93344421156718
2017-02-14 13:00:00,198.0,82.0424228549868,-75.84859850159359,239.93344421156718
2017-02-14 14:00:00,215.0,82.0424228549868,-75.84859850159359,239.93344421156718
2017-02-14 15:00:00,213.0,82.0424228549868,-75.84859850159359,239.93344421156718
2017-02-14 16:00:00,214.0,82.0424228549868,-75.84859850159359,239.93344421156718
2017-02-14 17:00:00,210.0,82.0424228549868,-75.84859850159359,239.93344421156718
2017-02-14 18:00:00,205.0,82.0424228549868,-75.84859850159359,239.93344421156718
2017-02-14 19:00:00,210.0,82.0424228549868,-75.84859850159359,239.93344421156718
2017-02-14 20:00:00,211.0,82.0424228549868,-75.84859850159359,239.93344421156718
2017-02-14 21:00:00,227.0,82.0424228549868,-75.84859850159359,239.93344421156718
2017-02-14 22:00:00,247.0,82.0424228549868,-75.84859850159359,239.93344421156718
2017-02-14 23:00:00,260.0,82.0424228549868,-75.84859850159359,239.93344421156718
2017-02-15 00:00:00,277.0,82.0424228549868,-75.84859850159359,239.93344421156718
2017-02-15 01:00:00,261.0,82.0424228549868,-75.84859850159359,239.93344421156718
2017-02-15 02:00:00,244.0,82.0424228549868,-75.84859850159359,239.93344421156718
2017-02-15 03:00:00,236.0,82.0424228549868,-75.84859850159359,239.93344421156718
2017-02-15 04:00:00,225.0,82.0424228549868,-75.84859850159359,239.93344421156718
2017-02-15 05:00:00,240.0,82.0424228549868,-75.84859850159359,239.93344421156718
2017-02-15 06:00:00,241.0,82.0424228549868,-75.84859850159359,239.93344421156718
2017-02-15 07:00:00,230.0,82.0424228549868,-75.84859850159359,239.93344421156718
2017-02-15 08:00:00,232.0,82.0424228549868,-75.84859850159359,239.93344421156718
2017-02-15 09:00:00,234.0,82.0424228549868,-75.84859850159359,239.93344421156718
2017-02-15 10:00:00,245.0,82.0424228549868,-75.84859850159359,239.93344421156718
2017-02-15 11:00:00,249.0,82.0424228549868,-75.84859850159359,239.93344421156718
2017-02-15 12:00:00,265.0,82.0424228549868,-75.84859850159359,239.93344421156718
2017-02-15 13:00:00,229.0,82.0424228549868,-75.84859850159359,239.93344421156718
2017-02-15 14:00:00,3.0,82.0424228549868,-75.84859850159359,239.93344421156718
2017-02-15 15:00:00,3.0,82.0424228549868,-75.84859850159359,239.93344421156718
2017-02-15 16:00:00,173.0,82.0424228549868,-75.84859850159359,239.93344421156718
2017-02-15 17:00:00,253.0,82.0424228549868,-75.84859850159359,239.93344421156718
2017-02-15 18:00:00,269.0,82.0424228549868,-75.84859850159359,239.93344421156718
2017-02-15 19:00:00,275.0,82.0424228549868,-75.84859850159359,239.93344421156718
2017-02-15 20:00:00,285.0,82.0424228549868,-75.84859850159359,239.93344421156718
2017-02-15 21:00:00,255.0,82.0424228549868,-75.84859850159359,239.93344421156718
2017-02-15 22:00:00,263.0,82.0424228549868,-75.84859850159359,239.93344421156718
2017-02-15 23:00:00,276.0,82.0424228549868,-75.84859850159359,239.93344421156718
2017-02-16 00:00:00,295.0,82.0424228549868,-75.84859850159359,239.93344421156718
2017-02-16 01:00:00,299.0,82.0424228549868,-75.84859850159359,239.93344421156718
2017-02-16 02:00:00,285.0,82.0424228549868,-75.84859850159359,239.93344421156718
2017-02-16 03:00:00,277.0,82.0424228549868,-75.84859850159359,239.93344421156718
2017-02-16 04:00:00,284.0,82.0424228549868,-75.84859850159359,239.93344421156718
2017-02-16 05:00:00,275.0,82.0424228549868,-75.84859850159359,239.93344421156718
2017-02-16 06:00:00,270.0,82.0424228549868,-75.84859850159359,239.93344421156718
2017-02-16 07:00:00,270.0,82.0424228549868,-75.84859850159359,239.93344421156718
2017-02-16 08:00:00,236.0,82.0424228549868,-75.84859850159359,239.93344421156718
2017-02-16 09:00:00,185.0,82.0424228549868,-75.84859850159359,239.93344421156718
2017-02-16 10:00:00,82.0,82.0424228549868,-75.84859850159359,239.93344421156718
2017-02-16 11:00:00,41.0,82.0424228549868,-75.84859850159359,239.93344421156718
2017-02-16 12:00:00,14.0,82.0424228549868,-75.84859850159359,239.93344421156718
2017-02-16 13:00:00,15.0,82.0424228549868,-75.84859850159359,239.93344421156718
2017-02-16 14:00:00,11.0,82.0424228549868,-75.84859850159359,239.93344421156718
2017-02-16 15:00:00,4.0,82.0424228549868,-75.84859850159359,239.93344421156718
2017-02-16 16:00:00,10.0,82.0424228549868,-75.84859850159359,239.93344421156718
2017-02-16 17:00:00,14.0,82.0424228549868,-75.84859850159359,239.93344421156718
2017-02-16 18:00:00,9.0,82.0424228549868,-75.84859850159359,239.93344421156718
2017-02-16 19:00:00,9.0,82.0424228549868,-75.84859850159359,239.93344421156718
2017-02-16 20:00:00,11.0,82.0424228549868,-75.84859850159359,239.93344421156718
2017-02-16 21:00:00,8.0,82.0424228549868,-75.84859850159359,239.93344421156718
2017-02-16 22:00:00,8.0,82.0424228549868,-75.84859850159359,239.93344421156718
2017-02-16 23:00:00,5.0,82.0424228549868,-75.84859850159359,239.93344421156718
2017-02-17 00:00:00,6.0,82.0424228549868,-75.84859850159359,239.93344421156718
2017-02-17 01:00:00,6.0,82.0424228549868,-75.84859850159359,239.93344421156718
2017-02-17 02:00:00,5.0,82.0424228549868,-75.84859850159359,239.93344421156718
2017-02-17 03:00:00,7.0,82.0424228549868,-75.84859850159359,239.93344421156718
2017-02-17 04:00:00,10.0,82.0424228549868,-75.84859850159359,239.93344421156718
2017-02-17 05:00:00,9.0,82.0424228549868,-75.84859850159359,239.93344421156718
2017-02-17 06:00:00,10.0,82.0424228549868,-75.84859850159359,239.93344421156718
2017-02-17 07:00:00,9.0,82.0424228549868,-75.84859850159359,239.93344421156718
2017-02-17 08:00:00,9.0,82.0424228549868,-75.84859850159359,239.93344421156718
2017-02-17 09:00:00,9.0,82.0424228549868,-75.84859850159359,239.93344421156718
2017-02-17 10:00:00,8.0,82.0424228549868,-75.84859850159359,239.93344421156718
2017-02-17 11:00:00,6.0,82.0424228549868,-75.84859850159359,239.93344421156718
2017-02-17 12:00:00,8.0,82.0424228549868,-75.84859850159359,239.93344421156718
2017-02-17 13:00:00,8.0,82.0424228549868,-75.84859850159359,239.93344421156718
2017-02-17 14:00:00,6.0,82.0424228549868,-75.84859850159359,239.93344421156718
2017-02-17 15:00:00,7.0,82.0424228549868,-75.84859850159359,239.93344421156718
2017-02-17 16:00:00,9.0,82.0424228549868,-75.84859850159359,239.93344421156718
2017-02-17 17:00:00,27.0,82.0424228549868,-75.84859850159359,239.93344421156718
2017-02-17 18:00:00,49.0,82.0424228549868,-75.84859850159359,239.93344421156718
2017-02-17 19:00:00,64.0,82.0424228549868,-75.84859850159359,239.93344421156718
2017-02-17 20:00:00,57.0,82.0424228549868,-75.84859850159359,239.93344421156718
2017-02-17 21:00:00,53.0,82.0424228549868,-75.84859850159359,239.93344421156718
2017-02-17 22:00:00,52.0,82.0424228549868,-75.84859850159359,239.93344421156718
2017-02-17 23:00:00,50.0,82.0424228549868,-75.84859850159359,239.93344421156718
2017-02-18 00:00:00,56.0,82.0424228549868,-75.84859850159359,239.93344421156718
2017-02-18 01:00:00,67.0,82.0424228549868,-75.84859850159359,239.93344421156718
2017-02-18 02:00:00,71.0,82.0424228549868,-75.84859850159359,239.93344421156718
2017-02-18 03:00:00,87.0,82.0424228549868,-75.84859850159359,239.93344421156718
2017-02-18 04:00:00,80.0,82.0424228549868,-75.84859850159359,239.93344421156718
2017-02-18 05:00:00,74.0,82.0424228549868,-75.84859850159359,239.93344421156718
2017-02-18 06:00:00,74.0,82.0424228549868,-75.84859850159359,239.93344421156718
2017-02-18 07:00:00,71.0,82.0424228549868,-75.84859850159359,239.93344421156718
2017-02-18 08:00:00,70.0,82.0424228549868,-75.84859850159359,239.93344421156718
2017-02-18 09:00:00,79.0,82.0424228549868,-75.84859850159359,239.93344421156718
2017-02-18 10:00:00,75.0,82.0424228549868,-75.84859850159359,239.93344421156718
2017-02-18 11:00:00,89.0,82.0424228549868,-75.84859850159359,239.93344421156718
2017-02-18 12:00:00,94.0,82.0424228549868,-75.84859850159359,239.93344421156718
2017-02-18 13:00:00,91.0,82.0424228549868,-75.84859850159359,239.93344421156718
2017-02-18 14:00:00,87.0,82.0424228549868,-75.84859850159359,239.93344421156718
2017-02-18 15:00:00,87.0,82.0424228549868,-75.84859850159359,239.93344421156718
2017-02-18 16:00:00,92.0,82.0424228549868,-75.84859850159359,239.93344421156718
2017-02-18 17:00:00,75.0,82.0424228549868,-75.84859850159359,239.93344421156718
2017-02-18 18:00:00,62.0,82.0424228549868,-75.84859850159359,239.93344421156718
2017-02-18 19:00:00,75.0,82.0424228549868,-75.84859850159359,239.93344421156718
2017-02-18 20:00:00,90.0,82.0424228549868,-75.84859850159359,239.93344421156718
2017-02-18 21:00:00,103.0,82.0424228549868,-75.84859850159359,239.93344421156718
2017-02-18 22:00:00,108.0,82.0424228549868,-75.84859850159359,239.93344421156718
2017-02-18 23:00:00,123.0,82.0424228549868,-75.84859850159359,239.93344421156718
2017-02-19 00:00:00,129.0,82.0424228549868,-75.84859850159359,239.93344421156718
2017-02-19 01:00:00,134.0,82.0424228549868,-75.84859850159359,239.93344421156718
2017-02-19 02:00:00,144.0,82.0424228549868,-75.84859850159359,239.93344421156718
2017-02-19 03:00:00,161.0,82.0424228549868,-75.84859850159359,239.93344421156718
2017-02-19 04:00:00,169.0,82.0424228549868,-75.84859850159359,239.93344421156718
2017-02-19 05:00:00,170.0,82.0424228549868,-75.84859850159359,239.93344421156718
2017-02-19 06:00:00,167.0,82.0424228549868,-75.84859850159359,239.93344421156718
2017-02-19 07:00:00,168.0,82.0424228549868,-75.84859850159359,239.93344421156718
2017-02-19 08:00:00,169.0,82.0424228549868,-75.84859850159359,239.93344421156718
2017-02-19 09:00:00,162.0,82.0424228549868,-75.84859850159359,239.93344421156718
2017-02-19 10:00:00,162.0,82.0424228549868,-75.84859850159359,239.93344421156718
2017-02-19 11:00:00,169.0,82.0424228549868,-75.84859850159359,239.93344421156718
2017-02-19 12:00:00,195.0,82.0424228549868,-75.84859850159359,239.93344421156718
2017-02-19 13:00:00,189.0,82.0424228549868,-75.84859850159359,239.93344421156718
2017-02-19 14:00:00,168.0,82.0424228549868,-75.84859850159359,239.93344421156718
2017-02-19 15:00:00,91.0,82.0424228549868,-75.84859850159359,239.93344421156718
2017-02-19 16:00:00,17.0,82.0424228549868,-75.84859850159359,239.93344421156718
2017-02-19 17:00:00,13.0,82.0424228549868,-75.84859850159359,239.93344421156718
2017-02-19 18:00:00,7.0,82.0424228549868,-75.84859850159359,239.93344421156718
2017-02-19 19:00:00,7.0,82.0424228549868,-75.84859850159359,239.93344421156718
2017-02-19 20:00:00,12.0,82.0424228549868,-75.84859850159359,239.93344421156718
2017-02-19 21:00:00,6.0,82.0424228549868,-75.84859850159359,239.93344421156718
2017-02-19 22:00:00,8.0,82.0424228549868,-75.84859850159359,239.93344421156718
2017-02-19 23:00:00,5.0,82.0424228549868,-75.84859850159359,239.93344421156718
2017-02-20 00:00:00,5.0,82.0424228549868,-75.84859850159359,239.93344421156718
2017-02-20 01:00:00,3.0,82.0424228549868,-75.84859850159359,239.93344421156718
2017-02-20 02:00:00,6.0,82.0424228549868,-75.84859850159359,239.93344421156718
2017-02-20 03:00:00,3.0,82.0424228549868,-75.84859850159359,239.93344421156718
2017-02-20 04:00:00,4.0,82.0424228549868,-75.84859850159359,239.93344421156718
2017-02-20 05:00:00,8.0,82.0424228549868,-75.84859850159359,239.93344421156718
2017-02-20 06:00:00,6.0,82.0424228549868,-75.84859850159359,239.93344421156718
2017-02-20 07:00:00,3.0,82.0424228549868,-75.84859850159359,239.93344421156718
2017-02-20 08:00:00,5.0,82.0424228549868,-75.84859850159359,239.93344421156718
2017-02-20 09:00:00,3.0,82.0424228549868,-75.84859850159359,239.93344421156718
2017-02-20 10:00:00,8.0,82.0424228549868,-75.84859850159359,239.93344421156718
2017-02-20 11:00:00,9.0,82.0424228549868,-75.84859850159359,239.93344421156718
2017-02-20 12:00:00,8.0,82.0424228549868,-75.84859850159359,239.93344421156718
2017-02-20 13:00:00,7.0,82.0424228549868,-75.84859850159359,239.93344421156718
2017-02-20 14:00:00,12.0,82.0424228549868,-75.84859850159359,239.93344421156718
2017-02-20 15:00:00,11.333333333333334,82.0424228549868,-75.84859850159359,239.93344421156718
2017-02-20 16:00:00,10.666666666666666,82.0424228549868,-75.84859850159359,239.93344421156718
2017-02-20 17:00:00,10.0,82.0424228549868,-75.84859850159359,239.93344421156718
2017-02-20 18:00:00,12.5,82.0424228549868,-75.84859850159359,239.93344421156718
2017-02-20 19:00:00,15.0,82.0424228549868,-75.84859850159359,239.93344421156718
2017-02-20 20:00:00,16.0,82.0424228549868,-75.84859850159359,239.93344421156718
2017-02-20 21:00:00,20.0,82.0424228549868,-75.84859850159359,239.93344421156718
2017-02-20 22:00:00,25.0,82.0424228549868,-75.84859850159359,239.93344421156718
2017-02-20 23:00:00,28.0,82.0424228549868,-75.84859850159359,239.93344421156718
2017-02-21 00:00:00,34.0,82.0424228549868,-75.84859850159359,239.93344421156718
2017-02-21 01:00:00,40.0,82.0424228549868,-75.84859850159359,239.93344421156718
2017-02-21 02:00:00,46.0,82.0424228549868,-75.84859850159359,239.93344421156718
2017-02-21 03:00:00,50.0,82.0424228549868,-75.84859850159359,239.93344421156718
2017-02-21 04:00:00,63.33333333333333,82.0424228549868,-75.84859850159359,239.93344421156718
2017-02-21 05:00:00,76.66666666666666,82.0424228549868,-75.84859850159359,239.93344421156718
2017-02-21 06:00:00,90.0,82.0424228549868,-75.84859850159359,239.93344421156718
2017-02-21 07:00:00,84.66666666666667,82.0424228549868,-75.84859850159359,239.93344421156718
2017-02-21 08:00:00,79.33333333333333,82.0424228549868,-75.84859850159359,239.93344421156718
2017-02-21 09:00:00,74.0,82.0424228549868,-75.84859850159359,239.93344421156718
2017-02-21 10:00:00,102.0,82.0424228549868,-75.84859850159359,239.93344421156718
2017-02-21 11:00:00,96.5,82.0424228549868,-75.84859850159359,239.93344421156718
2017-02-21 12:00:00,91.0,82.0424228549868,-75.84859850159359,239.93344421156718
2017-02-21 13:00:00,66.5,82.0424228549868,-75.84859850159359,239.93344421156718
2017-02-21 14:00:00,42.0,82.0424228549868,-75.84859850159359,239.93344421156718
2017-02-21 15:00:00,40.0,82.0424228549868,-75.84859850159359,239.93344421156718
2017-02-21 16:00:00,28.0,82.0424228549868,-75.84859850159359,239.93344421156718
2017-02-21 17:00:00,21.0,82.0424228549868,-75.84859850159359,239.93344421156718
2017-02-21 18:00:00,29.0,82.0424228549868,-75.84859850159359,239.93344421156718
2017-02-21 19:00:00,31.0,82.0424228549868,-75.84859850159359,239.93344421156718
2017-02-21 20:00:00,47.0,82.0424228549868,-75.84859850159359,239.93344421156718
2017-02-21 21:00:00,67.0,82.0424228549868,-75.84859850159359,239.93344421156718
2017-02-21 22:00:00,60.0,82.0424228549868,-75.84859850159359,239.93344421156718
2017-02-21 23:00:00,62.0,82.0424228549868,-75.84859850159359,239.93344421156718
2017-02-22 00:00:00,55.0,82.0424228549868,-75.84859850159359,239.93344421156718
2017-02-22 01:00:00,70.0,82.0424228549868,-75.84859850159359,239.93344421156718
2017-02-22 02:00:00,81.0,82.0424228549868,-75.84859850159359,239.93344421156718
2017-02-22 03:00:00,88.0,82.0424228549868,-75.84859850159359,239.93344421156718
2017-02-22 04:00:00,86.0,82.0424228549868,-75.84859850159359,239.93344421156718
2017-02-22 05:00:00,86.0,82.0424228549868,-75.84859850159359,239.93344421156718
2017-02-22 06:00:00,91.0,82.0424228549868,-75.84859850159359,239.93344421156718
2017-02-22 07:00:00,95.0,82.0424228549868,-75.84859850159359,239.93344421156718
2017-02-22 08:00:00,95.0,82.0424228549868,-75.84859850159359,239.93344421156718
2017-02-22 09:00:00,108.0,82.0424228549868,-75.84859850159359,239.93344421156718
2017-02-22 10:00:00,114.0,82.0424228549868,-75.84859850159359,239.93344421156718
2017-02-22 11:00:00,131.0,82.0424228549868,-75.84859850159359,239.93344421156718
2017-02-22 12:00:00,142.0,82.0424228549868,-75.84859850159359,239.93344421156718
2017-02-22 13:00:00,139.0,82.0424228549868,-75.84859850159359,239.93344421156718
2017-02-22 14:00:00,147.0,82.0424228549868,-75.84859850159359,239.93344421156718
2017-02-22 15:00:00,145.0,82.0424228549868,-75.84859850159359,239.93344421156718
2017-02-22 16:00:00,131.0,82.0424228549868,-75.84859850159359,239.93344421156718
2017-02-22 17:00:00,28.0,82.0424228549868,-75.84859850159359,239.93344421156718
2017-02-22 18:00:00,11.0,82.0424228549868,-75.84859850159359,239.93344421156718
2017-02-22 19:00:00,10.0,82.0424228549868,-75.84859850159359,239.93344421156718
2017-02-22 20:00:00,14.0,82.0424228549868,-75.84859850159359,239.93344421156718
2017-02-22 21:00:00,14.0,82.0424228549868,-75.84859850159359,239.93344421156718
2017-02-22 22:00:00,15.0,82.0424228549868,-75.84859850159359,239.93344421156718
2017-02-22 23:00:00,12.0,82.0424228549868,-75.84859850159359,239.93344421156718
2017-02-23 00:00:00,13.0,82.0424228549868,-75.84859850159359,239.93344421156718
2017-02-23 01:00:00,15.0,82.0424228549868,-75.84859850159359,239.93344421156718
2017-02-23 02:00:00,11.0,82.0424228549868,-75.84859850159359,239.93344421156718
2017-02-23 03:00:00,12.0,82.0424228549868,-75.84859850159359,239.93344421156718
2017-02-23 04:00:00,15.0,82.0424228549868,-75.84859850159359,239.93344421156718
2017-02-23 05:00:00,13.0,82.0424228549868,-75.84859850159359,239.93344421156718
2017-02-23 06:00:00,13.0,82.0424228549868,-75.84859850159359,239.93344421156718
2017-02-23 07:00:00,11.0,82.0424228549868,-75.84859850159359,239.93344421156718
2017-02-23 08:00:00,15.0,82.0424228549868,-75.84859850159359,239.93344421156718
2017-02-23 09:00:00,12.0,82.0424228549868,-75.84859850159359,239.93344421156718
2017-02-23 10:00:00,11.0,82.0424228549868,-75.84859850159359,239.93344421156718
2017-02-23 11:00:00,13.0,82.0424228549868,-75.84859850159359,239.93344421156718
2017-02-23 12:00:00,13.0,82.0424228549868,-75.84859850159359,239.93344421156718
2017-02-23 13:00:00,12.0,82.0424228549868,-75.84859850159359,239.93344421156718
2017-02-23 14:00:00,3.0,82.0424228549868,-75.84859850159359,239.93344421156718
2017-02-23 15:00:00,18.0,82.0424228549868,-75.84859850159359,239.93344421156718
2017-02-23 16:00:00,31.0,82.0424228549868,-75.84859850159359,239.93344421156718
2017-02-23 17:00:00,23.0,82.0424228549868,-75.84859850159359,239.93344421156718
2017-02-23 18:00:00,10.0,82.0424228549868,-75.84859850159359,239.93344421156718
2017-02-23 19:00:00,6.0,82.0424228549868,-75.84859850159359,239.93344421156718
2017-02-23 20:00:00,33.0,82.0424228549868,-75.84859850159359,239.93344421156718
2017-02-23 21:00:00,26.0,82.0424228549868,-75.84859850159359,239.93344421156718
2017-02-23 22:00:00,30.0,82.0424228549868,-75.84859850159359,239.93344421156718
2017-02-23 23:00:00,45.0,82.0424228549868,-75.84859850159359,239.93344421156718
2017-02-24 00:00:00,46.0,82.0424228549868,-75.84859850159359,239.93344421156718
2017-02-24 01:00:00,48.0,82.0424228549868,-75.84859850159359,239.93344421156718
2017-02-24 02:00:00,36.0,82.0424228549868,-75.84859850159359,239.93344421156718
2017-02-24 03:00:00,36.0,82.0424228549868,-75.84859850159359,239.93344421156718
2017-02-24 04:00:00,28.0,82.0424228549868,-75.84859850159359,239.93344421156718
2017-02-24 05:00:00,23.0,82.0424228549868,-75.84859850159359,239.93344421156718
2017-02-24 06:00:00,16.0,82.0424228549868,-75.84859850159359,239.93344421156718
2017-02-24 07:00:00,20.0,82.0424228549868,-75.84859850159359,239.93344421156718
2017-02-24 08:00:00,20.0,82.0424228549868,-75.84859850159359,239.93344421156718
2017-02-24 09:00:00,26.0,82.0424228549868,-75.84859850159359,239.93344421156718
2017-02-24 10:00:00,23.0,82.0424228549868,-75.84859850159359,239.93344421156718
2017-02-24 11:00:00,22.0,82.0424228549868,-75.84859850159359,239.93344421156718
2017-02-24 12:00:00,21.0,82.0424228549868,-75.84859850159359,239.93344421156718
2017-02-24 13:00:00,16.0,82.0424228549868,-75.84859850159359,239.93344421156718
2017-02-24 14:00:00,16.0,82.0424228549868,-75.84859850159359,239.93344421156718
2017-02-24 15:00:00,18.0,82.0424228549868,-75.84859850159359,239.93344421156718
2017-02-24 16:00:00,11.0,82.0424228549868,-75.84859850159359,239.93344421156718
2017-02-24 17:00:00,11.0,82.0424228549868,-75.84859850159359,239.93344421156718
2017-02-24 18:00:00,9.0,82.0424228549868,-75.84859850159359,239.93344421156718
2017-02-24 19:00:00,11.0,82.0424228549868,-75.84859850159359,239.93344421156718
2017-02-24 20:00:00,10.0,82.0424228549868,-75.84859850159359,239.93344421156718
2017-02-24 21:00:00,14.0,82.0424228549868,-75.84859850159359,239.93344421156718
2017-02-24 22:00:00,18.0,82.0424228549868,-75.84859850159359,239.93344421156718
2017-02-24 23:00:00,18.0,82.0424228549868,-75.84859850159359,239.93344421156718
2017-02-25 00:00:00,12.0,82.0424228549868,-75.84859850159359,239.93344421156718
2017-02-25 01:00:00,7.0,82.0424228549868,-75.84859850159359,239.93344421156718
2017-02-25 02:00:00,11.0,82.0424228549868,-75.84859850159359,239.93344421156718
2017-02-25 03:00:00,7.0,82.0424228549868,-75.84859850159359,239.93344421156718
2017-02-25 04:00:00,13.0,82.0424228549868,-75.84859850159359,239.93344421156718
2017-02-25 05:00:00,13.0,82.0424228549868,-75.84859850159359,239.93344421156718
2017-02-25 06:00:00,3.0,82.0424228549868,-75.84859850159359,239.93344421156718
2017-02-25 07:00:00,11.0,82.0424228549868,-75.84859850159359,239.93344421156718
2017-02-25 08:00:00,5.0,82.0424228549868,-75.84859850159359,239.93344421156718
2017-02-25 09:00:00,7.0,82.0424228549868,-75.84859850159359,239.93344421156718
2017-02-25 10:00:00,17.0,82.0424228549868,-75.84859850159359,239.93344421156718
2017-02-25 11:00:00,9.0,82.0424228549868,-75.84859850159359,239.93344421156718
2017-02-25 12:00:00,12.0,82.0424228549868,-75.84859850159359,239.93344421156718
2017-02-25 13:00:00,7.0,82.0424228549868,-75.84859850159359,239.93344421156718
2017-02-25 14:00:00,10.0,82.0424228549868,-75.84859850159359,239.93344421156718
2017-02-25 15:00:00,8.0,82.0424228549868,-75.84859850159359,239.93344421156718
2017-02-25 16:00:00,9.0,82.0424228549868,-75.84859850159359,239.93344421156718
2017-02-25 17:00:00,11.0,82.0424228549868,-75.84859850159359,239.93344421156718
2017-02-25 18:00:00,14.0,82.0424228549868,-75.84859850159359,239.93344421156718
2017-02-25 19:00:00,14.0,82.0424228549868,-75.84859850159359,239.93344421156718
2017-02-25 20:00:00,17.0,82.0424228549868,-75.84859850159359,239.93344421156718
2017-02-25 21:00:00,12.0,82.0424228549868,-75.84859850159359,239.93344421156718
2017-02-25 22:00:00,25.0,82.0424228549868,-75.84859850159359,239.93344421156718
2017-02-25 23:00:00,15.0,82.0424228549868,-75.84859850159359,239.93344421156718
2017-02-26 00:00:00,24.0,82.0424228549868,-75.84859850159359,239.93344421156718
2017-02-26 01:00:00,22.0,82.0424228549868,-75.84859850159359,239.93344421156718
2017-02-26 02:00:00,19.0,82.0424228549868,-75.84859850159359,239.93344421156718
2017-02-26 03:00:00,18.0,82.0424228549868,-75.84859850159359,239.93344421156718
2017-02-26 04:00:00,18.0,82.0424228549868,-75.84859850159359,239.93344421156718
2017-02-26 05:00:00,25.0,82.0424228549868,-75.84859850159359,239.93344421156718
2017-02-26 06:00:00,30.0,82.0424228549868,-75.84859850159359,239.93344421156718
2017-02-26 07:00:00,32.0,82.0424228549868,-75.84859850159359,239.93344421156718
2017-02-26 08:00:00,30.0,82.0424228549868,-75.84859850159359,239.93344421156718
2017-02-26 09:00:00,19.0,82.0424228549868,-75.84859850159359,239.93344421156718
2017-02-26 10:00:00,20.0,82.0424228549868,-75.84859850159359,239.93344421156718
2017-02-26 11:00:00,31.0,82.0424228549868,-75.84859850159359,239.93344421156718
2017-02-26 12:00:00,26.0,82.0424228549868,-75.84859850159359,239.93344421156718
2017-02-26 13:00:00,23.0,82.0424228549868,-75.84859850159359,239.93344421156718
2017-02-26 14:00:00,24.0,82.0424228549868,-75.84859850159359,239.93344421156718
2017-02-26 15:00:00,24.0,82.0424228549868,-75.84859850159359,239.93344421156718
2017-02-26 16:00:00,26.0,82.0424228549868,-75.84859850159359,239.93344421156718
2017-02-26 17:00:00,29.0,82.0424228549868,-75.84859850159359,239.93344421156718
2017-02-26 18:00:00,30.0,82.0424228549868,-75.84859850159359,239.93344421156718
2017-02-26 19:00:00,30.0,82.0424228549868,-75.84859850159359,239.93344421156718
2017-02-26 20:00:00,36.0,82.0424228549868,-75.84859850159359,239.93344421156718
2017-02-26 21:00:00,42.0,82.0424228549868,-75.84859850159359,239.93344421156718
2017-02-26 22:00:00,51.0,82.0424228549868,-75.84859850159359,239.93344421156718
2017-02-26 23:00:00,46.0,82.0424228549868,-75.84859850159359,239.93344421156718
2017-02-27 00:00:00,38.0,82.0424228549868,-75.84859850159359,239.93344421156718
2017-02-27 01:00:00,55.0,82.0424228549868,-75.84859850159359,239.93344421156718
2017-02-27 02:00:00,77.0,82.0424228549868,-75.84859850159359,239.93344421156718
2017-02-27 03:00:00,85.0,82.0424228549868,-75.84859850159359,239.93344421156718
2017-02-27 04:00:00,94.0,82.0424228549868,-75.84859850159359,239.93344421156718
2017-02-27 05:00:00,96.0,82.0424228549868,-75.84859850159359,239.93344421156718
2017-02-27 06:00:00,80.0,82.0424228549868,-75.84859850159359,239.93344421156718
2017-02-27 07:00:00,73.0,82.0424228549868,-75.84859850159359,239.93344421156718
2017-02-27 08:00:00,61.0,82.0424228549868,-75.84859850159359,239.93344421156718
2017-02-27 09:00:00,52.0,82.0424228549868,-75.84859850159359,239.93344421156718
2017-02-27 10:00:00,89.0,82.0424228549868,-75.84859850159359,239.93344421156718
2017-02-27 11:00:00,122.0,82.0424228549868,-75.84859850159359,239.93344421156718
2017-02-27 12:00:00,115.66666666666667,82.0424228549868,-75.84859850159359,239.93344421156718
2017-02-27 13:00:00,109.33333333333333,82.0424228549868,-75.84859850159359,239.93344421156718
2017-02-27 14:00:00,103.0,82.0424228549868,-75.84859850159359,239.93344421156718
2017-02-27 15:00:00,95.0,82.0424228549868,-75.84859850159359,239.93344421156718
2017-02-27 16:00:00,75.0,82.0424228549868,-75.84859850159359,239.93344421156718
2017-02-27 17:00:00,58.0,82.0424228549868,-75.84859850159359,239.93344421156718
2017-02-27 18:00:00,47.0,82.0424228549868,-75.84859850159359,239.93344421156718
2017-02-27 19:00:00,51.0,82.0424228549868,-75.84859850159359,239.93344421156718
2017-02-27 20:00:00,51.0,82.0424228549868,-75.84859850159359,239.93344421156718
2017-02-27 21:00:00,53.0,82.0424228549868,-75.84859850159359,239.93344421156718
2017-02-27 22:00:00,58.0,82.0424228549868,-75.84859850159359,239.93344421156718
2017-02-27 23:00:00,70.0,82.0424228549868,-75.84859850159359,239.93344421156718
2017-02-28 00:00:00,56.0,82.0424228549868,-75.84859850159359,239.93344421156718
2017-02-28 01:00:00,15.0,82.0424228549868,-75.84859850159359,239.93344421156718
2017-02-28 02:00:00,9.0,82.0424228549868,-75.84859850159359,239.93344421156718
2017-02-28 03:00:00,7.0,82.0424228549868,-75.84859850159359,239.93344421156718
2017-02-28 04:00:00,13.0,82.0424228549868,-75.84859850159359,239.93344421156718
2017-02-28 05:00:00,12.0,82.0424228549868,-75.84859850159359,239.93344421156718
2017-02-28 06:00:00,9.0,82.0424228549868,-75.84859850159359,239.93344421156718
2017-02-28 07:00:00,11.0,82.0424228549868,-75.84859850159359,239.93344421156718
2017-02-28 08:00:00,13.0,82.0424228549868,-75.84859850159359,239.93344421156718
2017-02-28 09:00:00,12.0,82.0424228549868,-75.84859850159359,239.93344421156718
2017-02-28 10:00:00,11.0,82.0424228549868,-75.84859850159359,239.93344421156718
2017-02-28 11:00:00,7.0,82.0424228549868,-75.84859850159359,239.93344421156718
2017-02-28 12:00:00,6.0,82.0424228549868,-75.84859850159359,239.93344421156718
2017-02-28 13:00:00,6.0,82.0424228549868,-75.84859850159359,239.93344421156718
2017-02-28 14:00:00,5.0,82.0424228549868,-75.84859850159359,239.93344421156718
2017-02-28 15:00:00,6.0,82.0424228549868,-75.84859850159359,239.93344421156718
2017-02-28 16:00:00,12.0,82.0424228549868,-75.84859850159359,239.93344421156718
2017-02-28 17:00:00,12.0,82.0424228549868,-75.84859850159359,239.93344421156718
2017-02-28 18:00:00,13.0,82.0424228549868,-75.84859850159359,239.93344421156718
2017-02-28 19:00:00,12.0,82.0424228549868,-75.84859850159359,239.93344421156718
2017-02-28 20:00:00,13.0,82.0424228549868,-75.84859850159359,239.93344421156718
2017-02-28 21:00:00,16.0,82.0424228549868,-75.84859850159359,239.93344421156718
2017-02-28 22:00:00,21.0,82.0424228549868,-75.84859850159359,239.93344421156718
2017-02-28 23:00:00,19.0,82.0424228549868,-75.84859850159359,239.93344421156718
