datetime,station,Actual,Forecast
2017-01-01 00:00:00,Aotizhongxin,477.0,437.4818929943783
2017-01-01 01:00:00,Aotizhongxin,454.0,423.7072228333785
2017-01-01 02:00:00,Aotizhongxin,418.0,413.45510103998475
2017-01-01 03:00:00,Aotizhongxin,438.0,324.4591804224854
2017-01-01 04:00:00,Aotizhongxin,453.0,432.0529910558097
2017-01-01 05:00:00,Aotizhongxin,433.0,420.662108742027
2017-01-01 06:00:00,Aotizhongxin,416.0,366.0544077144692
2017-01-01 07:00:00,Aotizhongxin,421.0,377.4777369562045
2017-01-01 08:00:00,Aotizhongxin,424.0,383.34815141907035
2017-01-01 09:00:00,Aotizhongxin,413.0,391.59172233270584
2017-01-01 10:00:00,Aotizhongxin,425.0,397.71845502100575
2017-01-01 11:00:00,Aotizhongxin,381.0,400.9071499051119
2017-01-01 12:00:00,Aotizhongxin,466.0,397.42470296093313
2017-01-01 13:00:00,Aotizhongxin,542.0,486.11227099366283
2017-01-01 14:00:00,Aotizhongxin,568.0,532.7570196499072
2017-01-01 15:00:00,Aotizhongxin,568.0,522.6929300210212
2017-01-01 16:00:00,Aotizhongxin,543.0,508.5634445783826
2017-01-01 17:00:00,Aotizhongxin,522.0,493.2779794282273
2017-01-01 18:00:00,Aotizhongxin,487.0,506.86601265165007
2017-01-01 19:00:00,Aotizhongxin,475.0,454.9663669987683
2017-01-01 20:00:00,Aotizhongxin,459.0,447.0523538853126
2017-01-01 21:00:00,Aotizhongxin,453.0,447.9580335896563
2017-01-01 22:00:00,Aotizhongxin,417.0,450.6177977543303
2017-01-01 23:00:00,Aotizhongxin,395.0,397.1006175017646
2017-01-02 00:00:00,Aotizhongxin,420.0,389.5968493797644
2017-01-02 01:00:00,Aotizhongxin,453.0,376.3470811721445
2017-01-02 02:00:00,Aotizhongxin,429.0,516.9064767096248
2017-01-02 03:00:00,Aotizhongxin,211.0,356.3299790263283
2017-01-02 04:00:00,Aotizhongxin,116.0,157.9884167418404
2017-01-02 05:00:00,Aotizhongxin,51.0,104.0474012316869
2017-01-02 06:00:00,Aotizhongxin,38.0,46.31789659754951
2017-01-02 07:00:00,Aotizhongxin,21.0,44.75133981782755
2017-01-02 08:00:00,Aotizhongxin,16.0,23.255815174135755
2017-01-02 09:00:00,Aotizhongxin,23.0,21.03412338861023
2017-01-02 10:00:00,Aotizhongxin,18.0,28.0093827150363
2017-01-02 11:00:00,Aotizhongxin,58.0,22.46453667466949
2017-01-02 12:00:00,Aotizhongxin,176.0,75.16113700086568
2017-01-02 13:00:00,Aotizhongxin,109.0,198.8394941158995
2017-01-02 14:00:00,Aotizhongxin,267.0,91.3916405076897
2017-01-02 15:00:00,Aotizhongxin,260.0,295.03937871880424
2017-01-02 16:00:00,Aotizhongxin,212.0,240.1764192311565
2017-01-02 17:00:00,Aotizhongxin,183.0,201.17497874269338
2017-01-02 18:00:00,Aotizhongxin,136.0,175.8776265224163
2017-01-02 19:00:00,Aotizhongxin,137.0,126.72599189708423
2017-01-02 20:00:00,Aotizhongxin,125.0,144.16981961668267
2017-01-02 21:00:00,Aotizhongxin,153.0,131.0523627830742
2017-01-02 22:00:00,Aotizhongxin,165.0,167.76874294162894
2017-01-02 23:00:00,Aotizhongxin,225.0,177.64238475454047
2017-01-03 00:00:00,Aotizhongxin,275.0,225.34891841212578
2017-01-03 01:00:00,Aotizhongxin,293.0,263.0952557848523
2017-01-03 02:00:00,Aotizhongxin,293.0,264.8916189643737
2017-01-03 03:00:00,Aotizhongxin,287.0,268.2538132213533
2017-01-03 04:00:00,Aotizhongxin,305.0,269.0645902924728
2017-01-03 05:00:00,Aotizhongxin,304.0,282.6733949276586
2017-01-03 06:00:00,Aotizhongxin,266.0,284.23175039109867
2017-01-03 07:00:00,Aotizhongxin,240.0,248.91579558567105
2017-01-03 08:00:00,Aotizhongxin,237.0,229.20164866027997
2017-01-03 09:00:00,Aotizhongxin,232.0,236.30048919138443
2017-01-03 10:00:00,Aotizhongxin,155.0,240.03922561992795
2017-01-03 11:00:00,Aotizhongxin,167.0,123.21361344630951
2017-01-03 12:00:00,Aotizhongxin,170.0,175.79722555379243
2017-01-03 13:00:00,Aotizhongxin,179.0,179.28973858576265
2017-01-03 14:00:00,Aotizhongxin,244.0,186.56580465418256
2017-01-03 15:00:00,Aotizhongxin,296.0,273.915664644429
2017-01-03 16:00:00,Aotizhongxin,295.0,319.0793374723771
2017-01-03 17:00:00,Aotizhongxin,328.0,306.61274499098215
2017-01-03 18:00:00,Aotizhongxin,397.0,364.7737550860099
2017-01-03 19:00:00,Aotizhongxin,437.0,419.2698523183372
2017-01-03 20:00:00,Aotizhongxin,464.0,452.63775565405575
2017-01-03 21:00:00,Aotizhongxin,483.0,464.27267642252485
2017-01-03 22:00:00,Aotizhongxin,447.0,464.0116216004716
2017-01-03 23:00:00,Aotizhongxin,440.0,455.9642686824057
2017-01-04 00:00:00,Aotizhongxin,463.0,466.1530729735405
2017-01-04 01:00:00,Aotizhongxin,467.0,441.01468503165114
2017-01-04 02:00:00,Aotizhongxin,463.0,440.7727597061368
2017-01-04 03:00:00,Aotizhongxin,473.0,431.0932716027464
2017-01-04 04:00:00,Aotizhongxin,488.0,505.1232565575393
2017-01-04 05:00:00,Aotizhongxin,500.0,492.006959356482
2017-01-04 06:00:00,Aotizhongxin,392.0,484.8813646663388
2017-01-04 07:00:00,Aotizhongxin,338.0,366.69606029267845
2017-01-04 08:00:00,Aotizhongxin,338.0,317.58578042359727
2017-01-04 09:00:00,Aotizhongxin,441.0,370.9768197975373
2017-01-04 10:00:00,Aotizhongxin,333.0,490.8991266731818
2017-01-04 11:00:00,Aotizhongxin,167.0,287.55579214941963
2017-01-04 12:00:00,Aotizhongxin,216.0,126.2427564923714
2017-01-04 13:00:00,Aotizhongxin,291.0,222.8727328149163
2017-01-04 14:00:00,Aotizhongxin,325.0,288.1511372844101
2017-01-04 15:00:00,Aotizhongxin,367.0,333.35116396213397
2017-01-04 16:00:00,Aotizhongxin,322.0,365.03933214269176
2017-01-04 17:00:00,Aotizhongxin,298.0,326.67964655737256
2017-01-04 18:00:00,Aotizhongxin,304.0,336.1195027482805
2017-01-04 19:00:00,Aotizhongxin,346.0,328.4438967770492
2017-01-04 20:00:00,Aotizhongxin,356.0,352.3587155212274
2017-01-04 21:00:00,Aotizhongxin,380.0,373.5935515234557
2017-01-04 22:00:00,Aotizhongxin,328.0,375.25896312968786
2017-01-04 23:00:00,Aotizhongxin,203.0,314.0015977993721
2017-01-05 00:00:00,Aotizhongxin,168.0,142.36321537935004
2017-01-05 01:00:00,Aotizhongxin,159.0,163.41553072445726
2017-01-05 02:00:00,Aotizhongxin,168.0,168.21483071536667
2017-01-05 03:00:00,Aotizhongxin,175.0,181.4563277704215
2017-01-05 04:00:00,Aotizhongxin,256.0,183.59593182183923
2017-01-05 05:00:00,Aotizhongxin,336.0,273.8605554362505
2017-01-05 06:00:00,Aotizhongxin,284.0,344.8091153863051
2017-01-05 07:00:00,Aotizhongxin,275.0,292.84854365247196
2017-01-05 08:00:00,Aotizhongxin,271.0,300.1859933924419
2017-01-05 09:00:00,Aotizhongxin,276.0,296.8924783275564
2017-01-05 10:00:00,Aotizhongxin,267.0,303.7335744187487
2017-01-05 11:00:00,Aotizhongxin,249.0,295.09188424838874
2017-01-05 12:00:00,Aotizhongxin,239.0,275.0545540623032
2017-01-05 13:00:00,Aotizhongxin,223.0,255.67918189284893
2017-01-05 14:00:00,Aotizhongxin,206.0,229.37567799322622
2017-01-05 15:00:00,Aotizhongxin,162.0,211.87764526126048
2017-01-05 16:00:00,Aotizhongxin,184.0,167.4484928253935
2017-01-05 17:00:00,Aotizhongxin,183.0,202.11390590553586
2017-01-05 18:00:00,Aotizhongxin,191.0,204.3296188870014
2017-01-05 19:00:00,Aotizhongxin,219.0,214.07433146222837
2017-01-05 20:00:00,Aotizhongxin,199.0,237.88634032767197
2017-01-05 21:00:00,Aotizhongxin,180.0,205.02109188444115
2017-01-05 22:00:00,Aotizhongxin,184.0,182.62429061198233
2017-01-05 23:00:00,Aotizhongxin,184.0,184.2853880601889
2017-01-06 00:00:00,Aotizhongxin,184.0,193.84361980590637
2017-01-06 01:00:00,Aotizhongxin,176.0,180.46459059491733
2017-01-06 02:00:00,Aotizhongxin,159.0,179.52361093775428
2017-01-06 03:00:00,Aotizhongxin,158.0,162.63321236778006
2017-01-06 04:00:00,Aotizhongxin,171.0,165.49658320120474
2017-01-06 05:00:00,Aotizhongxin,169.0,179.35873100066186
2017-01-06 06:00:00,Aotizhongxin,177.0,181.0905997297463
2017-01-06 07:00:00,Aotizhongxin,170.0,185.97346560172522
2017-01-06 08:00:00,Aotizhongxin,175.0,183.78174665412934
2017-01-06 09:00:00,Aotizhongxin,211.0,195.96042059795406
2017-01-06 10:00:00,Aotizhongxin,216.0,236.13933223981712
2017-01-06 11:00:00,Aotizhongxin,193.0,231.09736148088894
2017-01-06 12:00:00,Aotizhongxin,188.0,207.76482704408366
2017-01-06 13:00:00,Aotizhongxin,200.0,207.6986633271818
2017-01-06 14:00:00,Aotizhongxin,214.0,210.35975848874307
2017-01-06 15:00:00,Aotizhongxin,215.0,228.92452417961945
2017-01-06 16:00:00,Aotizhongxin,221.0,224.15589739730078
2017-01-06 17:00:00,Aotizhongxin,211.0,243.3064549093876
2017-01-06 18:00:00,Aotizhongxin,217.0,231.74262057033883
2017-01-06 19:00:00,Aotizhongxin,220.0,243.64153606898267
2017-01-06 20:00:00,Aotizhongxin,235.0,228.87330544871148
2017-01-06 21:00:00,Aotizhongxin,239.0,244.56975939834157
2017-01-06 22:00:00,Aotizhongxin,235.0,252.76644335627648
2017-01-06 23:00:00,Aotizhongxin,241.0,244.164992814475
2017-01-07 00:00:00,Aotizhongxin,239.0,247.73149367818567
2017-01-07 01:00:00,Aotizhongxin,224.0,237.5686707618477
2017-01-07 02:00:00,Aotizhongxin,208.0,222.69188043909563
2017-01-07 03:00:00,Aotizhongxin,206.0,205.66563213372027
2017-01-07 04:00:00,Aotizhongxin,200.0,207.58483708462222
2017-01-07 05:00:00,Aotizhongxin,181.0,204.13067650853156
2017-01-07 06:00:00,Aotizhongxin,173.0,185.3798748189684
2017-01-07 07:00:00,Aotizhongxin,166.0,186.8226150230665
2017-01-07 08:00:00,Aotizhongxin,154.0,178.82439733461428
2017-01-07 09:00:00,Aotizhongxin,142.0,167.59197843605529
2017-01-07 10:00:00,Aotizhongxin,167.0,148.8871919334353
2017-01-07 11:00:00,Aotizhongxin,196.0,182.53651262915577
2017-01-07 12:00:00,Aotizhongxin,184.0,216.6542685589105
2017-01-07 13:00:00,Aotizhongxin,156.0,190.03598217109547
2017-01-07 14:00:00,Aotizhongxin,115.0,168.98232859078666
2017-01-07 15:00:00,Aotizhongxin,99.0,120.38846482256008
2017-01-07 16:00:00,Aotizhongxin,95.0,118.21740064870271
2017-01-07 17:00:00,Aotizhongxin,102.0,114.24699605216547
2017-01-07 18:00:00,Aotizhongxin,96.0,126.31796586628327
2017-01-07 19:00:00,Aotizhongxin,100.0,114.77701117608403
2017-01-07 20:00:00,Aotizhongxin,111.0,120.53757750104285
2017-01-07 21:00:00,Aotizhongxin,93.0,133.00942440520873
2017-01-07 22:00:00,Aotizhongxin,78.0,102.83076290573234
2017-01-07 23:00:00,Aotizhongxin,66.0,97.61387001533053
2017-01-08 00:00:00,Aotizhongxin,66.0,67.14745601001798
2017-01-08 01:00:00,Aotizhongxin,22.0,63.40003137614675
2017-01-08 02:00:00,Aotizhongxin,23.0,20.01822479790954
2017-01-08 03:00:00,Aotizhongxin,19.0,25.069908025473428
2017-01-08 04:00:00,Aotizhongxin,24.0,21.393265876479756
2017-01-08 05:00:00,Aotizhongxin,16.0,25.507830961409187
2017-01-08 06:00:00,Aotizhongxin,15.0,18.725188734138033
2017-01-08 07:00:00,Aotizhongxin,18.0,17.572574422910844
2017-01-08 08:00:00,Aotizhongxin,20.0,20.992281214028147
2017-01-08 09:00:00,Aotizhongxin,15.0,22.529910580926142
2017-01-08 10:00:00,Aotizhongxin,22.0,18.438880513387286
2017-01-08 11:00:00,Aotizhongxin,18.0,23.2714729365379
2017-01-08 12:00:00,Aotizhongxin,28.0,21.929212471332644
2017-01-08 13:00:00,Aotizhongxin,22.0,30.180804542745513
2017-01-08 14:00:00,Aotizhongxin,17.0,24.410420366499757
2017-01-08 15:00:00,Aotizhongxin,14.0,20.596400682755736
2017-01-08 16:00:00,Aotizhongxin,13.0,18.112119991022464
2017-01-08 17:00:00,Aotizhongxin,14.0,17.777835985694736
2017-01-08 18:00:00,Aotizhongxin,15.0,19.697972476341413
2017-01-08 19:00:00,Aotizhongxin,21.0,20.72252905932683
2017-01-08 20:00:00,Aotizhongxin,15.0,25.721903484023397
2017-01-08 21:00:00,Aotizhongxin,13.0,18.2098499982212
2017-01-08 22:00:00,Aotizhongxin,10.0,15.847041858848433
2017-01-08 23:00:00,Aotizhongxin,10.0,14.072515019564788
2017-01-09 00:00:00,Aotizhongxin,8.0,13.825517738784423
2017-01-09 01:00:00,Aotizhongxin,9.0,12.242823441201654
2017-01-09 02:00:00,Aotizhongxin,11.0,12.719575003272197
2017-01-09 03:00:00,Aotizhongxin,6.0,13.467244634087129
2017-01-09 04:00:00,Aotizhongxin,6.0,10.739313519336907
2017-01-09 05:00:00,Aotizhongxin,10.0,6.293485329956138
2017-01-09 06:00:00,Aotizhongxin,11.0,8.740208192635775
2017-01-09 07:00:00,Aotizhongxin,9.0,8.901445844834756
2017-01-09 08:00:00,Aotizhongxin,16.0,8.29810437136889
2017-01-09 09:00:00,Aotizhongxin,13.0,13.177892802173819
2017-01-09 10:00:00,Aotizhongxin,12.0,11.651851469761885
2017-01-09 11:00:00,Aotizhongxin,17.0,11.020186338571634
2017-01-09 12:00:00,Aotizhongxin,7.0,16.356549924262715
2017-01-09 13:00:00,Aotizhongxin,15.0,14.452812364170638
2017-01-09 14:00:00,Aotizhongxin,17.0,17.89418027215517
2017-01-09 15:00:00,Aotizhongxin,34.0,22.383513509412897
2017-01-09 16:00:00,Aotizhongxin,37.0,43.8644646144916
2017-01-09 17:00:00,Aotizhongxin,50.0,51.223719921000054
2017-01-09 18:00:00,Aotizhongxin,62.0,69.48580207752515
2017-01-09 19:00:00,Aotizhongxin,87.0,78.47291601780745
2017-01-09 20:00:00,Aotizhongxin,114.0,95.7222553084369
2017-01-09 21:00:00,Aotizhongxin,127.0,115.23802044658085
2017-01-09 22:00:00,Aotizhongxin,120.0,103.78263395107481
2017-01-09 23:00:00,Aotizhongxin,51.0,100.7681899160564
2017-01-10 00:00:00,Aotizhongxin,70.0,51.845808941479625
2017-01-10 01:00:00,Aotizhongxin,19.0,55.056290021579116
2017-01-10 02:00:00,Aotizhongxin,7.0,11.351311039931756
2017-01-10 03:00:00,Aotizhongxin,5.0,8.007597024615677
2017-01-10 04:00:00,Aotizhongxin,10.0,5.630062316481693
2017-01-10 05:00:00,Aotizhongxin,10.0,7.767300948831975
2017-01-10 06:00:00,Aotizhongxin,11.0,8.174168187182635
2017-01-10 07:00:00,Aotizhongxin,8.0,8.179594121619218
2017-01-10 08:00:00,Aotizhongxin,3.0,27.53842430574162
2017-01-10 09:00:00,Aotizhongxin,6.0,8.95012576487513
2017-01-10 10:00:00,Aotizhongxin,3.0,8.581566882407664
2017-01-10 11:00:00,Aotizhongxin,3.0,5.7257699435010325
2017-01-10 12:00:00,Aotizhongxin,3.0,5.407271546515217
2017-01-10 13:00:00,Aotizhongxin,3.0,5.157033625960753
2017-01-10 14:00:00,Aotizhongxin,3.0,9.604338631584836
2017-01-10 15:00:00,Aotizhongxin,5.0,12.179135555374693
2017-01-10 16:00:00,Aotizhongxin,7.0,13.615248786336755
2017-01-10 17:00:00,Aotizhongxin,8.0,13.145782631958012
2017-01-10 18:00:00,Aotizhongxin,13.0,33.77822294978743
2017-01-10 19:00:00,Aotizhongxin,81.0,32.13952149418951
2017-01-10 20:00:00,Aotizhongxin,91.0,98.30887954973295
2017-01-10 21:00:00,Aotizhongxin,84.0,97.63011210583282
2017-01-10 22:00:00,Aotizhongxin,87.0,89.81550555956123
2017-01-10 23:00:00,Aotizhongxin,91.0,95.60770317268
2017-01-11 00:00:00,Aotizhongxin,94.0,97.31182272904606
2017-01-11 01:00:00,Aotizhongxin,97.0,109.85330928478112
2017-01-11 02:00:00,Aotizhongxin,112.0,96.92681630922408
2017-01-11 03:00:00,Aotizhongxin,98.0,114.10767573471442
2017-01-11 04:00:00,Aotizhongxin,68.0,95.5495770623675
2017-01-11 05:00:00,Aotizhongxin,60.0,64.95202562718377
2017-01-11 06:00:00,Aotizhongxin,33.0,59.28760293045358
2017-01-11 07:00:00,Aotizhongxin,28.0,38.97348553557088
2017-01-11 08:00:00,Aotizhongxin,20.0,35.56770969675437
2017-01-11 09:00:00,Aotizhongxin,32.0,29.58763805319579
2017-01-11 10:00:00,Aotizhongxin,3.0,42.17554001978181
2017-01-11 11:00:00,Aotizhongxin,3.0,29.034573453460467
2017-01-11 12:00:00,Aotizhongxin,39.0,24.44196535393326
2017-01-11 13:00:00,Aotizhongxin,37.0,55.722861638465076
2017-01-11 14:00:00,Aotizhongxin,46.0,45.05838239034849
2017-01-11 15:00:00,Aotizhongxin,50.0,55.86108480735086
2017-01-11 16:00:00,Aotizhongxin,66.0,66.19946740724885
2017-01-11 17:00:00,Aotizhongxin,58.0,89.84035027634751
2017-01-11 18:00:00,Aotizhongxin,38.0,75.8427133263545
2017-01-11 19:00:00,Aotizhongxin,36.0,53.52659863263254
2017-01-11 20:00:00,Aotizhongxin,31.0,51.16449208461272
2017-01-11 21:00:00,Aotizhongxin,22.0,43.37879909187432
2017-01-11 22:00:00,Aotizhongxin,22.0,31.46436777106593
2017-01-11 23:00:00,Aotizhongxin,31.0,38.601310331448595
2017-01-12 00:00:00,Aotizhongxin,26.0,36.77601046441178
2017-01-12 01:00:00,Aotizhongxin,23.0,28.433578885636628
2017-01-12 02:00:00,Aotizhongxin,26.0,26.659463546401128
2017-01-12 03:00:00,Aotizhongxin,31.0,30.566777659074717
2017-01-12 04:00:00,Aotizhongxin,32.0,39.80418775969899
2017-01-12 05:00:00,Aotizhongxin,22.0,32.35303491442936
2017-01-12 06:00:00,Aotizhongxin,19.0,25.0953016219645
2017-01-12 07:00:00,Aotizhongxin,16.0,24.20426149851743
2017-01-12 08:00:00,Aotizhongxin,26.0,20.359496358877283
2017-01-12 09:00:00,Aotizhongxin,27.0,34.87255848779606
2017-01-12 10:00:00,Aotizhongxin,20.0,39.320308152477445
2017-01-12 11:00:00,Aotizhongxin,25.0,29.765529540502246
2017-01-12 12:00:00,Aotizhongxin,45.0,34.25193987586162
2017-01-12 13:00:00,Aotizhongxin,84.0,49.47954293107802
2017-01-12 14:00:00,Aotizhongxin,80.0,86.88224607610978
2017-01-12 15:00:00,Aotizhongxin,94.0,84.74602653595005
2017-01-12 16:00:00,Aotizhongxin,97.0,102.60268001846914
2017-01-12 17:00:00,Aotizhongxin,93.0,109.99009665696838
2017-01-12 18:00:00,Aotizhongxin,121.0,111.54503362592448
2017-01-12 19:00:00,Aotizhongxin,108.0,139.79041085156715
2017-01-12 20:00:00,Aotizhongxin,33.0,119.73180856623459
2017-01-12 21:00:00,Aotizhongxin,19.0,42.96762309876648
2017-01-12 22:00:00,Aotizhongxin,15.0,20.10190059093507
2017-01-12 23:00:00,Aotizhongxin,5.0,12.638021418550704
2017-01-13 00:00:00,Aotizhongxin,20.0,8.353489900307924
2017-01-13 01:00:00,Aotizhongxin,9.0,17.682208078728163
2017-01-13 02:00:00,Aotizhongxin,14.0,9.264543771494454
2017-01-13 03:00:00,Aotizhongxin,8.0,11.26539738577925
2017-01-13 04:00:00,Aotizhongxin,10.0,9.527493874908936
2017-01-13 05:00:00,Aotizhongxin,13.0,10.962782269304807
2017-01-13 06:00:00,Aotizhongxin,17.0,13.143225458624169
2017-01-13 07:00:00,Aotizhongxin,22.0,20.996073406108454
2017-01-13 08:00:00,Aotizhongxin,8.0,19.65001186860274
2017-01-13 09:00:00,Aotizhongxin,8.0,9.221764550435848
2017-01-13 10:00:00,Aotizhongxin,20.0,8.209949787415958
2017-01-13 11:00:00,Aotizhongxin,13.0,17.115112714908538
2017-01-13 12:00:00,Aotizhongxin,7.0,12.055164838425588
2017-01-13 13:00:00,Aotizhongxin,15.0,7.552363328816359
2017-01-13 14:00:00,Aotizhongxin,9.0,16.582211878861024
2017-01-13 15:00:00,Aotizhongxin,15.0,9.295788013741182
2017-01-13 16:00:00,Aotizhongxin,17.0,12.762936014852587
2017-01-13 17:00:00,Aotizhongxin,18.0,16.04734584697758
2017-01-13 18:00:00,Aotizhongxin,16.0,18.42727448067887
2017-01-13 19:00:00,Aotizhongxin,21.0,16.437550428911276
2017-01-13 20:00:00,Aotizhongxin,18.0,21.599047686773197
2017-01-13 21:00:00,Aotizhongxin,15.0,17.745495507197514
2017-01-13 22:00:00,Aotizhongxin,22.0,13.134464897397597
2017-01-13 23:00:00,Aotizhongxin,17.0,19.25428706305224
2017-01-14 00:00:00,Aotizhongxin,18.0,20.580615781076336
2017-01-14 01:00:00,Aotizhongxin,17.0,17.03415670639397
2017-01-14 02:00:00,Aotizhongxin,13.0,16.27482463755929
2017-01-14 03:00:00,Aotizhongxin,21.0,11.920898379382313
2017-01-14 04:00:00,Aotizhongxin,18.0,17.850541636529353
2017-01-14 05:00:00,Aotizhongxin,11.0,18.617642776641873
2017-01-14 06:00:00,Aotizhongxin,9.0,10.700036161024176
2017-01-14 07:00:00,Aotizhongxin,24.0,11.907147010596658
2017-01-14 08:00:00,Aotizhongxin,19.0,27.08466597973438
2017-01-14 09:00:00,Aotizhongxin,27.0,22.755612154363092
2017-01-14 10:00:00,Aotizhongxin,31.0,29.822040089475156
2017-01-14 11:00:00,Aotizhongxin,18.0,29.347547775993878
2017-01-14 12:00:00,Aotizhongxin,12.0,19.66341565197723
2017-01-14 13:00:00,Aotizhongxin,8.0,12.846889951340382
2017-01-14 14:00:00,Aotizhongxin,11.0,13.235664412906251
2017-01-14 15:00:00,Aotizhongxin,18.0,15.682309036655086
2017-01-14 16:00:00,Aotizhongxin,24.0,16.519404332552522
2017-01-14 17:00:00,Aotizhongxin,31.0,31.840129287491106
2017-01-14 18:00:00,Aotizhongxin,38.0,39.46768075930288
2017-01-14 19:00:00,Aotizhongxin,41.0,47.36250863453759
2017-01-14 20:00:00,Aotizhongxin,44.0,52.49325686432908
2017-01-14 21:00:00,Aotizhongxin,37.0,67.03624852240868
2017-01-14 22:00:00,Aotizhongxin,31.0,47.525116391765025
2017-01-14 23:00:00,Aotizhongxin,37.0,41.29614079480788
2017-01-15 00:00:00,Aotizhongxin,32.0,45.84638384281363
2017-01-15 01:00:00,Aotizhongxin,48.0,38.13674028167952
2017-01-15 02:00:00,Aotizhongxin,35.0,49.725043913352
2017-01-15 03:00:00,Aotizhongxin,35.0,34.947474533518815
2017-01-15 04:00:00,Aotizhongxin,42.0,37.899457595134535
2017-01-15 05:00:00,Aotizhongxin,22.0,43.456618769661254
2017-01-15 06:00:00,Aotizhongxin,26.0,28.489101661289713
2017-01-15 07:00:00,Aotizhongxin,17.0,31.374988187835044
2017-01-15 08:00:00,Aotizhongxin,23.0,25.85703028193807
2017-01-15 09:00:00,Aotizhongxin,22.0,31.524805819923607
2017-01-15 10:00:00,Aotizhongxin,34.0,32.39962898683295
2017-01-15 11:00:00,Aotizhongxin,48.0,41.27634560601766
2017-01-15 12:00:00,Aotizhongxin,49.0,55.80897309824734
2017-01-15 13:00:00,Aotizhongxin,48.0,56.66468394920059
2017-01-15 14:00:00,Aotizhongxin,53.0,56.13343945614666
2017-01-15 15:00:00,Aotizhongxin,57.0,63.1470331784421
2017-01-15 16:00:00,Aotizhongxin,76.0,68.80439237316318
2017-01-15 17:00:00,Aotizhongxin,81.0,94.77656227333576
2017-01-15 18:00:00,Aotizhongxin,76.0,92.03054266715529
2017-01-15 19:00:00,Aotizhongxin,72.0,93.18027018968938
2017-01-15 20:00:00,Aotizhongxin,72.0,76.34172754865546
2017-01-15 21:00:00,Aotizhongxin,74.0,75.57530144090305
2017-01-15 22:00:00,Aotizhongxin,85.0,79.2221663168933
2017-01-15 23:00:00,Aotizhongxin,86.0,88.83275463239843
2017-01-16 00:00:00,Aotizhongxin,92.0,91.40151781825266
2017-01-16 01:00:00,Aotizhongxin,94.0,98.61872087553469
2017-01-16 02:00:00,Aotizhongxin,93.0,96.99722084521377
2017-01-16 03:00:00,Aotizhongxin,97.0,92.91147664362418
2017-01-16 04:00:00,Aotizhongxin,97.0,96.46187099117464
2017-01-16 05:00:00,Aotizhongxin,89.0,92.07385774925343
2017-01-16 06:00:00,Aotizhongxin,90.0,84.72218272533068
2017-01-16 07:00:00,Aotizhongxin,87.0,94.76950691803279
2017-01-16 08:00:00,Aotizhongxin,89.0,91.07310794379127
2017-01-16 09:00:00,Aotizhongxin,66.0,96.3032319751095
2017-01-16 10:00:00,Aotizhongxin,60.0,69.30956370849576
2017-01-16 11:00:00,Aotizhongxin,72.0,64.59837399839199
2017-01-16 12:00:00,Aotizhongxin,71.0,79.33150460896474
2017-01-16 13:00:00,Aotizhongxin,79.0,70.89897664109425
2017-01-16 14:00:00,Aotizhongxin,96.0,90.27103806403315
2017-01-16 15:00:00,Aotizhongxin,116.0,103.49851423979771
2017-01-16 16:00:00,Aotizhongxin,122.0,123.59985455152945
2017-01-16 17:00:00,Aotizhongxin,128.0,118.3825248884227
2017-01-16 18:00:00,Aotizhongxin,120.0,136.41366690490392
2017-01-16 19:00:00,Aotizhongxin,125.0,127.99347563181198
2017-01-16 20:00:00,Aotizhongxin,138.0,130.95694740667713
2017-01-16 21:00:00,Aotizhongxin,138.0,144.27649163821994
2017-01-16 22:00:00,Aotizhongxin,120.0,142.6803344751782
2017-01-16 23:00:00,Aotizhongxin,127.0,121.62836072171467
2017-01-17 00:00:00,Aotizhongxin,141.0,134.6628859247668
2017-01-17 01:00:00,Aotizhongxin,146.0,142.3571586784439
2017-01-17 02:00:00,Aotizhongxin,133.0,144.68359162168196
2017-01-17 03:00:00,Aotizhongxin,141.0,129.37363286814622
2017-01-17 04:00:00,Aotizhongxin,131.0,142.0470291058061
2017-01-17 05:00:00,Aotizhongxin,120.0,125.4770342253935
2017-01-17 06:00:00,Aotizhongxin,111.0,117.04258914555896
2017-01-17 07:00:00,Aotizhongxin,138.0,116.55714364325105
2017-01-17 08:00:00,Aotizhongxin,155.0,147.92195644139278
2017-01-17 09:00:00,Aotizhongxin,167.0,163.44892325061397
2017-01-17 10:00:00,Aotizhongxin,157.0,171.45809513682505
2017-01-17 11:00:00,Aotizhongxin,158.0,164.48518513200048
2017-01-17 12:00:00,Aotizhongxin,154.0,166.49457650173278
2017-01-17 13:00:00,Aotizhongxin,145.0,162.7583778113086
2017-01-17 14:00:00,Aotizhongxin,137.0,148.70937678138955
2017-01-17 15:00:00,Aotizhongxin,123.0,139.51236621617514
2017-01-17 16:00:00,Aotizhongxin,155.0,128.6167729106869
2017-01-17 17:00:00,Aotizhongxin,169.0,169.16222473128843
2017-01-17 18:00:00,Aotizhongxin,165.0,186.57269216891402
2017-01-17 19:00:00,Aotizhongxin,167.0,178.24970556048095
2017-01-17 20:00:00,Aotizhongxin,170.0,168.34152775904744
2017-01-17 21:00:00,Aotizhongxin,171.0,177.50331747647033
2017-01-17 22:00:00,Aotizhongxin,172.0,175.65508295947043
2017-01-17 23:00:00,Aotizhongxin,73.0,178.87384518422894
2017-01-18 00:00:00,Aotizhongxin,25.0,71.14322661535715
2017-01-18 01:00:00,Aotizhongxin,66.0,31.14407943563864
2017-01-18 02:00:00,Aotizhongxin,57.0,72.19967651618381
2017-01-18 03:00:00,Aotizhongxin,44.0,54.141623906013656
2017-01-18 04:00:00,Aotizhongxin,34.0,42.09149537525532
2017-01-18 05:00:00,Aotizhongxin,33.0,32.317442160531606
2017-01-18 06:00:00,Aotizhongxin,31.0,32.20780973166021
2017-01-18 07:00:00,Aotizhongxin,25.0,31.537182110273978
2017-01-18 08:00:00,Aotizhongxin,21.0,27.53482654184712
2017-01-18 09:00:00,Aotizhongxin,22.0,22.881879564858988
2017-01-18 10:00:00,Aotizhongxin,26.0,23.957443581844878
2017-01-18 11:00:00,Aotizhongxin,22.0,25.951725933440656
2017-01-18 12:00:00,Aotizhongxin,21.0,21.934554011093326
2017-01-18 13:00:00,Aotizhongxin,20.0,22.99419595283062
2017-01-18 14:00:00,Aotizhongxin,35.0,25.32989387797015
2017-01-18 15:00:00,Aotizhongxin,49.0,42.0649633253561
2017-01-18 16:00:00,Aotizhongxin,57.0,60.451425622144384
2017-01-18 17:00:00,Aotizhongxin,50.0,71.24791654112667
2017-01-18 18:00:00,Aotizhongxin,46.0,66.14413033205255
2017-01-18 19:00:00,Aotizhongxin,43.0,61.248564040645945
2017-01-18 20:00:00,Aotizhongxin,50.0,50.661493958170965
2017-01-18 21:00:00,Aotizhongxin,55.0,58.576946063669446
2017-01-18 22:00:00,Aotizhongxin,54.0,60.43316026343989
2017-01-18 23:00:00,Aotizhongxin,64.0,61.74474478352846
2017-01-19 00:00:00,Aotizhongxin,76.0,72.84136623763662
2017-01-19 01:00:00,Aotizhongxin,87.0,88.39335715313011
2017-01-19 02:00:00,Aotizhongxin,96.0,91.71004229421496
2017-01-19 03:00:00,Aotizhongxin,112.0,112.73653843539395
2017-01-19 04:00:00,Aotizhongxin,126.0,133.2736333470347
2017-01-19 05:00:00,Aotizhongxin,104.0,135.17514659959295
2017-01-19 06:00:00,Aotizhongxin,109.0,112.06760465579464
2017-01-19 07:00:00,Aotizhongxin,111.0,127.06869546043983
2017-01-19 08:00:00,Aotizhongxin,103.0,130.10383543111544
2017-01-19 09:00:00,Aotizhongxin,34.0,94.70360336323161
2017-01-19 10:00:00,Aotizhongxin,12.0,25.926864550734447
2017-01-19 11:00:00,Aotizhongxin,12.0,8.320442027509305
2017-01-19 12:00:00,Aotizhongxin,12.0,9.344594690254256
2017-01-19 13:00:00,Aotizhongxin,9.0,9.865529516642939
2017-01-19 14:00:00,Aotizhongxin,9.0,7.924965608403457
2017-01-19 15:00:00,Aotizhongxin,9.0,7.584524979087549
2017-01-19 16:00:00,Aotizhongxin,10.0,8.010639303980088
2017-01-19 17:00:00,Aotizhongxin,12.0,12.535373129863999
2017-01-19 18:00:00,Aotizhongxin,11.0,13.990317445405548
2017-01-19 19:00:00,Aotizhongxin,11.0,13.282309406223431
2017-01-19 20:00:00,Aotizhongxin,11.0,12.311134455205913
2017-01-19 21:00:00,Aotizhongxin,14.0,11.767648081127572
2017-01-19 22:00:00,Aotizhongxin,8.0,13.8963585221182
2017-01-19 23:00:00,Aotizhongxin,10.0,10.5718511607261
2017-01-20 00:00:00,Aotizhongxin,8.0,10.981780029356235
2017-01-20 01:00:00,Aotizhongxin,8.0,10.335689073277855
2017-01-20 02:00:00,Aotizhongxin,8.0,9.678967502670497
2017-01-20 03:00:00,Aotizhongxin,5.0,9.574655875854383
2017-01-20 04:00:00,Aotizhongxin,7.0,8.722696699395406
2017-01-20 05:00:00,Aotizhongxin,8.0,8.726621715098428
2017-01-20 06:00:00,Aotizhongxin,10.0,9.700907839552299
2017-01-20 07:00:00,Aotizhongxin,11.0,11.735706721397722
2017-01-20 08:00:00,Aotizhongxin,12.0,14.35916658289188
2017-01-20 09:00:00,Aotizhongxin,16.0,15.248555447899198
2017-01-20 10:00:00,Aotizhongxin,17.0,17.961171342281453
2017-01-20 11:00:00,Aotizhongxin,21.0,20.17738888078657
2017-01-20 12:00:00,Aotizhongxin,18.0,24.66624685795584
2017-01-20 13:00:00,Aotizhongxin,19.0,21.176332898399593
2017-01-20 14:00:00,Aotizhongxin,17.0,22.351179778052177
2017-01-20 15:00:00,Aotizhongxin,26.0,21.689050131678073
2017-01-20 16:00:00,Aotizhongxin,24.0,34.08573974161795
2017-01-20 17:00:00,Aotizhongxin,27.0,31.472617968313052
2017-01-20 18:00:00,Aotizhongxin,37.0,33.96474246673802
2017-01-20 19:00:00,Aotizhongxin,45.0,46.43371806938585
2017-01-20 20:00:00,Aotizhongxin,45.0,51.86200038462491
2017-01-20 21:00:00,Aotizhongxin,53.0,46.818582740779576
2017-01-20 22:00:00,Aotizhongxin,64.0,53.036917401221
2017-01-20 23:00:00,Aotizhongxin,68.0,67.86950902373427
2017-01-21 00:00:00,Aotizhongxin,70.0,70.17504558867196
2017-01-21 01:00:00,Aotizhongxin,81.0,71.76662777048013
2017-01-21 02:00:00,Aotizhongxin,90.0,85.6655007390651
2017-01-21 03:00:00,Aotizhongxin,90.0,92.02574212582195
2017-01-21 04:00:00,Aotizhongxin,69.0,87.12368870873556
2017-01-21 05:00:00,Aotizhongxin,32.0,65.39339781091192
2017-01-21 06:00:00,Aotizhongxin,11.0,29.252746710742937
2017-01-21 07:00:00,Aotizhongxin,5.0,11.684548756634538
2017-01-21 08:00:00,Aotizhongxin,6.0,8.524564882614467
2017-01-21 09:00:00,Aotizhongxin,7.0,6.383836447036922
2017-01-21 10:00:00,Aotizhongxin,7.0,6.075155291488193
2017-01-21 11:00:00,Aotizhongxin,11.0,5.597258807983027
2017-01-21 12:00:00,Aotizhongxin,6.0,8.062024430301474
2017-01-21 13:00:00,Aotizhongxin,5.0,6.7368254684031665
2017-01-21 14:00:00,Aotizhongxin,5.0,6.070599696796
2017-01-21 15:00:00,Aotizhongxin,9.0,6.067464704526682
2017-01-21 16:00:00,Aotizhongxin,8.0,6.915472864636585
2017-01-21 17:00:00,Aotizhongxin,12.0,10.502422062930169
2017-01-21 18:00:00,Aotizhongxin,11.0,13.036664486085005
2017-01-21 19:00:00,Aotizhongxin,13.0,13.72077206955788
2017-01-21 20:00:00,Aotizhongxin,15.0,15.35847304371539
2017-01-21 21:00:00,Aotizhongxin,10.0,16.03812802733538
2017-01-21 22:00:00,Aotizhongxin,11.0,13.128569454270146
2017-01-21 23:00:00,Aotizhongxin,9.0,13.801107588783838
2017-01-22 00:00:00,Aotizhongxin,13.0,10.593512327803477
2017-01-22 01:00:00,Aotizhongxin,14.0,12.974625901353141
2017-01-22 02:00:00,Aotizhongxin,12.0,13.910980262593068
2017-01-22 03:00:00,Aotizhongxin,14.0,12.134023936761713
2017-01-22 04:00:00,Aotizhongxin,15.0,13.00545892087785
2017-01-22 05:00:00,Aotizhongxin,14.0,14.467088342488964
2017-01-22 06:00:00,Aotizhongxin,12.0,13.524793546957385
2017-01-22 07:00:00,Aotizhongxin,11.0,13.05011406353089
2017-01-22 08:00:00,Aotizhongxin,11.0,12.559124830233003
2017-01-22 09:00:00,Aotizhongxin,16.0,11.465536201241035
2017-01-22 10:00:00,Aotizhongxin,21.0,14.283760559912539
2017-01-22 11:00:00,Aotizhongxin,16.0,19.961952481382156
2017-01-22 12:00:00,Aotizhongxin,17.0,16.251497859663655
2017-01-22 13:00:00,Aotizhongxin,18.0,20.375410705030713
2017-01-22 14:00:00,Aotizhongxin,21.0,22.016796869078334
2017-01-22 15:00:00,Aotizhongxin,29.0,26.213417388512433
2017-01-22 16:00:00,Aotizhongxin,47.0,37.5444353701414
2017-01-22 17:00:00,Aotizhongxin,65.0,57.219246808512395
2017-01-22 18:00:00,Aotizhongxin,72.0,79.37279347987064
2017-01-22 19:00:00,Aotizhongxin,46.0,83.14662858453646
2017-01-22 20:00:00,Aotizhongxin,30.0,43.69061389649224
2017-01-22 21:00:00,Aotizhongxin,31.0,29.811967273991684
2017-01-22 22:00:00,Aotizhongxin,26.0,29.588443564746424
2017-01-22 23:00:00,Aotizhongxin,24.0,25.620697755015435
2017-01-23 00:00:00,Aotizhongxin,22.0,23.343521365460113
2017-01-23 01:00:00,Aotizhongxin,20.0,22.672969561378093
2017-01-23 02:00:00,Aotizhongxin,17.0,20.05461702701916
2017-01-23 03:00:00,Aotizhongxin,15.0,16.73737720858829
2017-01-23 04:00:00,Aotizhongxin,12.0,15.231893683250004
2017-01-23 05:00:00,Aotizhongxin,11.0,12.468120007929185
2017-01-23 06:00:00,Aotizhongxin,12.0,12.009728544926013
2017-01-23 07:00:00,Aotizhongxin,12.0,13.533629244040839
2017-01-23 08:00:00,Aotizhongxin,13.0,13.51622005934262
2017-01-23 09:00:00,Aotizhongxin,17.0,14.122160480707315
2017-01-23 10:00:00,Aotizhongxin,18.0,17.485208877810166
2017-01-23 11:00:00,Aotizhongxin,16.0,17.047478677504888
2017-01-23 12:00:00,Aotizhongxin,19.0,16.119732002859955
2017-01-23 13:00:00,Aotizhongxin,21.0,21.632600356912196
2017-01-23 14:00:00,Aotizhongxin,27.0,20.875228688318963
2017-01-23 15:00:00,Aotizhongxin,39.0,27.426698173970905
2017-01-23 16:00:00,Aotizhongxin,34.0,39.863259255935695
2017-01-23 17:00:00,Aotizhongxin,39.0,41.374807148061244
2017-01-23 18:00:00,Aotizhongxin,47.0,41.43199768370991
2017-01-23 19:00:00,Aotizhongxin,68.0,56.28483387959556
2017-01-23 20:00:00,Aotizhongxin,80.0,77.0825860072919
2017-01-23 21:00:00,Aotizhongxin,84.0,83.36133162778006
2017-01-23 22:00:00,Aotizhongxin,95.0,89.64612218329174
2017-01-23 23:00:00,Aotizhongxin,97.0,102.13271307429245
2017-01-24 00:00:00,Aotizhongxin,95.0,117.37786637951314
2017-01-24 01:00:00,Aotizhongxin,89.0,117.97751924622513
2017-01-24 02:00:00,Aotizhongxin,93.0,87.02644996635838
2017-01-24 03:00:00,Aotizhongxin,105.0,91.7984431327478
2017-01-24 04:00:00,Aotizhongxin,100.0,102.99819939199189
2017-01-24 05:00:00,Aotizhongxin,72.0,90.81521435561729
2017-01-24 06:00:00,Aotizhongxin,51.0,62.78793627696462
2017-01-24 07:00:00,Aotizhongxin,27.0,42.14830677685071
2017-01-24 08:00:00,Aotizhongxin,28.0,23.047098141760756
2017-01-24 09:00:00,Aotizhongxin,29.0,27.988502042051586
2017-01-24 10:00:00,Aotizhongxin,44.0,26.809938052506986
2017-01-24 11:00:00,Aotizhongxin,53.0,47.34416858671498
2017-01-24 12:00:00,Aotizhongxin,68.0,54.76930428496007
2017-01-24 13:00:00,Aotizhongxin,71.0,69.72997200648842
2017-01-24 14:00:00,Aotizhongxin,86.0,73.55680563200043
2017-01-24 15:00:00,Aotizhongxin,109.0,91.59446462725415
2017-01-24 16:00:00,Aotizhongxin,120.0,128.49852477230965
2017-01-24 17:00:00,Aotizhongxin,122.0,139.95248366048503
2017-01-24 18:00:00,Aotizhongxin,130.0,146.3365098363238
2017-01-24 19:00:00,Aotizhongxin,134.0,157.00628331431346
2017-01-24 20:00:00,Aotizhongxin,128.0,154.2680781781702
2017-01-24 21:00:00,Aotizhongxin,120.0,147.71958318092078
2017-01-24 22:00:00,Aotizhongxin,128.0,132.5476990700223
2017-01-24 23:00:00,Aotizhongxin,134.0,138.37838098728474
2017-01-25 00:00:00,Aotizhongxin,152.0,140.08660029848545
2017-01-25 01:00:00,Aotizhongxin,169.0,159.15371774045937
2017-01-25 02:00:00,Aotizhongxin,202.0,162.6497506722644
2017-01-25 03:00:00,Aotizhongxin,220.0,189.59204522362518
2017-01-25 04:00:00,Aotizhongxin,208.0,217.04885308310057
2017-01-25 05:00:00,Aotizhongxin,191.0,183.18147316626508
2017-01-25 06:00:00,Aotizhongxin,156.0,173.31660945799595
2017-01-25 07:00:00,Aotizhongxin,160.0,143.74430863595927
2017-01-25 08:00:00,Aotizhongxin,154.0,154.18455773977936
2017-01-25 09:00:00,Aotizhongxin,164.0,151.12613265595607
2017-01-25 10:00:00,Aotizhongxin,136.0,160.5535474339032
2017-01-25 11:00:00,Aotizhongxin,143.0,121.76551264656398
2017-01-25 12:00:00,Aotizhongxin,150.0,135.0850107865385
2017-01-25 14:00:00,Aotizhongxin,164.0,137.79646635475075
2017-01-25 15:00:00,Aotizhongxin,162.0,197.13634509708592
2017-01-25 16:00:00,Aotizhongxin,176.0,167.18681411211958
2017-01-25 17:00:00,Aotizhongxin,200.0,198.86929360645078
2017-01-25 18:00:00,Aotizhongxin,194.0,221.94670775699794
2017-01-25 19:00:00,Aotizhongxin,208.0,209.4239618033147
2017-01-25 20:00:00,Aotizhongxin,224.0,214.85367998745255
2017-01-25 21:00:00,Aotizhongxin,236.0,226.4526280522967
2017-01-25 22:00:00,Aotizhongxin,253.0,230.73542293018747
2017-01-25 23:00:00,Aotizhongxin,260.0,245.04357373938336
2017-01-26 00:00:00,Aotizhongxin,269.0,246.8956628240356
2017-01-26 01:00:00,Aotizhongxin,295.0,256.48100229443423
2017-01-26 02:00:00,Aotizhongxin,321.0,288.83978718802734
2017-01-26 03:00:00,Aotizhongxin,326.0,299.2396539448231
2017-01-26 04:00:00,Aotizhongxin,318.0,312.66876576492496
2017-01-26 05:00:00,Aotizhongxin,288.0,294.7103991393705
2017-01-26 06:00:00,Aotizhongxin,246.0,265.74201195658344
2017-01-26 07:00:00,Aotizhongxin,238.0,225.14739557575885
2017-01-26 08:00:00,Aotizhongxin,248.0,225.29923596456155
2017-01-26 09:00:00,Aotizhongxin,262.0,240.6796700266927
2017-01-26 10:00:00,Aotizhongxin,270.0,258.88069265485564
2017-01-26 11:00:00,Aotizhongxin,259.0,260.7830562040326
2017-01-26 12:00:00,Aotizhongxin,209.0,259.78741548208393
2017-01-26 13:00:00,Aotizhongxin,96.0,193.72708880219156
2017-01-26 14:00:00,Aotizhongxin,51.0,54.58844769663611
2017-01-26 15:00:00,Aotizhongxin,8.0,36.2254688272719
2017-01-26 16:00:00,Aotizhongxin,7.0,9.625909213590537
2017-01-26 17:00:00,Aotizhongxin,10.0,9.971051120064496
2017-01-26 18:00:00,Aotizhongxin,9.0,11.035575450131896
2017-01-26 19:00:00,Aotizhongxin,11.0,9.170879950141401
2017-01-26 20:00:00,Aotizhongxin,7.0,10.245351272686898
2017-01-26 21:00:00,Aotizhongxin,4.0,7.9942304685786
2017-01-26 22:00:00,Aotizhongxin,10.0,7.158196672138954
2017-01-26 23:00:00,Aotizhongxin,11.0,10.602139790269646
2017-01-27 00:00:00,Aotizhongxin,11.0,12.684123744819074
2017-01-27 01:00:00,Aotizhongxin,13.0,14.852250160161667
2017-01-27 02:00:00,Aotizhongxin,10.0,14.358446613464043
2017-01-27 03:00:00,Aotizhongxin,6.0,11.312627154525572
2017-01-27 04:00:00,Aotizhongxin,9.0,11.315999582329537
2017-01-27 05:00:00,Aotizhongxin,11.0,12.418448064325943
2017-01-27 06:00:00,Aotizhongxin,11.0,12.358693689443752
2017-01-27 07:00:00,Aotizhongxin,11.0,17.94813810232691
2017-01-27 08:00:00,Aotizhongxin,15.0,18.24982066324382
2017-01-27 09:00:00,Aotizhongxin,24.0,21.897054822228448
2017-01-27 10:00:00,Aotizhongxin,28.0,28.440385490796444
2017-01-27 11:00:00,Aotizhongxin,37.0,29.804260770294857
2017-01-27 12:00:00,Aotizhongxin,41.0,39.39359380932061
2017-01-27 13:00:00,Aotizhongxin,45.0,61.32213041554426
2017-01-27 14:00:00,Aotizhongxin,44.0,68.03260233943138
2017-01-27 15:00:00,Aotizhongxin,53.0,66.62856207426684
2017-01-27 16:00:00,Aotizhongxin,58.0,55.71409641175202
2017-01-27 17:00:00,Aotizhongxin,61.0,62.62822829364287
2017-01-27 18:00:00,Aotizhongxin,87.0,70.20386894898041
2017-01-27 19:00:00,Aotizhongxin,118.0,99.61116621521445
2017-01-27 20:00:00,Aotizhongxin,179.0,119.68077843445118
2017-01-27 21:00:00,Aotizhongxin,240.0,179.83661251921424
2017-01-27 22:00:00,Aotizhongxin,278.0,243.6674338765554
2017-01-27 23:00:00,Aotizhongxin,305.0,288.629094722209
2017-01-28 00:00:00,Aotizhongxin,576.0,338.4642723248123
2017-01-28 01:00:00,Aotizhongxin,641.0,547.1328598295594
2017-01-28 02:00:00,Aotizhongxin,651.0,499.2625390824486
2017-01-28 03:00:00,Aotizhongxin,682.0,502.017205679746
2017-01-28 04:00:00,Aotizhongxin,713.0,397.93241808040267
2017-01-28 05:00:00,Aotizhongxin,697.0,457.0372337537667
2017-01-28 06:00:00,Aotizhongxin,462.0,438.0226405449567
2017-01-28 07:00:00,Aotizhongxin,383.0,387.8146947479806
2017-01-28 08:00:00,Aotizhongxin,374.0,355.3973687764187
2017-01-28 09:00:00,Aotizhongxin,323.0,334.8901860416583
2017-01-28 10:00:00,Aotizhongxin,257.0,299.87856463746084
2017-01-28 11:00:00,Aotizhongxin,249.0,234.70684344507555
2017-01-28 12:00:00,Aotizhongxin,244.0,223.57796872978
2017-01-28 13:00:00,Aotizhongxin,238.0,241.4876323400393
2017-01-28 14:00:00,Aotizhongxin,242.0,231.16074169733656
2017-01-28 15:00:00,Aotizhongxin,243.0,211.80239614128035
2017-01-28 16:00:00,Aotizhongxin,247.0,240.4683975930069
2017-01-28 17:00:00,Aotizhongxin,246.0,246.36993774133035
2017-01-28 18:00:00,Aotizhongxin,243.0,267.6340894129059
2017-01-28 19:00:00,Aotizhongxin,242.0,260.0621586234066
2017-01-28 20:00:00,Aotizhongxin,258.0,235.35195390871547
2017-01-28 21:00:00,Aotizhongxin,273.0,259.85498957815923
2017-01-28 22:00:00,Aotizhongxin,307.0,265.3910950932951
2017-01-28 23:00:00,Aotizhongxin,297.0,301.8059125713031
2017-01-29 00:00:00,Aotizhongxin,292.0,308.74120149779856
2017-01-29 01:00:00,Aotizhongxin,203.0,291.31989759003613
2017-01-29 02:00:00,Aotizhongxin,11.0,107.94612676221837
2017-01-29 03:00:00,Aotizhongxin,3.0,-14.704698499242241
2017-01-29 04:00:00,Aotizhongxin,9.0,8.947052318395354
2017-01-29 05:00:00,Aotizhongxin,9.0,9.557629398583035
2017-01-29 06:00:00,Aotizhongxin,10.0,11.440331134847911
2017-01-29 07:00:00,Aotizhongxin,10.0,12.08677968067959
2017-01-29 08:00:00,Aotizhongxin,11.0,12.193754665984253
2017-01-29 09:00:00,Aotizhongxin,10.0,12.361696609827618
2017-01-29 10:00:00,Aotizhongxin,12.0,9.719241747905071
2017-01-29 11:00:00,Aotizhongxin,7.0,11.054093131102851
2017-01-29 12:00:00,Aotizhongxin,15.0,9.127026341416345
2017-01-29 13:00:00,Aotizhongxin,15.0,12.693259086239246
2017-01-29 14:00:00,Aotizhongxin,8.0,18.13577028887142
2017-01-29 15:00:00,Aotizhongxin,13.0,9.67075229038751
2017-01-29 16:00:00,Aotizhongxin,11.0,12.502613250084195
2017-01-29 17:00:00,Aotizhongxin,11.0,12.149753766729544
2017-01-29 18:00:00,Aotizhongxin,3.0,12.118432836560554
2017-01-29 19:00:00,Aotizhongxin,8.0,7.984482597643698
2017-01-29 20:00:00,Aotizhongxin,9.0,8.289734285183656
2017-01-29 21:00:00,Aotizhongxin,7.0,13.38215846078261
2017-01-29 22:00:00,Aotizhongxin,10.0,12.451059189351591
2017-01-29 23:00:00,Aotizhongxin,8.0,14.157879052326908
2017-01-30 00:00:00,Aotizhongxin,9.0,8.679099721351196
2017-01-30 01:00:00,Aotizhongxin,7.0,8.519852441851096
2017-01-30 02:00:00,Aotizhongxin,9.0,7.587501216937417
2017-01-30 03:00:00,Aotizhongxin,8.0,8.016951954220911
2017-01-30 04:00:00,Aotizhongxin,5.0,8.342565408565891
2017-01-30 05:00:00,Aotizhongxin,7.0,6.948276067151914
2017-01-30 06:00:00,Aotizhongxin,9.0,7.431402958089104
2017-01-30 07:00:00,Aotizhongxin,8.0,9.30666696518991
2017-01-30 08:00:00,Aotizhongxin,6.0,8.849752073937328
2017-01-30 09:00:00,Aotizhongxin,12.0,8.244033828017397
2017-01-30 10:00:00,Aotizhongxin,4.0,11.69818505848127
2017-01-30 11:00:00,Aotizhongxin,4.0,8.340368789454562
2017-01-30 12:00:00,Aotizhongxin,3.0,6.725609367845766
2017-01-30 13:00:00,Aotizhongxin,8.0,9.699139660165526
2017-01-30 14:00:00,Aotizhongxin,9.0,12.898136101616805
2017-01-30 15:00:00,Aotizhongxin,9.0,14.321710399492998
2017-01-30 16:00:00,Aotizhongxin,35.0,14.31375603016949
2017-01-30 17:00:00,Aotizhongxin,126.0,43.05126791600715
2017-01-30 18:00:00,Aotizhongxin,71.0,111.12104275649527
2017-01-30 19:00:00,Aotizhongxin,64.0,59.238505338146204
2017-01-30 20:00:00,Aotizhongxin,57.0,65.1445143589876
2017-01-30 21:00:00,Aotizhongxin,59.0,62.684329655209254
2017-01-30 22:00:00,Aotizhongxin,70.0,64.9645082355151
2017-01-30 23:00:00,Aotizhongxin,70.0,75.63974845390491
2017-01-31 00:00:00,Aotizhongxin,78.0,80.99358457325873
2017-01-31 01:00:00,Aotizhongxin,86.0,80.00502285011517
2017-01-31 02:00:00,Aotizhongxin,95.0,84.55882995708461
2017-01-31 03:00:00,Aotizhongxin,98.0,92.6446479468386
2017-01-31 04:00:00,Aotizhongxin,104.0,92.45517512763051
2017-01-31 05:00:00,Aotizhongxin,86.0,98.9483194232762
2017-01-31 06:00:00,Aotizhongxin,94.0,78.97452820693377
2017-01-31 07:00:00,Aotizhongxin,93.0,92.011498375291
2017-01-31 08:00:00,Aotizhongxin,100.0,90.57874127267662
2017-01-31 09:00:00,Aotizhongxin,85.0,99.24974210162755
2017-01-31 10:00:00,Aotizhongxin,81.0,81.59431355517454
2017-01-31 11:00:00,Aotizhongxin,79.0,84.38345330330782
2017-01-31 12:00:00,Aotizhongxin,68.0,81.46331056137824
2017-01-31 13:00:00,Aotizhongxin,50.0,67.01355658253019
2017-01-31 14:00:00,Aotizhongxin,55.0,52.857883916647175
2017-01-31 15:00:00,Aotizhongxin,72.0,58.04260287138732
2017-01-31 16:00:00,Aotizhongxin,80.0,80.73502625016316
2017-01-31 17:00:00,Aotizhongxin,72.0,87.26601779218204
2017-01-31 18:00:00,Aotizhongxin,91.0,80.55413727659344
2017-01-31 19:00:00,Aotizhongxin,73.0,103.47314559548482
2017-01-31 20:00:00,Aotizhongxin,24.0,76.2010219831856
2017-01-31 21:00:00,Aotizhongxin,10.0,27.037495955169568
2017-01-31 22:00:00,Aotizhongxin,3.0,16.276721928633833
2017-01-31 23:00:00,Aotizhongxin,5.0,14.292000382505748
2017-02-01 00:00:00,Aotizhongxin,5.0,9.759052943655712
2017-02-01 01:00:00,Aotizhongxin,7.0,8.6791566119253
2017-02-01 02:00:00,Aotizhongxin,6.0,8.924666814697318
2017-02-01 03:00:00,Aotizhongxin,8.0,9.652822392762731
2017-02-01 04:00:00,Aotizhongxin,8.0,11.22266744302642
2017-02-01 05:00:00,Aotizhongxin,6.0,11.406997075255019
2017-02-01 06:00:00,Aotizhongxin,5.0,10.55236436532221
2017-02-01 07:00:00,Aotizhongxin,7.0,11.941690112380382
2017-02-01 08:00:00,Aotizhongxin,9.0,11.171156470683417
2017-02-01 09:00:00,Aotizhongxin,10.0,10.059273357919555
2017-02-01 10:00:00,Aotizhongxin,6.0,10.614135443466832
2017-02-01 11:00:00,Aotizhongxin,9.0,7.708197823963011
2017-02-01 12:00:00,Aotizhongxin,15.0,7.5934939912938955
2017-02-01 13:00:00,Aotizhongxin,8.0,13.624477948549771
2017-02-01 14:00:00,Aotizhongxin,10.0,13.543634548361627
2017-02-01 15:00:00,Aotizhongxin,17.0,15.020458835942282
2017-02-01 16:00:00,Aotizhongxin,20.0,21.696343867023412
2017-02-01 17:00:00,Aotizhongxin,3.0,26.40625362712305
2017-02-01 18:00:00,Aotizhongxin,44.0,20.71679441081134
2017-02-01 19:00:00,Aotizhongxin,89.0,57.38794554783269
2017-02-01 20:00:00,Aotizhongxin,126.0,99.2837247910462
2017-02-01 21:00:00,Aotizhongxin,129.0,132.51151432016974
2017-02-01 22:00:00,Aotizhongxin,146.0,122.8275272559238
2017-02-01 23:00:00,Aotizhongxin,154.0,154.3761477460723
2017-02-02 00:00:00,Aotizhongxin,124.0,165.92865184579998
2017-02-02 01:00:00,Aotizhongxin,133.0,125.1032038458421
2017-02-02 02:00:00,Aotizhongxin,121.0,133.86456625350317
2017-02-02 03:00:00,Aotizhongxin,37.0,111.06194122223624
2017-02-02 04:00:00,Aotizhongxin,34.0,31.772729138689318
2017-02-02 05:00:00,Aotizhongxin,31.0,31.89506972455751
2017-02-02 06:00:00,Aotizhongxin,38.0,33.40693879346509
2017-02-02 07:00:00,Aotizhongxin,37.0,41.744062673710594
2017-02-02 08:00:00,Aotizhongxin,42.0,40.9730042870787
2017-02-02 09:00:00,Aotizhongxin,41.0,45.110847542378664
2017-02-02 10:00:00,Aotizhongxin,51.0,42.74961519639749
2017-02-02 11:00:00,Aotizhongxin,58.0,52.538600090571
2017-02-02 12:00:00,Aotizhongxin,61.0,57.440341259334204
2017-02-02 13:00:00,Aotizhongxin,63.0,59.98690109986698
2017-02-02 14:00:00,Aotizhongxin,70.0,64.36216316540443
2017-02-02 15:00:00,Aotizhongxin,71.0,72.57802274525906
2017-02-02 16:00:00,Aotizhongxin,72.0,79.09028965881609
2017-02-02 17:00:00,Aotizhongxin,87.0,85.60020206820535
2017-02-02 18:00:00,Aotizhongxin,119.0,102.57035098009727
2017-02-02 19:00:00,Aotizhongxin,132.0,132.67686038310302
2017-02-02 20:00:00,Aotizhongxin,147.0,151.05128678226322
2017-02-02 21:00:00,Aotizhongxin,150.0,156.61435300209993
2017-02-02 22:00:00,Aotizhongxin,156.0,152.74129925537162
2017-02-02 23:00:00,Aotizhongxin,148.0,159.28811898070623
2017-02-03 00:00:00,Aotizhongxin,145.0,187.2476766284155
2017-02-03 01:00:00,Aotizhongxin,166.0,158.8269674115388
2017-02-03 02:00:00,Aotizhongxin,168.0,162.0527786392093
2017-02-03 03:00:00,Aotizhongxin,140.0,162.49236158685432
2017-02-03 04:00:00,Aotizhongxin,112.0,127.05617170078864
2017-02-03 05:00:00,Aotizhongxin,103.0,103.55029846004909
2017-02-03 06:00:00,Aotizhongxin,100.0,94.73480786617945
2017-02-03 07:00:00,Aotizhongxin,102.0,96.2316377471304
2017-02-03 08:00:00,Aotizhongxin,97.0,103.47906999119519
2017-02-03 09:00:00,Aotizhongxin,63.0,94.03190731170362
2017-02-03 10:00:00,Aotizhongxin,66.0,60.00422874120358
2017-02-03 11:00:00,Aotizhongxin,79.0,63.468059820328634
2017-02-03 12:00:00,Aotizhongxin,103.0,78.03440923838066
2017-02-03 13:00:00,Aotizhongxin,116.0,111.7397396934878
2017-02-03 14:00:00,Aotizhongxin,127.0,121.73525589115157
2017-02-03 15:00:00,Aotizhongxin,156.0,137.92554580957952
2017-02-03 16:00:00,Aotizhongxin,219.0,164.29090081197276
2017-02-03 17:00:00,Aotizhongxin,232.0,229.42812354801833
2017-02-03 18:00:00,Aotizhongxin,245.0,241.93569810712708
2017-02-03 19:00:00,Aotizhongxin,251.0,251.01889768378135
2017-02-03 20:00:00,Aotizhongxin,299.0,248.32740738651432
2017-02-03 21:00:00,Aotizhongxin,319.0,288.68075011659096
2017-02-03 22:00:00,Aotizhongxin,317.0,297.7056359086174
2017-02-03 23:00:00,Aotizhongxin,321.0,302.5047757134387
2017-02-04 00:00:00,Aotizhongxin,316.0,315.16822092395785
2017-02-04 01:00:00,Aotizhongxin,317.0,310.86761767171936
2017-02-04 02:00:00,Aotizhongxin,339.0,308.13280641463064
2017-02-04 03:00:00,Aotizhongxin,351.0,307.90513392966784
2017-02-04 04:00:00,Aotizhongxin,343.0,326.78988334243377
2017-02-04 05:00:00,Aotizhongxin,359.0,313.1837054698501
2017-02-04 06:00:00,Aotizhongxin,331.0,338.6892714468719
2017-02-04 07:00:00,Aotizhongxin,311.0,304.9832439614121
2017-02-04 08:00:00,Aotizhongxin,303.0,296.1057208778885
2017-02-04 09:00:00,Aotizhongxin,288.0,290.30385452076735
2017-02-04 10:00:00,Aotizhongxin,281.0,254.25991006838638
2017-02-04 11:00:00,Aotizhongxin,300.0,246.3952555140005
2017-02-04 12:00:00,Aotizhongxin,284.0,294.34778567363384
2017-02-04 13:00:00,Aotizhongxin,251.0,282.07618301777813
2017-02-04 14:00:00,Aotizhongxin,213.0,253.32146856160682
2017-02-04 15:00:00,Aotizhongxin,258.0,207.9556022718052
2017-02-04 16:00:00,Aotizhongxin,348.0,267.2018627990021
2017-02-04 17:00:00,Aotizhongxin,327.0,347.42279044100366
2017-02-04 18:00:00,Aotizhongxin,279.0,318.635020932266
2017-02-04 19:00:00,Aotizhongxin,82.0,247.2290383972512
2017-02-04 20:00:00,Aotizhongxin,25.0,34.43404265574633
2017-02-04 21:00:00,Aotizhongxin,9.0,15.963833706910023
2017-02-04 22:00:00,Aotizhongxin,8.0,9.859807671323077
2017-02-04 23:00:00,Aotizhongxin,10.0,10.931522047347269
2017-02-05 00:00:00,Aotizhongxin,11.0,14.725893471835208
2017-02-05 01:00:00,Aotizhongxin,17.0,15.29258530891229
2017-02-05 02:00:00,Aotizhongxin,17.0,21.53423147959881
2017-02-05 03:00:00,Aotizhongxin,19.0,20.408921825215696
2017-02-05 04:00:00,Aotizhongxin,20.0,27.03377206068796
2017-02-05 05:00:00,Aotizhongxin,18.0,24.50024056865713
2017-02-05 06:00:00,Aotizhongxin,15.0,24.84042878070608
2017-02-05 07:00:00,Aotizhongxin,10.0,15.540594337844386
2017-02-05 08:00:00,Aotizhongxin,8.0,9.872406648665288
2017-02-05 09:00:00,Aotizhongxin,7.0,8.087179064908662
2017-02-05 10:00:00,Aotizhongxin,10.0,10.735086533175735
2017-02-05 11:00:00,Aotizhongxin,8.0,8.741101316927024
2017-02-05 12:00:00,Aotizhongxin,9.0,7.804742816977955
2017-02-05 13:00:00,Aotizhongxin,9.0,7.846071286021721
2017-02-05 14:00:00,Aotizhongxin,9.0,8.264719222903809
2017-02-05 15:00:00,Aotizhongxin,18.0,8.954773265286581
2017-02-05 16:00:00,Aotizhongxin,18.0,15.060801802867399
2017-02-05 17:00:00,Aotizhongxin,10.0,16.46410221470558
2017-02-05 18:00:00,Aotizhongxin,7.0,10.70646872456484
2017-02-05 19:00:00,Aotizhongxin,7.0,8.875702828818856
2017-02-05 20:00:00,Aotizhongxin,9.0,7.6653191573635615
2017-02-05 21:00:00,Aotizhongxin,8.0,11.812057057078816
2017-02-05 22:00:00,Aotizhongxin,11.0,9.383792300164872
2017-02-05 23:00:00,Aotizhongxin,8.0,10.114903706567137
2017-02-06 00:00:00,Aotizhongxin,10.0,8.779270478896176
2017-02-06 01:00:00,Aotizhongxin,9.0,8.488168109905791
2017-02-06 02:00:00,Aotizhongxin,6.0,8.145945135764622
2017-02-06 03:00:00,Aotizhongxin,5.0,6.763429258869681
2017-02-06 04:00:00,Aotizhongxin,7.0,6.012036040673164
2017-02-06 05:00:00,Aotizhongxin,3.0,6.496470953501902
2017-02-06 06:00:00,Aotizhongxin,6.0,5.215084932367084
2017-02-06 07:00:00,Aotizhongxin,5.0,5.563229575497153
2017-02-06 08:00:00,Aotizhongxin,7.0,10.879906588128163
2017-02-06 09:00:00,Aotizhongxin,6.0,7.836325276802394
2017-02-06 10:00:00,Aotizhongxin,7.0,6.360496443140246
2017-02-06 11:00:00,Aotizhongxin,5.0,6.930689784096914
2017-02-06 12:00:00,Aotizhongxin,3.0,7.084108501823504
2017-02-06 13:00:00,Aotizhongxin,3.0,5.7595590242874115
2017-02-06 14:00:00,Aotizhongxin,4.0,7.712841770680122
2017-02-06 15:00:00,Aotizhongxin,6.0,10.903139220015628
2017-02-06 16:00:00,Aotizhongxin,13.0,13.540734143746022
2017-02-06 17:00:00,Aotizhongxin,7.0,17.555822325798573
2017-02-06 18:00:00,Aotizhongxin,21.0,15.683532172025247
2017-02-06 19:00:00,Aotizhongxin,26.0,28.702759790901084
2017-02-06 20:00:00,Aotizhongxin,30.0,35.14272108737121
2017-02-06 21:00:00,Aotizhongxin,38.0,36.597843585801535
2017-02-06 22:00:00,Aotizhongxin,35.0,43.31695280855594
2017-02-06 23:00:00,Aotizhongxin,40.0,39.466444197421986
2017-02-07 00:00:00,Aotizhongxin,56.0,43.65451069440284
2017-02-07 01:00:00,Aotizhongxin,68.0,62.86006461024085
2017-02-07 02:00:00,Aotizhongxin,70.0,73.75985113576883
2017-02-07 03:00:00,Aotizhongxin,67.0,75.12191818540806
2017-02-07 04:00:00,Aotizhongxin,66.0,68.39588454631561
2017-02-07 05:00:00,Aotizhongxin,70.0,68.35946200892897
2017-02-07 06:00:00,Aotizhongxin,69.0,70.61635995175381
2017-02-07 07:00:00,Aotizhongxin,76.0,77.83010503749054
2017-02-07 08:00:00,Aotizhongxin,78.0,81.8954839864943
2017-02-07 09:00:00,Aotizhongxin,90.0,91.56182771721829
2017-02-07 10:00:00,Aotizhongxin,73.0,98.8724644529281
2017-02-07 11:00:00,Aotizhongxin,40.0,77.21999715265423
2017-02-07 12:00:00,Aotizhongxin,38.0,44.060174372701006
2017-02-07 13:00:00,Aotizhongxin,45.0,44.31895939282181
2017-02-07 14:00:00,Aotizhongxin,59.0,50.6629659905899
2017-02-07 15:00:00,Aotizhongxin,88.0,71.34654443361184
2017-02-07 16:00:00,Aotizhongxin,101.0,99.70611590039469
2017-02-07 17:00:00,Aotizhongxin,110.0,119.19902881936791
2017-02-07 18:00:00,Aotizhongxin,110.0,120.30212280335988
2017-02-07 19:00:00,Aotizhongxin,118.0,118.56869666473786
2017-02-07 20:00:00,Aotizhongxin,107.0,121.4232754550538
2017-02-07 21:00:00,Aotizhongxin,106.0,108.90149394718654
2017-02-07 22:00:00,Aotizhongxin,114.0,113.04766452876852
2017-02-07 23:00:00,Aotizhongxin,113.0,117.07742503599307
2017-02-08 00:00:00,Aotizhongxin,117.0,121.28393950127322
2017-02-08 01:00:00,Aotizhongxin,118.0,117.86530901321133
2017-02-08 02:00:00,Aotizhongxin,118.0,117.5311201972872
2017-02-08 03:00:00,Aotizhongxin,111.0,117.11444836701554
2017-02-08 04:00:00,Aotizhongxin,102.0,108.6794486514438
2017-02-08 05:00:00,Aotizhongxin,63.0,99.00308638442608
2017-02-08 06:00:00,Aotizhongxin,10.0,50.27120841032866
2017-02-08 07:00:00,Aotizhongxin,8.0,11.162442345265067
2017-02-08 08:00:00,Aotizhongxin,9.0,11.995929389172474
2017-02-08 09:00:00,Aotizhongxin,12.0,7.629831663851825
2017-02-08 10:00:00,Aotizhongxin,10.0,9.827828441303238
2017-02-08 11:00:00,Aotizhongxin,7.0,8.774721291373627
2017-02-08 12:00:00,Aotizhongxin,14.0,7.135486877227153
2017-02-08 13:00:00,Aotizhongxin,12.0,11.548911508826809
2017-02-08 14:00:00,Aotizhongxin,7.0,11.042334904311184
2017-02-08 15:00:00,Aotizhongxin,14.0,7.215271141799653
2017-02-08 16:00:00,Aotizhongxin,11.0,12.598333100230732
2017-02-08 17:00:00,Aotizhongxin,6.0,10.800614191499273
2017-02-08 18:00:00,Aotizhongxin,8.0,7.245380116854843
2017-02-08 19:00:00,Aotizhongxin,9.0,11.182901988810382
2017-02-08 20:00:00,Aotizhongxin,6.0,10.736663095366687
2017-02-08 21:00:00,Aotizhongxin,9.0,9.384972726552745
2017-02-08 22:00:00,Aotizhongxin,8.0,10.318365919995445
2017-02-08 23:00:00,Aotizhongxin,10.0,10.638442503316059
2017-02-09 00:00:00,Aotizhongxin,6.0,11.4392649568157
2017-02-09 01:00:00,Aotizhongxin,9.0,7.317459117301638
2017-02-09 03:00:00,Aotizhongxin,8.0,-2.2323833383435767
2017-02-09 04:00:00,Aotizhongxin,6.0,2.717401457756252
2017-02-09 05:00:00,Aotizhongxin,4.0,6.54594121723992
2017-02-09 06:00:00,Aotizhongxin,7.0,6.480045726345801
2017-02-09 07:00:00,Aotizhongxin,6.0,6.698009066274138
2017-02-09 08:00:00,Aotizhongxin,7.0,5.997773828446435
2017-02-09 09:00:00,Aotizhongxin,6.0,5.56342247578992
2017-02-09 10:00:00,Aotizhongxin,4.0,5.356890969673094
2017-02-09 11:00:00,Aotizhongxin,8.0,5.866079610969786
2017-02-09 12:00:00,Aotizhongxin,7.0,6.677761468613804
2017-02-09 13:00:00,Aotizhongxin,11.0,6.823585133329953
2017-02-09 14:00:00,Aotizhongxin,11.0,8.960855778688728
2017-02-09 15:00:00,Aotizhongxin,8.0,9.375163027951643
2017-02-09 16:00:00,Aotizhongxin,4.0,7.85919819085714
2017-02-09 17:00:00,Aotizhongxin,3.0,7.104952840980247
2017-02-09 18:00:00,Aotizhongxin,7.0,9.704191254857323
2017-02-09 19:00:00,Aotizhongxin,7.0,8.060655835623843
2017-02-09 20:00:00,Aotizhongxin,8.0,7.198762980224077
2017-02-09 21:00:00,Aotizhongxin,8.0,7.4172233543182635
2017-02-09 22:00:00,Aotizhongxin,6.0,7.212072178949953
2017-02-09 23:00:00,Aotizhongxin,5.0,5.925392398784265
2017-02-10 00:00:00,Aotizhongxin,8.0,6.83911100388591
2017-02-10 01:00:00,Aotizhongxin,4.0,7.350695300151334
2017-02-10 02:00:00,Aotizhongxin,8.0,5.717027766431058
2017-02-10 03:00:00,Aotizhongxin,4.0,6.123027512398032
2017-02-10 04:00:00,Aotizhongxin,5.0,5.85320240277012
2017-02-10 05:00:00,Aotizhongxin,3.0,5.506617163556073
2017-02-10 06:00:00,Aotizhongxin,7.0,5.917664999833337
2017-02-10 07:00:00,Aotizhongxin,6.0,5.521157023751614
2017-02-10 08:00:00,Aotizhongxin,7.0,5.4561728194396615
2017-02-10 09:00:00,Aotizhongxin,10.0,5.61409000096995
2017-02-10 10:00:00,Aotizhongxin,9.0,7.969476892465405
2017-02-10 11:00:00,Aotizhongxin,5.0,7.196191008464454
2017-02-10 12:00:00,Aotizhongxin,9.0,6.761220903536871
2017-02-10 13:00:00,Aotizhongxin,7.0,10.041801383167535
2017-02-10 14:00:00,Aotizhongxin,6.0,7.532221134872519
2017-02-10 15:00:00,Aotizhongxin,9.0,6.6255143031778045
2017-02-10 16:00:00,Aotizhongxin,6.0,8.639818444931546
2017-02-10 17:00:00,Aotizhongxin,8.0,7.379590831665527
2017-02-10 18:00:00,Aotizhongxin,6.0,7.506837511547788
2017-02-10 19:00:00,Aotizhongxin,9.0,7.638811540264021
2017-02-10 20:00:00,Aotizhongxin,7.0,9.236701734642445
2017-02-10 21:00:00,Aotizhongxin,8.0,7.864154298041644
2017-02-10 22:00:00,Aotizhongxin,13.0,8.771977966422899
2017-02-10 23:00:00,Aotizhongxin,9.0,11.814314781257405
2017-02-11 00:00:00,Aotizhongxin,12.0,9.056625883786978
2017-02-11 01:00:00,Aotizhongxin,11.0,14.12547210036882
2017-02-11 02:00:00,Aotizhongxin,11.0,10.664292082047961
2017-02-11 03:00:00,Aotizhongxin,19.0,11.830749268788962
2017-02-11 04:00:00,Aotizhongxin,18.0,15.84602113933467
2017-02-11 05:00:00,Aotizhongxin,15.0,22.382149979643273
2017-02-11 06:00:00,Aotizhongxin,11.0,18.982199782635586
2017-02-11 07:00:00,Aotizhongxin,13.0,12.937041094859344
2017-02-11 08:00:00,Aotizhongxin,22.0,16.900317965746073
2017-02-11 09:00:00,Aotizhongxin,19.0,24.200784843117816
2017-02-11 10:00:00,Aotizhongxin,17.0,20.097568578043838
2017-02-11 11:00:00,Aotizhongxin,14.0,17.765897296820125
2017-02-11 12:00:00,Aotizhongxin,10.0,13.088152224951159
2017-02-11 13:00:00,Aotizhongxin,3.0,10.699258287351482
2017-02-11 14:00:00,Aotizhongxin,14.0,7.70925783874896
2017-02-11 15:00:00,Aotizhongxin,13.0,15.781539320669626
2017-02-11 16:00:00,Aotizhongxin,30.0,12.476208115756966
2017-02-11 17:00:00,Aotizhongxin,49.0,37.72944180173039
2017-02-11 18:00:00,Aotizhongxin,56.0,58.207115780802965
2017-02-11 19:00:00,Aotizhongxin,90.0,62.942363187517266
2017-02-11 20:00:00,Aotizhongxin,139.0,100.84491962410945
2017-02-11 21:00:00,Aotizhongxin,185.0,146.51724215615673
2017-02-11 22:00:00,Aotizhongxin,237.0,192.6089752606493
2017-02-11 23:00:00,Aotizhongxin,220.0,239.28822606421107
2017-02-12 00:00:00,Aotizhongxin,214.0,208.51531156175434
2017-02-12 01:00:00,Aotizhongxin,113.0,198.69409455806945
2017-02-12 02:00:00,Aotizhongxin,101.0,85.41688443833662
2017-02-12 03:00:00,Aotizhongxin,46.0,88.37458465037292
2017-02-12 04:00:00,Aotizhongxin,31.0,40.3163824296027
2017-02-12 05:00:00,Aotizhongxin,30.0,28.843334683962627
2017-02-12 06:00:00,Aotizhongxin,44.0,30.73282786110413
2017-02-12 07:00:00,Aotizhongxin,60.0,48.91281223919227
2017-02-12 08:00:00,Aotizhongxin,69.0,65.43412751769031
2017-02-12 09:00:00,Aotizhongxin,93.0,74.26063105233311
2017-02-12 10:00:00,Aotizhongxin,126.0,116.89544419097
2017-02-12 11:00:00,Aotizhongxin,118.0,132.0629919676358
2017-02-12 12:00:00,Aotizhongxin,116.0,111.14463911561319
2017-02-12 13:00:00,Aotizhongxin,114.0,115.62269250705852
2017-02-12 14:00:00,Aotizhongxin,98.0,118.57672987621785
2017-02-12 15:00:00,Aotizhongxin,109.0,98.2836798087946
2017-02-12 16:00:00,Aotizhongxin,97.0,114.04357758776398
2017-02-12 17:00:00,Aotizhongxin,107.0,105.26623316916262
2017-02-12 18:00:00,Aotizhongxin,113.0,121.61529406092026
2017-02-12 19:00:00,Aotizhongxin,102.0,125.63867055435482
2017-02-12 20:00:00,Aotizhongxin,122.0,113.65535613356539
2017-02-12 21:00:00,Aotizhongxin,129.0,139.47288140671765
2017-02-12 22:00:00,Aotizhongxin,135.0,143.62345267141214
2017-02-12 23:00:00,Aotizhongxin,151.0,146.94769036354796
2017-02-13 00:00:00,Aotizhongxin,191.0,171.84149977298745
2017-02-13 01:00:00,Aotizhongxin,198.0,206.09032632640736
2017-02-13 02:00:00,Aotizhongxin,198.0,193.19726505503638
2017-02-13 03:00:00,Aotizhongxin,178.0,187.65727677609488
2017-02-13 04:00:00,Aotizhongxin,131.0,165.86811303030254
2017-02-13 05:00:00,Aotizhongxin,134.0,110.91310183191088
2017-02-13 06:00:00,Aotizhongxin,119.0,123.8936167612015
2017-02-13 07:00:00,Aotizhongxin,73.0,113.29088002368756
2017-02-13 08:00:00,Aotizhongxin,72.0,67.28097122636726
2017-02-13 09:00:00,Aotizhongxin,65.0,73.81332174597607
2017-02-13 10:00:00,Aotizhongxin,45.0,68.05755030170708
2017-02-13 11:00:00,Aotizhongxin,29.0,42.25390358070222
2017-02-13 12:00:00,Aotizhongxin,15.0,26.905321290453628
2017-02-13 13:00:00,Aotizhongxin,14.0,14.82057160873563
2017-02-13 14:00:00,Aotizhongxin,16.0,15.15438080182054
2017-02-13 15:00:00,Aotizhongxin,18.0,16.441824130220283
2017-02-13 16:00:00,Aotizhongxin,21.0,17.46243702903695
2017-02-13 17:00:00,Aotizhongxin,24.0,26.148608330015545
2017-02-13 18:00:00,Aotizhongxin,24.0,32.12157435670623
2017-02-13 19:00:00,Aotizhongxin,89.0,43.579362509882216
2017-02-13 20:00:00,Aotizhongxin,101.0,116.51647563672505
2017-02-13 21:00:00,Aotizhongxin,144.0,115.39815378362049
2017-02-13 22:00:00,Aotizhongxin,180.0,150.37457721884866
2017-02-13 23:00:00,Aotizhongxin,159.0,185.05279523497958
2017-02-14 00:00:00,Aotizhongxin,137.0,175.18248642491181
2017-02-14 01:00:00,Aotizhongxin,144.0,133.97509171166053
2017-02-14 02:00:00,Aotizhongxin,149.0,151.22844089534772
2017-02-14 03:00:00,Aotizhongxin,148.0,149.11313501341473
2017-02-14 04:00:00,Aotizhongxin,148.0,151.33379684940684
2017-02-14 05:00:00,Aotizhongxin,139.0,147.23100884830043
2017-02-14 06:00:00,Aotizhongxin,151.0,139.06923182850696
2017-02-14 07:00:00,Aotizhongxin,148.0,157.44785074841982
2017-02-14 08:00:00,Aotizhongxin,140.0,164.01858764507136
2017-02-14 09:00:00,Aotizhongxin,149.0,155.8498200540457
2017-02-14 10:00:00,Aotizhongxin,170.0,163.40241518897443
2017-02-14 11:00:00,Aotizhongxin,196.0,190.58583243788658
2017-02-14 12:00:00,Aotizhongxin,198.0,216.04365221690858
2017-02-14 13:00:00,Aotizhongxin,215.0,207.67578990133725
2017-02-14 14:00:00,Aotizhongxin,213.0,226.54014920492824
2017-02-14 15:00:00,Aotizhongxin,214.0,227.15374726334724
2017-02-14 16:00:00,Aotizhongxin,210.0,231.6447812785233
2017-02-14 17:00:00,Aotizhongxin,205.0,227.4397393793257
2017-02-14 18:00:00,Aotizhongxin,210.0,230.3598373474194
2017-02-14 19:00:00,Aotizhongxin,211.0,234.17129556942356
2017-02-14 20:00:00,Aotizhongxin,227.0,219.9274040792677
2017-02-14 21:00:00,Aotizhongxin,247.0,240.3853586789555
2017-02-14 22:00:00,Aotizhongxin,260.0,245.9540011885916
2017-02-14 23:00:00,Aotizhongxin,277.0,280.4380107913131
2017-02-15 00:00:00,Aotizhongxin,261.0,280.96530512113645
2017-02-15 01:00:00,Aotizhongxin,244.0,255.87432792684353
2017-02-15 02:00:00,Aotizhongxin,236.0,237.16514096763217
2017-02-15 03:00:00,Aotizhongxin,225.0,222.1445332135497
2017-02-15 04:00:00,Aotizhongxin,240.0,211.1416422605117
2017-02-15 05:00:00,Aotizhongxin,241.0,228.499880115297
2017-02-15 06:00:00,Aotizhongxin,230.0,227.01646017630685
2017-02-15 07:00:00,Aotizhongxin,232.0,218.2953585766056
2017-02-15 08:00:00,Aotizhongxin,234.0,232.63018783639393
2017-02-15 09:00:00,Aotizhongxin,245.0,237.83484912073422
2017-02-15 10:00:00,Aotizhongxin,249.0,251.43037114567045
2017-02-15 11:00:00,Aotizhongxin,265.0,247.25857531128355
2017-02-15 12:00:00,Aotizhongxin,229.0,271.6180387044913
2017-02-15 13:00:00,Aotizhongxin,3.0,225.43652627079786
2017-02-15 14:00:00,Aotizhongxin,3.0,72.51133843514557
2017-02-15 15:00:00,Aotizhongxin,173.0,87.63138297322108
2017-02-15 16:00:00,Aotizhongxin,253.0,221.42576898105452
2017-02-15 17:00:00,Aotizhongxin,269.0,263.56486145268315
2017-02-15 18:00:00,Aotizhongxin,275.0,267.0710602147158
2017-02-15 19:00:00,Aotizhongxin,285.0,292.9804403663209
2017-02-15 20:00:00,Aotizhongxin,255.0,289.581440236421
2017-02-15 21:00:00,Aotizhongxin,263.0,260.31613942509415
2017-02-15 22:00:00,Aotizhongxin,276.0,266.12322295683254
2017-02-15 23:00:00,Aotizhongxin,295.0,281.38734647470795
2017-02-16 00:00:00,Aotizhongxin,299.0,308.71653156952783
2017-02-16 01:00:00,Aotizhongxin,285.0,297.40171488314525
2017-02-16 02:00:00,Aotizhongxin,277.0,283.02201897092027
2017-02-16 03:00:00,Aotizhongxin,284.0,269.4150678533558
2017-02-16 04:00:00,Aotizhongxin,275.0,277.5038923295002
2017-02-16 05:00:00,Aotizhongxin,270.0,265.72131920424533
2017-02-16 06:00:00,Aotizhongxin,270.0,256.1976604569335
2017-02-16 07:00:00,Aotizhongxin,236.0,241.80309823126603
2017-02-16 08:00:00,Aotizhongxin,185.0,212.83607843283446
2017-02-16 09:00:00,Aotizhongxin,82.0,156.58928877944572
2017-02-16 10:00:00,Aotizhongxin,41.0,33.20156438055381
2017-02-16 11:00:00,Aotizhongxin,14.0,31.64937043301739
2017-02-16 12:00:00,Aotizhongxin,15.0,16.963852898500228
2017-02-16 13:00:00,Aotizhongxin,11.0,15.58069551188284
2017-02-16 14:00:00,Aotizhongxin,4.0,10.272427982268274
2017-02-16 15:00:00,Aotizhongxin,10.0,8.181651200122916
2017-02-16 16:00:00,Aotizhongxin,14.0,10.615926606881779
2017-02-16 17:00:00,Aotizhongxin,9.0,14.555739720733014
2017-02-16 18:00:00,Aotizhongxin,9.0,9.471155228513606
2017-02-16 19:00:00,Aotizhongxin,11.0,9.933055679579436
2017-02-16 20:00:00,Aotizhongxin,8.0,9.874222806762624
2017-02-16 21:00:00,Aotizhongxin,8.0,8.195196819960099
2017-02-16 22:00:00,Aotizhongxin,5.0,7.630255508318242
2017-02-16 23:00:00,Aotizhongxin,6.0,6.547782868835513
2017-02-17 00:00:00,Aotizhongxin,6.0,6.51062056124827
2017-02-17 01:00:00,Aotizhongxin,5.0,6.1273146031546935
2017-02-17 02:00:00,Aotizhongxin,7.0,5.526310998194991
2017-02-17 03:00:00,Aotizhongxin,10.0,5.591295202506943
2017-02-17 04:00:00,Aotizhongxin,9.0,10.821235547029218
2017-02-17 05:00:00,Aotizhongxin,10.0,10.908194123984254
2017-02-17 06:00:00,Aotizhongxin,9.0,12.412662954095948
2017-02-17 07:00:00,Aotizhongxin,9.0,10.675283695018713
2017-02-17 08:00:00,Aotizhongxin,9.0,11.648455687478096
2017-02-17 09:00:00,Aotizhongxin,8.0,11.012125615261207
2017-02-17 10:00:00,Aotizhongxin,6.0,7.591857705849996
2017-02-17 11:00:00,Aotizhongxin,8.0,6.356437050218201
2017-02-17 12:00:00,Aotizhongxin,8.0,7.257830479246449
2017-02-17 13:00:00,Aotizhongxin,6.0,7.335564141385637
2017-02-17 14:00:00,Aotizhongxin,7.0,5.60651072038889
2017-02-17 15:00:00,Aotizhongxin,9.0,11.489020900616948
2017-02-17 16:00:00,Aotizhongxin,27.0,13.137068761297982
2017-02-17 17:00:00,Aotizhongxin,49.0,33.46395229492257
2017-02-17 18:00:00,Aotizhongxin,64.0,59.21974992196794
2017-02-17 19:00:00,Aotizhongxin,57.0,73.80744343644002
2017-02-17 20:00:00,Aotizhongxin,53.0,62.86866469659326
2017-02-17 21:00:00,Aotizhongxin,52.0,58.243908670237445
2017-02-17 22:00:00,Aotizhongxin,50.0,55.23818990603304
2017-02-17 23:00:00,Aotizhongxin,56.0,53.60349314778815
2017-02-18 00:00:00,Aotizhongxin,67.0,61.84841721902386
2017-02-18 01:00:00,Aotizhongxin,71.0,72.27483181867088
2017-02-18 02:00:00,Aotizhongxin,87.0,74.47716136677806
2017-02-18 03:00:00,Aotizhongxin,80.0,88.22896487102858
2017-02-18 04:00:00,Aotizhongxin,74.0,81.87631645888327
2017-02-18 05:00:00,Aotizhongxin,74.0,73.6216028842162
2017-02-18 06:00:00,Aotizhongxin,71.0,75.75673735414945
2017-02-18 07:00:00,Aotizhongxin,70.0,74.83328662672301
2017-02-18 08:00:00,Aotizhongxin,79.0,72.49000760495562
2017-02-18 09:00:00,Aotizhongxin,75.0,82.75968998876118
2017-02-18 10:00:00,Aotizhongxin,89.0,77.09355151617396
2017-02-18 11:00:00,Aotizhongxin,94.0,88.30120878186389
2017-02-18 12:00:00,Aotizhongxin,91.0,97.85770954959968
2017-02-18 13:00:00,Aotizhongxin,87.0,90.48090385101972
2017-02-18 14:00:00,Aotizhongxin,87.0,86.46945995905729
2017-02-18 15:00:00,Aotizhongxin,92.0,89.22061407611763
2017-02-18 16:00:00,Aotizhongxin,75.0,98.98838430660109
2017-02-18 17:00:00,Aotizhongxin,62.0,80.8687048918433
2017-02-18 18:00:00,Aotizhongxin,75.0,70.35261542128494
2017-02-18 19:00:00,Aotizhongxin,90.0,89.31893835449202
2017-02-18 20:00:00,Aotizhongxin,103.0,102.19472388609307
2017-02-18 21:00:00,Aotizhongxin,108.0,112.57269043273
2017-02-18 22:00:00,Aotizhongxin,123.0,119.74454919310374
2017-02-18 23:00:00,Aotizhongxin,129.0,129.8756304464165
2017-02-19 00:00:00,Aotizhongxin,134.0,140.75671259213067
2017-02-19 01:00:00,Aotizhongxin,144.0,132.25983055312636
2017-02-19 02:00:00,Aotizhongxin,161.0,146.93855854060953
2017-02-19 03:00:00,Aotizhongxin,169.0,161.10648773845614
2017-02-19 04:00:00,Aotizhongxin,170.0,167.42539661244842
2017-02-19 05:00:00,Aotizhongxin,167.0,166.02502542097358
2017-02-19 06:00:00,Aotizhongxin,168.0,168.96080574780558
2017-02-19 07:00:00,Aotizhongxin,169.0,173.20355561864216
2017-02-19 08:00:00,Aotizhongxin,162.0,173.80928502315348
2017-02-19 09:00:00,Aotizhongxin,162.0,168.38669926233678
2017-02-19 10:00:00,Aotizhongxin,169.0,160.55722055416797
2017-02-19 11:00:00,Aotizhongxin,195.0,151.9776470620269
2017-02-19 12:00:00,Aotizhongxin,189.0,184.66786685132882
2017-02-19 13:00:00,Aotizhongxin,168.0,188.92317240337567
2017-02-19 14:00:00,Aotizhongxin,91.0,158.5195856562506
2017-02-19 15:00:00,Aotizhongxin,17.0,33.91415863875107
2017-02-19 16:00:00,Aotizhongxin,13.0,12.918237153545874
2017-02-19 17:00:00,Aotizhongxin,7.0,13.097773780272899
2017-02-19 18:00:00,Aotizhongxin,7.0,9.000528119715417
2017-02-19 19:00:00,Aotizhongxin,12.0,8.53759950277273
2017-02-19 20:00:00,Aotizhongxin,6.0,11.292570225869866
2017-02-19 21:00:00,Aotizhongxin,8.0,8.342997141755452
2017-02-19 22:00:00,Aotizhongxin,5.0,8.320676052793724
2017-02-19 23:00:00,Aotizhongxin,5.0,7.321241615995479
2017-02-20 00:00:00,Aotizhongxin,3.0,5.8323919471178565
2017-02-20 01:00:00,Aotizhongxin,6.0,6.182327475264221
2017-02-20 02:00:00,Aotizhongxin,3.0,5.5688451845002165
2017-02-20 03:00:00,Aotizhongxin,4.0,7.648746808489915
2017-02-20 04:00:00,Aotizhongxin,8.0,7.399720862977379
2017-02-20 05:00:00,Aotizhongxin,6.0,8.344846934835655
2017-02-20 06:00:00,Aotizhongxin,3.0,5.3216332967348565
2017-02-20 07:00:00,Aotizhongxin,5.0,5.4986604159855625
2017-02-20 08:00:00,Aotizhongxin,3.0,8.744613278920003
2017-02-20 09:00:00,Aotizhongxin,8.0,8.604044333401157
2017-02-20 10:00:00,Aotizhongxin,9.0,9.20229106843293
2017-02-20 12:00:00,Aotizhongxin,7.0,-12.091536671062213
2017-02-20 13:00:00,Aotizhongxin,12.0,3.0102040886775643
2017-02-20 16:00:00,Aotizhongxin,10.0,9.693087107750705
2017-02-20 18:00:00,Aotizhongxin,15.0,38.83772371780399
2017-02-20 19:00:00,Aotizhongxin,16.0,23.679713793763433
2017-02-20 20:00:00,Aotizhongxin,20.0,25.54848701985882
2017-02-20 21:00:00,Aotizhongxin,25.0,26.41662754016092
2017-02-20 22:00:00,Aotizhongxin,28.0,30.639416386622337
2017-02-21 01:00:00,Aotizhongxin,46.0,79.45847869879583
2017-02-21 02:00:00,Aotizhongxin,50.0,43.38576090337409
2017-02-21 05:00:00,Aotizhongxin,90.0,54.809374376600445
2017-02-21 08:00:00,Aotizhongxin,74.0,62.98822369611504
2017-02-21 09:00:00,Aotizhongxin,102.0,83.0994554322204
2017-02-21 11:00:00,Aotizhongxin,91.0,80.07374750698091
2017-02-21 13:00:00,Aotizhongxin,42.0,104.91589304903555
2017-02-21 14:00:00,Aotizhongxin,40.0,44.30415306245295
2017-02-21 15:00:00,Aotizhongxin,28.0,50.67950574905316
2017-02-21 16:00:00,Aotizhongxin,21.0,40.14960868199296
2017-02-21 17:00:00,Aotizhongxin,29.0,26.175181131718304
2017-02-21 18:00:00,Aotizhongxin,31.0,39.1523226335183
2017-02-21 19:00:00,Aotizhongxin,47.0,47.72309370448058
2017-02-21 20:00:00,Aotizhongxin,67.0,62.59910207849552
2017-02-21 21:00:00,Aotizhongxin,60.0,78.88556234192778
2017-02-21 22:00:00,Aotizhongxin,62.0,72.9180252871851
2017-02-21 23:00:00,Aotizhongxin,55.0,61.16273019452672
2017-02-22 00:00:00,Aotizhongxin,70.0,57.171661951318576
2017-02-22 01:00:00,Aotizhongxin,81.0,73.61088847732907
2017-02-22 02:00:00,Aotizhongxin,88.0,84.39403034996415
2017-02-22 03:00:00,Aotizhongxin,86.0,90.96091883013543
2017-02-22 04:00:00,Aotizhongxin,86.0,88.2487406760699
2017-02-22 05:00:00,Aotizhongxin,91.0,90.9235951859466
2017-02-22 06:00:00,Aotizhongxin,95.0,97.26766304985665
2017-02-22 07:00:00,Aotizhongxin,95.0,94.08730325511358
2017-02-22 08:00:00,Aotizhongxin,108.0,94.6032336319634
2017-02-22 09:00:00,Aotizhongxin,114.0,118.91459655812739
2017-02-22 10:00:00,Aotizhongxin,131.0,121.41665474157656
2017-02-22 11:00:00,Aotizhongxin,142.0,147.99521791118454
2017-02-22 12:00:00,Aotizhongxin,139.0,159.34443362336543
2017-02-22 13:00:00,Aotizhongxin,147.0,150.30784192845047
2017-02-22 14:00:00,Aotizhongxin,145.0,158.48442692283825
2017-02-22 15:00:00,Aotizhongxin,131.0,150.81446597773126
2017-02-22 16:00:00,Aotizhongxin,28.0,138.92932621881621
2017-02-22 17:00:00,Aotizhongxin,11.0,10.792736662047304
2017-02-22 18:00:00,Aotizhongxin,10.0,12.482703187902116
2017-02-22 19:00:00,Aotizhongxin,14.0,10.380816652298877
2017-02-22 20:00:00,Aotizhongxin,14.0,19.258771713781286
2017-02-22 21:00:00,Aotizhongxin,15.0,17.770854246203506
2017-02-22 22:00:00,Aotizhongxin,12.0,18.244293020632192
2017-02-22 23:00:00,Aotizhongxin,13.0,15.884735543411907
2017-02-23 00:00:00,Aotizhongxin,15.0,16.44761408279412
2017-02-23 01:00:00,Aotizhongxin,11.0,17.467419843627052
2017-02-23 02:00:00,Aotizhongxin,12.0,12.18801695460816
2017-02-23 03:00:00,Aotizhongxin,15.0,15.613130802860516
2017-02-23 04:00:00,Aotizhongxin,13.0,14.054098310560002
2017-02-23 05:00:00,Aotizhongxin,13.0,13.36449424991955
2017-02-23 06:00:00,Aotizhongxin,11.0,14.657272596513796
2017-02-23 07:00:00,Aotizhongxin,15.0,19.526699671123886
2017-02-23 08:00:00,Aotizhongxin,12.0,24.04917153841571
2017-02-23 09:00:00,Aotizhongxin,11.0,17.81608644102857
2017-02-23 10:00:00,Aotizhongxin,13.0,18.890303966461545
2017-02-23 11:00:00,Aotizhongxin,13.0,16.192125692487412
2017-02-23 12:00:00,Aotizhongxin,12.0,16.444778674857993
2017-02-23 13:00:00,Aotizhongxin,3.0,11.8475329101164
2017-02-23 14:00:00,Aotizhongxin,18.0,7.686959717744563
2017-02-23 15:00:00,Aotizhongxin,31.0,21.698298726238644
2017-02-23 16:00:00,Aotizhongxin,23.0,40.05758925689412
2017-02-23 17:00:00,Aotizhongxin,10.0,30.84188429669133
2017-02-23 18:00:00,Aotizhongxin,6.0,20.066064697077888
2017-02-23 19:00:00,Aotizhongxin,33.0,25.98482690859901
2017-02-23 20:00:00,Aotizhongxin,26.0,44.241627991007974
2017-02-23 21:00:00,Aotizhongxin,30.0,37.516613168221006
2017-02-23 22:00:00,Aotizhongxin,45.0,40.148509108238464
2017-02-23 23:00:00,Aotizhongxin,46.0,54.30144322934774
2017-02-24 00:00:00,Aotizhongxin,48.0,58.363612564323
2017-02-24 01:00:00,Aotizhongxin,36.0,54.64754590154305
2017-02-24 02:00:00,Aotizhongxin,36.0,39.33412475494866
2017-02-24 03:00:00,Aotizhongxin,28.0,42.31842049619481
2017-02-24 04:00:00,Aotizhongxin,23.0,27.29552844122338
2017-02-24 05:00:00,Aotizhongxin,16.0,26.104881635001494
2017-02-24 06:00:00,Aotizhongxin,20.0,19.07866679783573
2017-02-24 07:00:00,Aotizhongxin,20.0,22.465733784995226
2017-02-24 08:00:00,Aotizhongxin,26.0,29.668069290447693
2017-02-24 09:00:00,Aotizhongxin,23.0,32.11524824914013
2017-02-24 10:00:00,Aotizhongxin,22.0,30.642766730842208
2017-02-24 11:00:00,Aotizhongxin,21.0,25.250092690964454
2017-02-24 12:00:00,Aotizhongxin,16.0,24.68921424239593
2017-02-24 13:00:00,Aotizhongxin,16.0,23.44227519376341
2017-02-24 14:00:00,Aotizhongxin,18.0,19.81282834779199
2017-02-24 15:00:00,Aotizhongxin,11.0,25.929887699223247
2017-02-24 16:00:00,Aotizhongxin,11.0,16.84494911736686
2017-02-24 17:00:00,Aotizhongxin,9.0,19.229622064470664
2017-02-24 18:00:00,Aotizhongxin,11.0,18.022668847897357
2017-02-24 19:00:00,Aotizhongxin,10.0,18.70270619978616
2017-02-24 20:00:00,Aotizhongxin,14.0,15.135656886257305
2017-02-24 21:00:00,Aotizhongxin,18.0,17.457604208354773
2017-02-24 22:00:00,Aotizhongxin,18.0,23.44248158645866
2017-02-24 23:00:00,Aotizhongxin,12.0,27.928650146617926
2017-02-25 00:00:00,Aotizhongxin,7.0,20.61876107750979
2017-02-25 01:00:00,Aotizhongxin,11.0,16.89704596616179
2017-02-25 02:00:00,Aotizhongxin,7.0,20.409903736987257
2017-02-25 03:00:00,Aotizhongxin,13.0,17.395118232970177
2017-02-25 04:00:00,Aotizhongxin,13.0,20.831641175869336
2017-02-25 05:00:00,Aotizhongxin,3.0,21.35473503505922
2017-02-25 06:00:00,Aotizhongxin,11.0,19.0839414984864
2017-02-25 07:00:00,Aotizhongxin,5.0,13.448959286451885
2017-02-25 08:00:00,Aotizhongxin,7.0,15.129780522086826
2017-02-25 09:00:00,Aotizhongxin,17.0,13.662431830669588
2017-02-25 10:00:00,Aotizhongxin,9.0,19.574753570218707
2017-02-25 11:00:00,Aotizhongxin,12.0,12.856562533860117
2017-02-25 12:00:00,Aotizhongxin,7.0,15.130906193283824
2017-02-25 13:00:00,Aotizhongxin,10.0,13.553328214656718
2017-02-25 14:00:00,Aotizhongxin,8.0,14.141838745689432
2017-02-25 15:00:00,Aotizhongxin,9.0,20.29069156866817
2017-02-25 16:00:00,Aotizhongxin,11.0,16.997593900957952
2017-02-25 17:00:00,Aotizhongxin,14.0,24.593656478314035
2017-02-25 18:00:00,Aotizhongxin,14.0,17.89809136331032
2017-02-25 19:00:00,Aotizhongxin,17.0,21.449880809902098
2017-02-25 20:00:00,Aotizhongxin,12.0,23.328280859819156
2017-02-25 21:00:00,Aotizhongxin,25.0,25.207047008533433
2017-02-25 22:00:00,Aotizhongxin,15.0,29.01713301148741
2017-02-25 23:00:00,Aotizhongxin,24.0,23.253666042972913
2017-02-26 00:00:00,Aotizhongxin,22.0,28.80938554275532
2017-02-26 01:00:00,Aotizhongxin,19.0,26.138356034371526
2017-02-26 02:00:00,Aotizhongxin,18.0,23.718751168771867
2017-02-26 03:00:00,Aotizhongxin,18.0,23.191602312722384
2017-02-26 04:00:00,Aotizhongxin,25.0,19.5661790650324
2017-02-26 05:00:00,Aotizhongxin,30.0,26.621152628329362
2017-02-26 06:00:00,Aotizhongxin,32.0,35.57578154265106
2017-02-26 07:00:00,Aotizhongxin,30.0,39.60850780093577
2017-02-26 08:00:00,Aotizhongxin,19.0,39.39751149036814
2017-02-26 09:00:00,Aotizhongxin,20.0,25.807219813625956
2017-02-26 10:00:00,Aotizhongxin,31.0,26.654480651122267
2017-02-26 11:00:00,Aotizhongxin,26.0,37.805776541601894
2017-02-26 12:00:00,Aotizhongxin,23.0,29.501780502281296
2017-02-26 13:00:00,Aotizhongxin,24.0,27.186873144984823
2017-02-26 14:00:00,Aotizhongxin,24.0,28.98726713863561
2017-02-26 15:00:00,Aotizhongxin,26.0,33.26291188608176
2017-02-26 16:00:00,Aotizhongxin,29.0,35.700497900565345
2017-02-26 17:00:00,Aotizhongxin,30.0,38.53835390689908
2017-02-26 18:00:00,Aotizhongxin,30.0,38.83827505811389
2017-02-26 19:00:00,Aotizhongxin,36.0,40.92304517841682
2017-02-26 20:00:00,Aotizhongxin,42.0,45.94065144880517
2017-02-26 21:00:00,Aotizhongxin,51.0,51.04172807479398
2017-02-26 22:00:00,Aotizhongxin,46.0,60.10667925958282
2017-02-26 23:00:00,Aotizhongxin,38.0,54.609314642447906
2017-02-27 00:00:00,Aotizhongxin,55.0,45.24402685116633
2017-02-27 01:00:00,Aotizhongxin,77.0,61.41813906665031
2017-02-27 02:00:00,Aotizhongxin,85.0,83.99095515627249
2017-02-27 03:00:00,Aotizhongxin,94.0,88.31120586829014
2017-02-27 04:00:00,Aotizhongxin,96.0,99.36921942409546
2017-02-27 05:00:00,Aotizhongxin,80.0,95.13739295963234
2017-02-27 06:00:00,Aotizhongxin,73.0,80.84457359428413
2017-02-27 07:00:00,Aotizhongxin,61.0,71.34967893955452
2017-02-27 08:00:00,Aotizhongxin,52.0,57.884485428434374
2017-02-27 09:00:00,Aotizhongxin,89.0,54.50824700499206
2017-02-27 10:00:00,Aotizhongxin,122.0,101.48433578495958
2017-02-27 13:00:00,Aotizhongxin,103.0,85.81230696697041
2017-02-27 14:00:00,Aotizhongxin,95.0,133.1341392341298
2017-02-27 15:00:00,Aotizhongxin,75.0,97.15854531845632
2017-02-27 16:00:00,Aotizhongxin,58.0,76.14353616328978
2017-02-27 17:00:00,Aotizhongxin,47.0,60.82432371026207
2017-02-27 18:00:00,Aotizhongxin,51.0,53.256075398891696
2017-02-27 19:00:00,Aotizhongxin,51.0,57.6872800150511
2017-02-27 20:00:00,Aotizhongxin,53.0,63.007692591311745
2017-02-27 21:00:00,Aotizhongxin,58.0,62.521699716562686
2017-02-27 22:00:00,Aotizhongxin,70.0,65.17335128774018
2017-02-27 23:00:00,Aotizhongxin,56.0,77.22867109393506
2017-02-28 00:00:00,Aotizhongxin,15.0,53.43498858802472
2017-02-28 01:00:00,Aotizhongxin,9.0,19.537252927440093
2017-02-28 02:00:00,Aotizhongxin,7.0,14.967068960942067
2017-02-28 03:00:00,Aotizhongxin,13.0,14.191620800854485
2017-02-28 04:00:00,Aotizhongxin,12.0,18.010780171459697
2017-02-28 05:00:00,Aotizhongxin,9.0,17.670828775761237
2017-02-28 06:00:00,Aotizhongxin,11.0,14.199636202787511
2017-02-28 07:00:00,Aotizhongxin,13.0,14.478091292801167
2017-02-28 08:00:00,Aotizhongxin,12.0,18.005253179192422
2017-02-28 09:00:00,Aotizhongxin,11.0,16.981136872553172
2017-02-28 10:00:00,Aotizhongxin,7.0,14.799255144638666
2017-02-28 11:00:00,Aotizhongxin,6.0,12.757634655192593
2017-02-28 12:00:00,Aotizhongxin,6.0,7.753778265089747
2017-02-28 13:00:00,Aotizhongxin,5.0,8.107795002735028
2017-02-28 14:00:00,Aotizhongxin,6.0,7.382452220084075
2017-02-28 15:00:00,Aotizhongxin,12.0,7.416715121384587
2017-02-28 16:00:00,Aotizhongxin,12.0,11.04806751488413
2017-02-28 17:00:00,Aotizhongxin,13.0,12.498868283786647
2017-02-28 18:00:00,Aotizhongxin,12.0,15.884128712102951
2017-02-28 19:00:00,Aotizhongxin,13.0,14.179119397705655
2017-02-28 20:00:00,Aotizhongxin,16.0,17.946047564778112
2017-02-28 21:00:00,Aotizhongxin,21.0,22.68304897940558
2017-02-28 22:00:00,Aotizhongxin,19.0,28.425398636931384
2017-01-01 00:00:00,Changping,225.0,204.73797980639486
2017-01-01 01:00:00,Changping,265.0,206.31107828850458
2017-01-01 02:00:00,Changping,360.0,251.9096750614253
2017-01-01 03:00:00,Changping,399.0,343.4326520102943
2017-01-01 04:00:00,Changping,438.0,378.9360352907283
2017-01-01 05:00:00,Changping,469.0,432.29626515510796
2017-01-01 06:00:00,Changping,479.0,461.7077982647405
2017-01-01 07:00:00,Changping,476.0,402.254230136816
2017-01-01 08:00:00,Changping,488.0,493.9839920295454
2017-01-01 09:00:00,Changping,494.0,489.24561282119635
2017-01-01 10:00:00,Changping,560.0,519.8407765323258
2017-01-01 11:00:00,Changping,662.0,563.2602607805683
2017-01-01 12:00:00,Changping,544.0,576.056730308779
2017-01-01 13:00:00,Changping,399.0,537.9876959211247
2017-01-01 14:00:00,Changping,348.0,385.33324116657695
2017-01-01 15:00:00,Changping,321.0,360.807494719854
2017-01-01 16:00:00,Changping,398.0,309.0194959049471
2017-01-01 17:00:00,Changping,443.0,409.1806931279058
2017-01-01 18:00:00,Changping,448.0,446.98958926733997
2017-01-01 19:00:00,Changping,477.0,446.85730732073546
2017-01-01 20:00:00,Changping,523.0,497.70138082232467
2017-01-01 21:00:00,Changping,495.0,497.73911052959323
2017-01-01 22:00:00,Changping,478.0,471.9488535914177
2017-01-01 23:00:00,Changping,505.0,495.85426699941894
2017-01-02 00:00:00,Changping,491.0,535.6629062241922
2017-01-02 01:00:00,Changping,467.0,507.0235408832476
2017-01-02 02:00:00,Changping,428.0,429.60755601057997
2017-01-02 03:00:00,Changping,95.0,355.3725851853705
2017-01-02 04:00:00,Changping,16.0,108.69214841256071
2017-01-02 05:00:00,Changping,18.0,16.1354804317882
2017-01-02 06:00:00,Changping,12.0,20.235844400999493
2017-01-02 07:00:00,Changping,12.0,15.355694467095233
2017-01-02 08:00:00,Changping,18.0,18.400073460101936
2017-01-02 09:00:00,Changping,14.0,21.38425113527307
2017-01-02 10:00:00,Changping,15.0,18.305756205180455
2017-01-02 11:00:00,Changping,14.0,19.73116964968466
2017-01-02 12:00:00,Changping,23.0,20.147477334170148
2017-01-02 13:00:00,Changping,24.0,32.17733988355452
2017-01-02 14:00:00,Changping,83.0,32.64744574929168
2017-01-02 15:00:00,Changping,181.0,96.02875812796206
2017-01-02 16:00:00,Changping,209.0,197.86243610456975
2017-01-02 17:00:00,Changping,199.0,205.30670169076205
2017-01-02 18:00:00,Changping,186.0,203.34852456032925
2017-01-02 19:00:00,Changping,189.0,195.13310978563052
2017-01-02 20:00:00,Changping,195.0,179.81570120995582
2017-01-02 21:00:00,Changping,189.0,187.4774143822658
2017-01-02 22:00:00,Changping,203.0,182.22447659752248
2017-01-02 23:00:00,Changping,183.0,199.9318789172184
2017-01-03 00:00:00,Changping,280.0,179.7545873509913
2017-01-03 01:00:00,Changping,224.0,261.46172702007334
2017-01-03 02:00:00,Changping,160.0,180.53150363195982
2017-01-03 03:00:00,Changping,143.0,126.00196187046059
2017-01-03 04:00:00,Changping,137.0,133.94499335868315
2017-01-03 05:00:00,Changping,141.0,125.85763497487832
2017-01-03 06:00:00,Changping,139.0,133.4572343400183
2017-01-03 07:00:00,Changping,156.0,140.81364802978786
2017-01-03 08:00:00,Changping,175.0,158.8761104584524
2017-01-03 09:00:00,Changping,206.0,180.11970636519652
2017-01-03 10:00:00,Changping,266.0,213.34545924174776
2017-01-03 11:00:00,Changping,249.0,263.63066296287155
2017-01-03 12:00:00,Changping,249.0,238.7894191611838
2017-01-03 13:00:00,Changping,236.0,250.8633229476653
2017-01-03 14:00:00,Changping,195.0,226.79161095298699
2017-01-03 15:00:00,Changping,197.0,190.68707027015796
2017-01-03 16:00:00,Changping,201.0,196.96043220113495
2017-01-03 17:00:00,Changping,199.0,207.24093863135107
2017-01-03 18:00:00,Changping,192.0,216.6609315394058
2017-01-03 19:00:00,Changping,194.0,205.19230233630657
2017-01-03 20:00:00,Changping,329.0,207.91478329659103
2017-01-03 21:00:00,Changping,385.0,348.9414446271949
2017-01-03 22:00:00,Changping,295.0,394.76748150083336
2017-01-03 23:00:00,Changping,409.0,279.798154159522
2017-01-04 00:00:00,Changping,416.0,432.1899508011743
2017-01-04 01:00:00,Changping,353.0,385.0389757176746
2017-01-04 02:00:00,Changping,293.0,334.4623611909295
2017-01-04 03:00:00,Changping,237.0,252.13154573093914
2017-01-04 04:00:00,Changping,218.0,209.40316104530083
2017-01-04 05:00:00,Changping,212.0,186.3290740143658
2017-01-04 06:00:00,Changping,172.0,180.57900055677237
2017-01-04 07:00:00,Changping,153.0,157.11447311557328
2017-01-04 08:00:00,Changping,181.0,155.42083310235174
2017-01-04 09:00:00,Changping,130.0,177.44084698200476
2017-01-04 10:00:00,Changping,187.0,115.23550807513604
2017-01-04 11:00:00,Changping,151.0,194.664969748224
2017-01-04 12:00:00,Changping,99.0,149.2088175840811
2017-01-04 13:00:00,Changping,118.0,88.08528629188217
2017-01-04 14:00:00,Changping,204.0,138.99278217139897
2017-01-04 15:00:00,Changping,199.0,218.867880180227
2017-01-04 16:00:00,Changping,234.0,198.7263001353548
2017-01-04 17:00:00,Changping,262.0,248.04684044198282
2017-01-04 18:00:00,Changping,275.0,280.97984892931686
2017-01-04 19:00:00,Changping,267.0,291.23418153488564
2017-01-04 20:00:00,Changping,250.0,265.74430728819954
2017-01-04 21:00:00,Changping,276.0,254.55790910260959
2017-01-04 22:00:00,Changping,345.0,305.7157946611106
2017-01-04 23:00:00,Changping,345.0,347.7658834496651
2017-01-05 00:00:00,Changping,285.0,321.3727292444844
2017-01-05 01:00:00,Changping,270.0,272.1234788632907
2017-01-05 02:00:00,Changping,290.0,248.76020746086107
2017-01-05 03:00:00,Changping,321.0,274.86920295018933
2017-01-05 04:00:00,Changping,298.0,312.99510958619084
2017-01-05 05:00:00,Changping,289.0,303.04129971702764
2017-01-05 06:00:00,Changping,266.0,286.47977840280737
2017-01-05 07:00:00,Changping,210.0,254.2576989024787
2017-01-05 08:00:00,Changping,246.0,205.7018668928936
2017-01-05 09:00:00,Changping,268.0,269.7022069514075
2017-01-05 10:00:00,Changping,262.0,291.1102888000164
2017-01-05 11:00:00,Changping,280.0,298.2346713721409
2017-01-05 12:00:00,Changping,250.0,307.7604026941313
2017-01-05 13:00:00,Changping,220.0,271.19474842845597
2017-01-05 14:00:00,Changping,158.0,214.02406818365316
2017-01-05 15:00:00,Changping,98.0,148.0568319987825
2017-01-05 16:00:00,Changping,207.0,91.71228482004354
2017-01-05 17:00:00,Changping,258.0,241.03444043407166
2017-01-05 18:00:00,Changping,227.0,287.5797315685949
2017-01-05 19:00:00,Changping,240.0,244.11251518458272
2017-01-05 20:00:00,Changping,227.0,247.87446008703031
2017-01-05 21:00:00,Changping,198.0,233.635344887736
2017-01-05 22:00:00,Changping,207.0,192.6195353615931
2017-01-05 23:00:00,Changping,224.0,218.6290767213766
2017-01-06 00:00:00,Changping,224.0,220.56403724463803
2017-01-06 01:00:00,Changping,122.0,219.35020313303446
2017-01-06 02:00:00,Changping,102.0,103.32702791032219
2017-01-06 03:00:00,Changping,136.0,104.41858742258275
2017-01-06 04:00:00,Changping,108.0,137.03446373336098
2017-01-06 05:00:00,Changping,115.0,101.95429088286711
2017-01-06 06:00:00,Changping,121.0,118.78967737835085
2017-01-06 07:00:00,Changping,125.0,128.82415168984195
2017-01-06 08:00:00,Changping,158.0,133.5308416966228
2017-01-06 09:00:00,Changping,258.0,168.68398128038055
2017-01-06 10:00:00,Changping,235.0,288.17952452829684
2017-01-06 11:00:00,Changping,227.0,241.01289559420707
2017-01-06 12:00:00,Changping,3.0,242.7538292624906
2017-01-06 13:00:00,Changping,77.0,38.40763592514773
2017-01-06 14:00:00,Changping,158.0,91.34994257661707
2017-01-06 15:00:00,Changping,181.0,170.877981492639
2017-01-06 16:00:00,Changping,173.0,194.50249005253764
2017-01-06 17:00:00,Changping,181.0,182.5366780085308
2017-01-06 18:00:00,Changping,203.0,195.18207010291428
2017-01-06 19:00:00,Changping,195.0,224.18312348584521
2017-01-06 20:00:00,Changping,182.0,203.52911090404845
2017-01-06 21:00:00,Changping,193.0,190.37887173489705
2017-01-06 22:00:00,Changping,185.0,198.59748145223844
2017-01-06 23:00:00,Changping,174.0,195.37378657830357
2017-01-07 00:00:00,Changping,168.0,182.73422884979445
2017-01-07 01:00:00,Changping,184.0,176.21692500336897
2017-01-07 02:00:00,Changping,194.0,190.63009771577785
2017-01-07 03:00:00,Changping,209.0,199.65664567197143
2017-01-07 04:00:00,Changping,211.0,214.47105259519037
2017-01-07 05:00:00,Changping,196.0,207.01020678376406
2017-01-07 06:00:00,Changping,197.0,202.5518181296849
2017-01-07 07:00:00,Changping,233.0,207.56680307003367
2017-01-07 08:00:00,Changping,228.0,247.57462161429163
2017-01-07 09:00:00,Changping,253.0,240.55240043680186
2017-01-07 10:00:00,Changping,297.0,276.56371309286897
2017-01-07 11:00:00,Changping,257.0,314.6243959355231
2017-01-07 12:00:00,Changping,244.0,270.51396731062016
2017-01-07 13:00:00,Changping,189.0,247.6885725328848
2017-01-07 14:00:00,Changping,162.0,175.14389042084525
2017-01-07 15:00:00,Changping,158.0,170.67671795557823
2017-01-07 16:00:00,Changping,158.0,178.18667482787833
2017-01-07 17:00:00,Changping,104.0,182.3417901729613
2017-01-07 18:00:00,Changping,144.0,93.87171568477024
2017-01-07 19:00:00,Changping,168.0,164.5792413232768
2017-01-07 20:00:00,Changping,125.0,172.97145060941807
2017-01-07 21:00:00,Changping,42.0,114.54604480397397
2017-01-07 22:00:00,Changping,42.0,43.533739240909995
2017-01-07 23:00:00,Changping,27.0,40.08421663887614
2017-01-08 00:00:00,Changping,18.0,28.106409417751188
2017-01-08 01:00:00,Changping,23.0,23.474745861449367
2017-01-08 02:00:00,Changping,27.0,25.75538980339627
2017-01-08 03:00:00,Changping,19.0,28.926632032967277
2017-01-08 04:00:00,Changping,15.0,27.92761405723355
2017-01-08 05:00:00,Changping,20.0,23.76962962974734
2017-01-08 06:00:00,Changping,23.0,23.942188714891273
2017-01-08 07:00:00,Changping,27.0,23.351722553591785
2017-01-08 08:00:00,Changping,22.0,28.89079248740835
2017-01-08 09:00:00,Changping,26.0,24.67537141846013
2017-01-08 10:00:00,Changping,22.0,28.506309422416237
2017-01-08 11:00:00,Changping,22.0,25.399959748280754
2017-01-08 12:00:00,Changping,18.0,24.757264483614613
2017-01-08 13:00:00,Changping,25.0,25.025692830186767
2017-01-08 14:00:00,Changping,17.0,30.83330758822857
2017-01-08 15:00:00,Changping,19.0,24.073884686421575
2017-01-08 16:00:00,Changping,21.0,28.310765362514527
2017-01-08 17:00:00,Changping,24.0,31.740931713975794
2017-01-08 18:00:00,Changping,23.0,31.694093025425712
2017-01-08 19:00:00,Changping,14.0,32.234095218893415
2017-01-08 20:00:00,Changping,14.0,21.37379038337941
2017-01-08 21:00:00,Changping,14.0,17.648099886171185
2017-01-08 22:00:00,Changping,15.0,18.100925534141403
2017-01-08 23:00:00,Changping,12.0,17.868650195907396
2017-01-09 00:00:00,Changping,6.0,16.159091941838945
2017-01-09 01:00:00,Changping,9.0,12.65152178074092
2017-01-09 02:00:00,Changping,12.0,13.823530829120509
2017-01-09 03:00:00,Changping,11.0,15.645368627446297
2017-01-09 04:00:00,Changping,7.0,11.852018056761734
2017-01-09 05:00:00,Changping,7.0,9.639498035057134
2017-01-09 06:00:00,Changping,8.0,9.449027302594542
2017-01-09 07:00:00,Changping,13.0,8.23407263520853
2017-01-09 08:00:00,Changping,13.0,11.897707025611993
2017-01-09 09:00:00,Changping,9.0,12.794465870051745
2017-01-09 10:00:00,Changping,13.0,10.090210305749093
2017-01-09 11:00:00,Changping,10.0,11.636618993588742
2017-01-09 12:00:00,Changping,12.0,9.910917671716899
2017-01-09 13:00:00,Changping,14.0,10.63843497229784
2017-01-09 14:00:00,Changping,11.0,17.878795085330786
2017-01-09 15:00:00,Changping,21.0,15.556672902295363
2017-01-09 16:00:00,Changping,35.0,36.17053693818064
2017-01-09 17:00:00,Changping,44.0,54.694741614421325
2017-01-09 18:00:00,Changping,50.0,58.212135090786006
2017-01-09 19:00:00,Changping,61.0,67.01829979318893
2017-01-09 20:00:00,Changping,60.0,75.69947079389726
2017-01-09 21:00:00,Changping,71.0,60.28923445235557
2017-01-09 22:00:00,Changping,66.0,74.77033354873129
2017-01-09 23:00:00,Changping,56.0,70.11340769848263
2017-01-10 00:00:00,Changping,20.0,56.000040494127795
2017-01-10 01:00:00,Changping,5.0,20.14488325624778
2017-01-10 02:00:00,Changping,5.0,8.776245693347718
2017-01-10 03:00:00,Changping,5.0,8.29165293180675
2017-01-10 04:00:00,Changping,4.0,9.030230897513704
2017-01-10 05:00:00,Changping,13.0,8.812912556510334
2017-01-10 06:00:00,Changping,17.0,14.383192752295429
2017-01-10 07:00:00,Changping,9.0,17.524852301410814
2017-01-10 08:00:00,Changping,16.0,29.97494266446317
2017-01-10 09:00:00,Changping,11.0,17.52437772256613
2017-01-10 10:00:00,Changping,12.0,11.714958614792645
2017-01-10 11:00:00,Changping,6.0,10.471414213624232
2017-01-10 12:00:00,Changping,9.0,7.453957990825246
2017-01-10 13:00:00,Changping,7.0,8.462658680364962
2017-01-10 14:00:00,Changping,9.0,8.553276648324754
2017-01-10 15:00:00,Changping,6.0,8.347776638718258
2017-01-10 16:00:00,Changping,9.0,9.90983153180528
2017-01-10 17:00:00,Changping,14.0,8.050990697877685
2017-01-10 18:00:00,Changping,15.0,33.82648186529595
2017-01-10 19:00:00,Changping,15.0,19.60343597835676
2017-01-10 20:00:00,Changping,15.0,17.421215498770334
2017-01-10 21:00:00,Changping,11.0,18.980028306341072
2017-01-10 22:00:00,Changping,19.0,13.282015604505773
2017-01-10 23:00:00,Changping,24.0,19.475041980945257
2017-01-11 00:00:00,Changping,23.0,25.319441507087657
2017-01-11 01:00:00,Changping,17.0,26.713444014016865
2017-01-11 02:00:00,Changping,14.0,17.33447937668476
2017-01-11 03:00:00,Changping,18.0,14.423600301778894
2017-01-11 04:00:00,Changping,17.0,16.70009503847842
2017-01-11 05:00:00,Changping,15.0,20.505103237088736
2017-01-11 06:00:00,Changping,15.0,16.981306355615843
2017-01-11 07:00:00,Changping,30.0,17.55820596700911
2017-01-11 08:00:00,Changping,40.0,37.85509797468159
2017-01-11 09:00:00,Changping,57.0,46.679809016469136
2017-01-11 10:00:00,Changping,93.0,66.26191815369134
2017-01-11 11:00:00,Changping,76.0,99.83404955723151
2017-01-11 12:00:00,Changping,36.0,81.4994763160184
2017-01-11 13:00:00,Changping,28.0,22.662523904060055
2017-01-11 14:00:00,Changping,37.0,25.70371391827113
2017-01-11 15:00:00,Changping,24.0,35.33791787280398
2017-01-11 16:00:00,Changping,29.0,24.484447984932725
2017-01-11 17:00:00,Changping,67.0,33.37138348465597
2017-01-11 18:00:00,Changping,47.0,73.28133974925338
2017-01-11 19:00:00,Changping,43.0,56.32147757334631
2017-01-11 20:00:00,Changping,47.0,47.142661913785425
2017-01-11 21:00:00,Changping,24.0,50.144469608291864
2017-01-11 22:00:00,Changping,18.0,24.478094811593493
2017-01-11 23:00:00,Changping,20.0,19.995763586756038
2017-01-12 00:00:00,Changping,34.0,21.79062623757139
2017-01-12 01:00:00,Changping,29.0,33.77040289443897
2017-01-12 02:00:00,Changping,28.0,29.26366938201069
2017-01-12 03:00:00,Changping,24.0,28.279219601381666
2017-01-12 04:00:00,Changping,22.0,24.78905343862603
2017-01-12 05:00:00,Changping,33.0,21.696119603360916
2017-01-12 06:00:00,Changping,33.0,32.81736769677775
2017-01-12 07:00:00,Changping,31.0,32.412735963562106
2017-01-12 08:00:00,Changping,33.0,32.522612536942084
2017-01-12 09:00:00,Changping,24.0,30.637184197391793
2017-01-12 10:00:00,Changping,20.0,22.37407516177333
2017-01-12 11:00:00,Changping,21.0,18.640211642192394
2017-01-12 12:00:00,Changping,19.0,18.995504206168853
2017-01-12 13:00:00,Changping,18.0,17.421693276327503
2017-01-12 14:00:00,Changping,27.0,16.709649191458734
2017-01-12 15:00:00,Changping,36.0,26.143238999921614
2017-01-12 16:00:00,Changping,35.0,49.442596106693884
2017-01-12 17:00:00,Changping,55.0,53.135208507993376
2017-01-12 18:00:00,Changping,50.0,78.75359630087937
2017-01-12 19:00:00,Changping,24.0,60.93338195339489
2017-01-12 20:00:00,Changping,8.0,30.134193473303664
2017-01-12 21:00:00,Changping,12.0,9.102534311485604
2017-01-12 22:00:00,Changping,12.0,10.827508531432352
2017-01-12 23:00:00,Changping,10.0,11.87106734149966
2017-01-13 00:00:00,Changping,17.0,11.686762782728303
2017-01-13 01:00:00,Changping,16.0,17.80302790851853
2017-01-13 02:00:00,Changping,9.0,14.986471396819265
2017-01-13 03:00:00,Changping,6.0,8.633361366482674
2017-01-13 04:00:00,Changping,7.0,7.829660334343769
2017-01-13 05:00:00,Changping,10.0,7.892642224972696
2017-01-13 06:00:00,Changping,14.0,10.122918815121688
2017-01-13 07:00:00,Changping,9.0,15.252844291027605
2017-01-13 08:00:00,Changping,13.0,11.62001360106682
2017-01-13 09:00:00,Changping,10.0,14.314339729776622
2017-01-13 10:00:00,Changping,10.0,11.373319582667618
2017-01-13 11:00:00,Changping,10.0,9.856038921061133
2017-01-13 12:00:00,Changping,14.0,10.826575144431338
2017-01-13 13:00:00,Changping,8.0,13.100999013544104
2017-01-13 14:00:00,Changping,15.0,10.246399733297173
2017-01-13 15:00:00,Changping,9.0,13.432002433971514
2017-01-13 16:00:00,Changping,12.0,11.051566252102168
2017-01-13 17:00:00,Changping,12.0,15.824446546192226
2017-01-13 18:00:00,Changping,21.0,23.014849733149806
2017-01-13 19:00:00,Changping,31.0,27.453508458546988
2017-01-13 20:00:00,Changping,25.0,32.74814603930719
2017-01-13 21:00:00,Changping,15.0,22.82675544663308
2017-01-13 22:00:00,Changping,28.0,16.591552617526762
2017-01-13 23:00:00,Changping,22.0,28.255941381199378
2017-01-14 00:00:00,Changping,13.0,21.73587301288932
2017-01-14 01:00:00,Changping,15.0,15.420385071400332
2017-01-14 02:00:00,Changping,16.0,15.932019831121398
2017-01-14 03:00:00,Changping,15.0,16.347044138470242
2017-01-14 04:00:00,Changping,25.0,13.540467640099356
2017-01-14 05:00:00,Changping,11.0,23.417172922570483
2017-01-14 06:00:00,Changping,19.0,11.08744284809113
2017-01-14 07:00:00,Changping,19.0,17.368833940228658
2017-01-14 08:00:00,Changping,18.0,19.27661471244725
2017-01-14 09:00:00,Changping,18.0,18.37784873410423
2017-01-14 10:00:00,Changping,17.0,19.116215393464586
2017-01-14 11:00:00,Changping,14.0,17.26739700411649
2017-01-14 12:00:00,Changping,11.0,15.012718728018594
2017-01-14 13:00:00,Changping,26.0,17.066645398225802
2017-01-14 14:00:00,Changping,27.0,28.15046015175881
2017-01-14 15:00:00,Changping,13.0,29.835181616989125
2017-01-14 16:00:00,Changping,15.0,20.208658843030488
2017-01-14 17:00:00,Changping,18.0,22.270390258102054
2017-01-14 18:00:00,Changping,43.0,29.643713055083467
2017-01-14 19:00:00,Changping,48.0,58.71252164654078
2017-01-14 20:00:00,Changping,48.0,56.69993546810812
2017-01-14 21:00:00,Changping,57.0,50.461879887489104
2017-01-14 22:00:00,Changping,56.0,62.01173594804053
2017-01-14 23:00:00,Changping,54.0,63.942366516219984
2017-01-15 00:00:00,Changping,54.0,60.97163352426084
2017-01-15 01:00:00,Changping,53.0,60.56821382585705
2017-01-15 02:00:00,Changping,48.0,58.59670826354821
2017-01-15 03:00:00,Changping,44.0,52.54869021613886
2017-01-15 04:00:00,Changping,46.0,45.71888172182537
2017-01-15 05:00:00,Changping,45.0,47.828122633513225
2017-01-15 06:00:00,Changping,51.0,49.73571754906385
2017-01-15 07:00:00,Changping,52.0,56.72744531938386
2017-01-15 08:00:00,Changping,50.0,59.55529523399615
2017-01-15 09:00:00,Changping,55.0,57.993038131854696
2017-01-15 10:00:00,Changping,59.0,63.0237924973724
2017-01-15 11:00:00,Changping,63.0,66.76429185274267
2017-01-15 12:00:00,Changping,70.0,70.82532632551889
2017-01-15 13:00:00,Changping,69.0,76.64702308306316
2017-01-15 14:00:00,Changping,80.0,77.27330480294803
2017-01-15 15:00:00,Changping,80.0,90.93511388768704
2017-01-15 16:00:00,Changping,91.0,95.7556813600577
2017-01-15 17:00:00,Changping,94.0,100.78393702747393
2017-01-15 18:00:00,Changping,99.0,104.43829602826757
2017-01-15 19:00:00,Changping,106.0,108.4755751696296
2017-01-15 20:00:00,Changping,93.0,110.60069907563872
2017-01-15 21:00:00,Changping,103.0,90.89086653022362
2017-01-15 22:00:00,Changping,99.0,101.90865184001562
2017-01-15 23:00:00,Changping,96.0,99.86056867756612
2017-01-16 00:00:00,Changping,109.0,98.12175124093066
2017-01-16 01:00:00,Changping,118.0,113.20460558707934
2017-01-16 02:00:00,Changping,114.0,124.7449900951759
2017-01-16 03:00:00,Changping,112.0,113.05021970778101
2017-01-16 04:00:00,Changping,97.0,112.39830162870626
2017-01-16 05:00:00,Changping,104.0,95.31251474398368
2017-01-16 06:00:00,Changping,83.0,105.38630570132709
2017-01-16 07:00:00,Changping,85.0,80.07431032444632
2017-01-16 08:00:00,Changping,88.0,87.81557170540606
2017-01-16 09:00:00,Changping,84.0,93.3021806790978
2017-01-16 10:00:00,Changping,90.0,89.85829404342657
2017-01-16 11:00:00,Changping,92.0,97.76758442150836
2017-01-16 12:00:00,Changping,98.0,101.38882378326755
2017-01-16 13:00:00,Changping,89.0,106.32172011397286
2017-01-16 14:00:00,Changping,101.0,94.77501331087474
2017-01-16 15:00:00,Changping,109.0,119.13583412534152
2017-01-16 16:00:00,Changping,119.0,122.8220071721761
2017-01-16 17:00:00,Changping,118.0,129.7477202911729
2017-01-16 18:00:00,Changping,105.0,128.45110733138094
2017-01-16 19:00:00,Changping,117.0,120.08871376105982
2017-01-16 20:00:00,Changping,123.0,122.22575006960808
2017-01-16 21:00:00,Changping,125.0,127.57201790087566
2017-01-16 22:00:00,Changping,137.0,128.9103891431095
2017-01-16 23:00:00,Changping,127.0,139.80435286003558
2017-01-17 00:00:00,Changping,146.0,128.3295430989808
2017-01-17 01:00:00,Changping,140.0,150.81528152420495
2017-01-17 02:00:00,Changping,128.0,140.91006120116495
2017-01-17 03:00:00,Changping,123.0,125.90134272857021
2017-01-17 04:00:00,Changping,142.0,125.1768470406672
2017-01-17 05:00:00,Changping,129.0,141.07430885431006
2017-01-17 06:00:00,Changping,134.0,125.2825802607103
2017-01-17 07:00:00,Changping,141.0,142.06798363723823
2017-01-17 08:00:00,Changping,150.0,149.9534593608903
2017-01-17 09:00:00,Changping,151.0,151.52262614517485
2017-01-17 10:00:00,Changping,131.0,159.35819909728733
2017-01-17 11:00:00,Changping,117.0,125.14446074524527
2017-01-17 12:00:00,Changping,121.0,109.08091057550152
2017-01-17 13:00:00,Changping,132.0,132.83288167776462
2017-01-17 14:00:00,Changping,7.0,142.55105592217419
2017-01-17 15:00:00,Changping,92.0,37.12571292581747
2017-01-17 16:00:00,Changping,127.0,102.28550256091295
2017-01-17 17:00:00,Changping,146.0,130.75047661947258
2017-01-17 18:00:00,Changping,164.0,155.138954317446
2017-01-17 19:00:00,Changping,171.0,175.40008946616544
2017-01-17 20:00:00,Changping,100.0,161.32780258166343
2017-01-17 21:00:00,Changping,29.0,56.61195321049301
2017-01-17 22:00:00,Changping,14.0,15.721152040227398
2017-01-17 23:00:00,Changping,29.0,13.176517432103267
2017-01-18 00:00:00,Changping,24.0,25.75505578392872
2017-01-18 01:00:00,Changping,15.0,21.086158781246343
2017-01-18 02:00:00,Changping,16.0,14.4634970083398
2017-01-18 03:00:00,Changping,18.0,15.249204464845723
2017-01-18 04:00:00,Changping,19.0,17.772145982600634
2017-01-18 05:00:00,Changping,22.0,17.03772490426031
2017-01-18 06:00:00,Changping,24.0,21.279251843820084
2017-01-18 07:00:00,Changping,24.0,22.7647230447044
2017-01-18 08:00:00,Changping,33.0,26.082407222748138
2017-01-18 09:00:00,Changping,43.0,39.83728547349634
2017-01-18 10:00:00,Changping,55.0,52.43262552012348
2017-01-18 11:00:00,Changping,34.0,58.27330118909257
2017-01-18 12:00:00,Changping,33.0,38.42923225088457
2017-01-18 13:00:00,Changping,19.0,36.97853785262292
2017-01-18 14:00:00,Changping,21.0,23.101151916262328
2017-01-18 15:00:00,Changping,39.0,25.8784686462613
2017-01-18 16:00:00,Changping,27.0,45.23895431712355
2017-01-18 17:00:00,Changping,31.0,35.524545788265215
2017-01-18 18:00:00,Changping,44.0,35.13783700257988
2017-01-18 19:00:00,Changping,68.0,49.75215310152419
2017-01-18 20:00:00,Changping,57.0,74.64982163192094
2017-01-18 21:00:00,Changping,57.0,56.77831458847828
2017-01-18 22:00:00,Changping,64.0,61.31429010053797
2017-01-18 23:00:00,Changping,69.0,66.81363321516466
2017-01-19 00:00:00,Changping,70.0,71.58888643430791
2017-01-19 01:00:00,Changping,77.0,70.62054405801851
2017-01-19 02:00:00,Changping,74.0,77.87297281711197
2017-01-19 03:00:00,Changping,101.0,90.9322540983361
2017-01-19 04:00:00,Changping,105.0,121.65267473614037
2017-01-19 05:00:00,Changping,91.0,117.03348028536197
2017-01-19 06:00:00,Changping,80.0,100.53223612265487
2017-01-19 07:00:00,Changping,73.0,93.21050655504784
2017-01-19 08:00:00,Changping,25.0,78.30476941172766
2017-01-19 09:00:00,Changping,17.0,24.1314594873373
2017-01-19 10:00:00,Changping,13.0,16.139184380361606
2017-01-19 11:00:00,Changping,12.0,13.023994445196934
2017-01-19 12:00:00,Changping,11.0,11.575452965690125
2017-01-19 13:00:00,Changping,10.0,11.053206773785183
2017-01-19 14:00:00,Changping,13.0,10.462067341711352
2017-01-19 15:00:00,Changping,15.0,11.94491687513562
2017-01-19 16:00:00,Changping,13.0,14.036344774141705
2017-01-19 17:00:00,Changping,12.0,14.40516087662296
2017-01-19 18:00:00,Changping,10.0,12.53208365188367
2017-01-19 19:00:00,Changping,9.0,11.000469066164836
2017-01-19 20:00:00,Changping,8.0,8.550642976342925
2017-01-19 21:00:00,Changping,11.0,7.604310698097126
2017-01-19 22:00:00,Changping,6.0,12.93909859984996
2017-01-19 23:00:00,Changping,8.0,7.624806860642074
2017-01-20 00:00:00,Changping,8.0,7.304558546882566
2017-01-20 01:00:00,Changping,7.0,6.697833448293806
2017-01-20 02:00:00,Changping,5.0,6.9782277648138695
2017-01-20 03:00:00,Changping,5.0,7.02170211609844
2017-01-20 04:00:00,Changping,4.0,6.062758316770595
2017-01-20 05:00:00,Changping,5.0,6.602447083595007
2017-01-20 06:00:00,Changping,7.0,7.579325888782865
2017-01-20 07:00:00,Changping,5.0,9.769368274814841
2017-01-20 08:00:00,Changping,14.0,9.686951903340304
2017-01-20 09:00:00,Changping,13.0,11.802022254989536
2017-01-20 10:00:00,Changping,7.0,10.921001549511558
2017-01-20 11:00:00,Changping,12.0,6.887736770343376
2017-01-20 12:00:00,Changping,11.0,9.689854736090059
2017-01-20 13:00:00,Changping,10.0,9.32767703830434
2017-01-20 14:00:00,Changping,5.0,8.52248755581103
2017-01-20 15:00:00,Changping,12.0,6.7067942143804125
2017-01-20 16:00:00,Changping,24.0,13.191056973584928
2017-01-20 17:00:00,Changping,32.0,34.558634158600356
2017-01-20 18:00:00,Changping,41.0,42.95014517900636
2017-01-20 19:00:00,Changping,38.0,53.015890639312055
2017-01-20 20:00:00,Changping,46.0,46.276116715001194
2017-01-20 21:00:00,Changping,53.0,49.89220305368491
2017-01-20 22:00:00,Changping,48.0,53.43068421400351
2017-01-20 23:00:00,Changping,79.0,48.969292097566196
2017-01-21 00:00:00,Changping,60.0,80.64575709688353
2017-01-21 01:00:00,Changping,51.0,54.30132074106093
2017-01-21 02:00:00,Changping,50.0,47.040572424648595
2017-01-21 03:00:00,Changping,53.0,51.39129975412886
2017-01-21 04:00:00,Changping,48.0,52.06290195662456
2017-01-21 05:00:00,Changping,48.0,46.273817482706136
2017-01-21 06:00:00,Changping,18.0,49.92942018167994
2017-01-21 07:00:00,Changping,7.0,17.614350075392956
2017-01-21 08:00:00,Changping,16.0,9.598639213039117
2017-01-21 09:00:00,Changping,7.0,16.227917348292863
2017-01-21 10:00:00,Changping,13.0,11.545183842402537
2017-01-21 11:00:00,Changping,9.0,13.042169111495069
2017-01-21 12:00:00,Changping,11.0,10.270080143429155
2017-01-21 13:00:00,Changping,8.0,10.995783615937695
2017-01-21 14:00:00,Changping,6.0,9.683549199501197
2017-01-21 15:00:00,Changping,10.0,8.620081597163384
2017-01-21 16:00:00,Changping,9.0,10.849962772848935
2017-01-21 17:00:00,Changping,14.0,11.086242535396313
2017-01-21 18:00:00,Changping,13.0,14.73598952670239
2017-01-21 19:00:00,Changping,14.0,11.978818000926964
2017-01-21 20:00:00,Changping,16.0,12.489887599049021
2017-01-21 21:00:00,Changping,18.0,14.46347053723391
2017-01-21 22:00:00,Changping,16.0,16.943555368533378
2017-01-21 23:00:00,Changping,16.0,14.064525168215807
2017-01-22 00:00:00,Changping,12.0,14.237151429023928
2017-01-22 01:00:00,Changping,9.0,11.404322798693771
2017-01-22 02:00:00,Changping,5.0,8.355214953492458
2017-01-22 03:00:00,Changping,8.0,7.224927795978779
2017-01-22 04:00:00,Changping,6.0,7.340577322497457
2017-01-22 05:00:00,Changping,7.0,6.0693328410225735
2017-01-22 06:00:00,Changping,6.0,6.3177817125514135
2017-01-22 07:00:00,Changping,7.0,7.356589899984028
2017-01-22 08:00:00,Changping,9.0,6.933550703866068
2017-01-22 09:00:00,Changping,10.0,8.95920265216581
2017-01-22 10:00:00,Changping,8.0,9.199783165322215
2017-01-22 11:00:00,Changping,12.0,9.088983273414748
2017-01-22 12:00:00,Changping,14.0,16.013211994915736
2017-01-22 13:00:00,Changping,14.0,17.179655444450383
2017-01-22 14:00:00,Changping,14.0,17.609811802436372
2017-01-22 15:00:00,Changping,19.0,17.90647904016464
2017-01-22 16:00:00,Changping,24.0,25.905842744824913
2017-01-22 17:00:00,Changping,26.0,34.822550194743044
2017-01-22 18:00:00,Changping,30.0,37.236600306396895
2017-01-22 19:00:00,Changping,38.0,33.859269153119655
2017-01-22 20:00:00,Changping,37.0,37.716890959142546
2017-01-22 21:00:00,Changping,43.0,39.38919598424392
2017-01-22 22:00:00,Changping,45.0,42.052970068571916
2017-01-22 23:00:00,Changping,37.0,43.15491213211957
2017-01-23 00:00:00,Changping,35.0,36.230900905692344
2017-01-23 01:00:00,Changping,38.0,34.998596599086106
2017-01-23 02:00:00,Changping,35.0,36.57397313162172
2017-01-23 03:00:00,Changping,38.0,30.25306153739986
2017-01-23 04:00:00,Changping,36.0,38.397928095213096
2017-01-23 05:00:00,Changping,29.0,34.10604029032517
2017-01-23 06:00:00,Changping,26.0,29.150682228495665
2017-01-23 07:00:00,Changping,28.0,27.80392494098829
2017-01-23 08:00:00,Changping,29.0,30.931690312902617
2017-01-23 09:00:00,Changping,41.0,30.922389060962143
2017-01-23 10:00:00,Changping,81.0,49.16401532735723
2017-01-23 11:00:00,Changping,56.0,85.08070928369806
2017-01-23 12:00:00,Changping,44.0,52.474771131636935
2017-01-23 13:00:00,Changping,34.0,45.325225743650016
2017-01-23 14:00:00,Changping,23.0,36.23059004905954
2017-01-23 15:00:00,Changping,25.0,27.598716571495018
2017-01-23 16:00:00,Changping,3.0,32.862677864050355
2017-01-23 17:00:00,Changping,3.0,12.848085869632753
2017-01-23 18:00:00,Changping,28.0,15.03475421871633
2017-01-23 19:00:00,Changping,65.0,28.11036824231567
2017-01-23 20:00:00,Changping,51.0,70.62367963790794
2017-01-23 21:00:00,Changping,50.0,47.93391660886501
2017-01-23 22:00:00,Changping,50.0,48.705723139430845
2017-01-23 23:00:00,Changping,52.0,48.527091025220514
2017-01-24 00:00:00,Changping,48.0,47.28304543035732
2017-01-24 01:00:00,Changping,44.0,45.10543322453475
2017-01-24 02:00:00,Changping,39.0,40.81300479691085
2017-01-24 03:00:00,Changping,37.0,36.085523020256545
2017-01-24 04:00:00,Changping,41.0,34.57270780392076
2017-01-24 05:00:00,Changping,41.0,38.5389228512422
2017-01-24 06:00:00,Changping,48.0,37.842090238108675
2017-01-24 07:00:00,Changping,60.0,46.51123220564907
2017-01-24 08:00:00,Changping,97.0,63.60157933054212
2017-01-24 09:00:00,Changping,105.0,100.30573043006476
2017-01-24 10:00:00,Changping,104.0,104.24059738438592
2017-01-24 11:00:00,Changping,94.0,105.40054202813278
2017-01-24 12:00:00,Changping,90.0,94.3767548421177
2017-01-24 13:00:00,Changping,83.0,92.56903296329499
2017-01-24 14:00:00,Changping,86.0,83.05009332144907
2017-01-24 15:00:00,Changping,81.0,88.94783442224431
2017-01-24 16:00:00,Changping,80.0,89.63239611004376
2017-01-24 17:00:00,Changping,76.0,85.74377945986828
2017-01-24 18:00:00,Changping,93.0,87.2406609146553
2017-01-24 19:00:00,Changping,121.0,104.52231559703033
2017-01-24 20:00:00,Changping,107.0,128.54558913639707
2017-01-24 21:00:00,Changping,105.0,111.93547414266973
2017-01-24 22:00:00,Changping,124.0,106.2863266342326
2017-01-24 23:00:00,Changping,144.0,128.00586668654265
2017-01-25 00:00:00,Changping,162.0,140.47167896673355
2017-01-25 01:00:00,Changping,156.0,156.08657303134032
2017-01-25 02:00:00,Changping,129.0,152.00094576743447
2017-01-25 03:00:00,Changping,118.0,111.3904897481801
2017-01-25 04:00:00,Changping,118.0,110.4542129743762
2017-01-25 05:00:00,Changping,125.0,112.36199868686467
2017-01-25 06:00:00,Changping,130.0,121.06408285434627
2017-01-25 07:00:00,Changping,136.0,126.90100266444914
2017-01-25 08:00:00,Changping,155.0,131.03444260844378
2017-01-25 09:00:00,Changping,157.0,152.57413974636398
2017-01-25 10:00:00,Changping,173.0,159.08616140170227
2017-01-25 11:00:00,Changping,170.0,170.70578727611084
2017-01-25 12:00:00,Changping,148.0,167.02375583749148
2017-01-25 14:00:00,Changping,158.0,125.81096996651685
2017-01-25 15:00:00,Changping,158.0,180.7572892518235
2017-01-25 16:00:00,Changping,158.0,163.71479772628436
2017-01-25 17:00:00,Changping,160.0,167.2557672168615
2017-01-25 18:00:00,Changping,179.0,170.0927728684707
2017-01-25 19:00:00,Changping,205.0,186.97541908397443
2017-01-25 20:00:00,Changping,204.0,212.77827122092913
2017-01-25 21:00:00,Changping,193.0,202.60550483296126
2017-01-25 22:00:00,Changping,183.0,199.24162771949423
2017-01-25 23:00:00,Changping,214.0,176.12951192405367
2017-01-26 00:00:00,Changping,242.0,197.42034510371744
2017-01-26 01:00:00,Changping,247.0,225.04326688223662
2017-01-26 02:00:00,Changping,219.0,219.608651092374
2017-01-26 03:00:00,Changping,210.0,186.49815277570553
2017-01-26 04:00:00,Changping,210.0,181.48507613656932
2017-01-26 05:00:00,Changping,204.0,191.7038099380616
2017-01-26 06:00:00,Changping,217.0,192.00685447876492
2017-01-26 07:00:00,Changping,240.0,207.3542719677003
2017-01-26 08:00:00,Changping,244.0,230.5682099972685
2017-01-26 09:00:00,Changping,267.0,239.6567335239506
2017-01-26 10:00:00,Changping,295.0,261.55087762379446
2017-01-26 11:00:00,Changping,323.0,306.2167982001334
2017-01-26 12:00:00,Changping,141.0,315.92763523829564
2017-01-26 13:00:00,Changping,49.0,39.49581334157155
2017-01-26 14:00:00,Changping,7.0,26.38479129661575
2017-01-26 15:00:00,Changping,10.0,10.220583987268824
2017-01-26 16:00:00,Changping,13.0,9.364983509776103
2017-01-26 17:00:00,Changping,9.0,12.843024554860454
2017-01-26 18:00:00,Changping,9.0,10.065630212092636
2017-01-26 19:00:00,Changping,10.0,9.358892313322526
2017-01-26 20:00:00,Changping,8.0,9.538435133673207
2017-01-26 21:00:00,Changping,11.0,8.14545054784317
2017-01-26 22:00:00,Changping,9.0,10.204871571775055
2017-01-26 23:00:00,Changping,8.0,8.714449306131709
2017-01-27 00:00:00,Changping,17.0,9.42032909065932
2017-01-27 01:00:00,Changping,12.0,16.483069546281513
2017-01-27 02:00:00,Changping,8.0,11.643977692325448
2017-01-27 03:00:00,Changping,11.0,8.467251010872415
2017-01-27 04:00:00,Changping,7.0,9.336277748149907
2017-01-27 05:00:00,Changping,13.0,7.4952189836560645
2017-01-27 06:00:00,Changping,9.0,11.615506040717952
2017-01-27 07:00:00,Changping,18.0,10.828775014776056
2017-01-27 08:00:00,Changping,14.0,23.047163690042638
2017-01-27 09:00:00,Changping,19.0,19.20802580555204
2017-01-27 10:00:00,Changping,18.0,44.02966417504374
2017-01-27 11:00:00,Changping,20.0,39.40735280406555
2017-01-27 12:00:00,Changping,29.0,41.45164634132591
2017-01-27 13:00:00,Changping,29.0,51.87196393840573
2017-01-27 14:00:00,Changping,35.0,51.76818579166972
2017-01-27 15:00:00,Changping,48.0,40.66142314742073
2017-01-27 16:00:00,Changping,60.0,54.21785322179768
2017-01-27 17:00:00,Changping,70.0,68.294180195698
2017-01-27 18:00:00,Changping,85.0,81.18840225171135
2017-01-27 19:00:00,Changping,123.0,92.32923867773312
2017-01-27 20:00:00,Changping,134.0,129.7274650200497
2017-01-27 21:00:00,Changping,142.0,138.2129928834303
2017-01-27 22:00:00,Changping,163.0,141.3161759392437
2017-01-27 23:00:00,Changping,218.0,161.7545402640293
2017-01-28 00:00:00,Changping,456.0,258.9042218657966
2017-01-28 01:00:00,Changping,539.0,502.4673226963546
2017-01-28 02:00:00,Changping,527.0,446.17786451635436
2017-01-28 03:00:00,Changping,325.0,441.06257716899574
2017-01-28 04:00:00,Changping,346.0,240.41117089637447
2017-01-28 05:00:00,Changping,304.0,287.3965748505807
2017-01-28 06:00:00,Changping,242.0,261.0339453034895
2017-01-28 07:00:00,Changping,313.0,208.33242329597542
2017-01-28 08:00:00,Changping,342.0,305.581114124415
2017-01-28 09:00:00,Changping,313.0,271.96646580363773
2017-01-28 10:00:00,Changping,295.0,274.24481237216844
2017-01-28 11:00:00,Changping,242.0,266.905843491915
2017-01-28 12:00:00,Changping,197.0,218.65067832393598
2017-01-28 13:00:00,Changping,178.0,163.3894921916298
2017-01-28 14:00:00,Changping,184.0,180.32387531973814
2017-01-28 15:00:00,Changping,195.0,203.1985460411582
2017-01-28 16:00:00,Changping,208.0,201.72198075444413
2017-01-28 17:00:00,Changping,218.0,219.3584954994138
2017-01-28 18:00:00,Changping,227.0,224.1073831411893
2017-01-28 19:00:00,Changping,237.0,223.35636451664686
2017-01-28 20:00:00,Changping,221.0,231.01163952506027
2017-01-28 21:00:00,Changping,213.0,216.74295332203044
2017-01-28 22:00:00,Changping,218.0,207.70765765121615
2017-01-28 23:00:00,Changping,217.0,207.71692238857608
2017-01-29 00:00:00,Changping,123.0,227.43542493316477
2017-01-29 01:00:00,Changping,9.0,62.80275056328727
2017-01-29 02:00:00,Changping,3.0,4.239823882250326
2017-01-29 03:00:00,Changping,4.0,9.193557834642519
2017-01-29 04:00:00,Changping,11.0,6.971317860820765
2017-01-29 05:00:00,Changping,12.0,13.013425200276492
2017-01-29 06:00:00,Changping,7.0,11.89522197060191
2017-01-29 07:00:00,Changping,14.0,8.631144110013325
2017-01-29 08:00:00,Changping,12.0,14.074441026059658
2017-01-29 09:00:00,Changping,11.0,15.189391637330246
2017-01-29 10:00:00,Changping,14.0,11.898267846438745
2017-01-29 11:00:00,Changping,12.0,12.83483732457241
2017-01-29 12:00:00,Changping,13.0,12.754913329619272
2017-01-29 13:00:00,Changping,10.0,12.385398875332042
2017-01-29 14:00:00,Changping,15.0,10.583915924120227
2017-01-29 15:00:00,Changping,16.0,13.958038442218301
2017-01-29 16:00:00,Changping,9.0,16.489331178458077
2017-01-29 17:00:00,Changping,8.0,11.964213127826659
2017-01-29 18:00:00,Changping,7.0,10.434845597442537
2017-01-29 19:00:00,Changping,14.0,9.209625958821146
2017-01-29 20:00:00,Changping,4.0,12.63429739194136
2017-01-29 21:00:00,Changping,13.0,13.542585230975483
2017-01-29 22:00:00,Changping,17.0,17.286331225099506
2017-01-29 23:00:00,Changping,17.0,22.62190881334907
2017-01-30 00:00:00,Changping,13.0,17.190731156440414
2017-01-30 01:00:00,Changping,11.0,13.55732133411772
2017-01-30 02:00:00,Changping,6.0,11.346424088785973
2017-01-30 03:00:00,Changping,8.0,8.974231161784681
2017-01-30 04:00:00,Changping,9.0,9.799784981021368
2017-01-30 05:00:00,Changping,9.0,10.712368799680403
2017-01-30 06:00:00,Changping,10.0,10.460748974531612
2017-01-30 07:00:00,Changping,12.0,13.267525549317691
2017-01-30 08:00:00,Changping,11.0,16.855329999163605
2017-01-30 09:00:00,Changping,10.0,12.90253747323094
2017-01-30 10:00:00,Changping,12.0,15.238276697840098
2017-01-30 11:00:00,Changping,6.0,13.119476319893291
2017-01-30 12:00:00,Changping,6.0,10.335869341474464
2017-01-30 13:00:00,Changping,11.0,9.391284967508957
2017-01-30 14:00:00,Changping,13.0,16.141593356288876
2017-01-30 15:00:00,Changping,11.0,17.233501215163248
2017-01-30 16:00:00,Changping,15.0,13.397515985386665
2017-01-30 17:00:00,Changping,52.0,20.331825804165057
2017-01-30 18:00:00,Changping,70.0,64.14503851086386
2017-01-30 19:00:00,Changping,79.0,73.22600379503687
2017-01-30 20:00:00,Changping,95.0,80.60154755932234
2017-01-30 21:00:00,Changping,69.0,90.61272948199684
2017-01-30 22:00:00,Changping,65.0,65.56973006297949
2017-01-30 23:00:00,Changping,55.0,64.3267814474506
2017-01-31 00:00:00,Changping,65.0,51.44523679343298
2017-01-31 01:00:00,Changping,64.0,64.68495522250244
2017-01-31 02:00:00,Changping,55.0,60.26191548229667
2017-01-31 03:00:00,Changping,44.0,50.35962318210074
2017-01-31 04:00:00,Changping,48.0,40.47218947804765
2017-01-31 05:00:00,Changping,40.0,46.159803322284205
2017-01-31 06:00:00,Changping,60.0,39.436794575552014
2017-01-31 07:00:00,Changping,79.0,68.15934171841492
2017-01-31 08:00:00,Changping,79.0,85.77304306116064
2017-01-31 09:00:00,Changping,84.0,76.38111901444061
2017-01-31 10:00:00,Changping,89.0,88.93919022695617
2017-01-31 11:00:00,Changping,74.0,90.56898124846805
2017-01-31 12:00:00,Changping,60.0,73.41524103646239
2017-01-31 13:00:00,Changping,44.0,59.477150411649994
2017-01-31 14:00:00,Changping,20.0,38.93390572918254
2017-01-31 15:00:00,Changping,27.0,24.148374480997248
2017-01-31 16:00:00,Changping,23.0,33.21106798443839
2017-01-31 17:00:00,Changping,23.0,32.01843646173326
2017-01-31 18:00:00,Changping,11.0,28.038035476245305
2017-01-31 19:00:00,Changping,14.0,14.027965576265842
2017-01-31 20:00:00,Changping,11.0,19.898607145126366
2017-01-31 21:00:00,Changping,7.0,13.05104692770559
2017-01-31 22:00:00,Changping,8.0,9.110978467857668
2017-01-31 23:00:00,Changping,8.0,9.895890515347562
2017-02-01 00:00:00,Changping,19.0,8.288556139130838
2017-02-01 01:00:00,Changping,12.0,16.277907088953867
2017-02-01 02:00:00,Changping,12.0,13.140390556560448
2017-02-01 03:00:00,Changping,11.0,13.003084292204028
2017-02-01 04:00:00,Changping,11.0,12.375919397086772
2017-02-01 05:00:00,Changping,12.0,14.895534405996901
2017-02-01 06:00:00,Changping,11.0,15.595725317837399
2017-02-01 07:00:00,Changping,12.0,13.776639555807826
2017-02-01 08:00:00,Changping,11.0,16.517578266416447
2017-02-01 09:00:00,Changping,11.0,15.567365750566417
2017-02-01 10:00:00,Changping,9.0,12.733880880041182
2017-02-01 11:00:00,Changping,6.0,9.613326060690593
2017-02-01 12:00:00,Changping,14.0,7.60329633648862
2017-02-01 13:00:00,Changping,6.0,15.978024951399618
2017-02-01 14:00:00,Changping,13.0,12.979968496318808
2017-02-01 15:00:00,Changping,6.0,17.157027248020892
2017-02-01 16:00:00,Changping,13.0,14.101575847777987
2017-02-01 17:00:00,Changping,25.0,18.48506958508597
2017-02-01 18:00:00,Changping,59.0,34.33255011718076
2017-02-01 19:00:00,Changping,83.0,75.36800896365537
2017-02-01 20:00:00,Changping,91.0,86.19308107433783
2017-02-01 21:00:00,Changping,60.0,90.4633333402936
2017-02-01 22:00:00,Changping,42.0,53.12690836822135
2017-02-01 23:00:00,Changping,41.0,39.59083728706886
2017-02-02 00:00:00,Changping,41.0,38.15032187391125
2017-02-02 01:00:00,Changping,39.0,37.259851106916535
2017-02-02 02:00:00,Changping,36.0,35.20625683866614
2017-02-02 03:00:00,Changping,41.0,32.16775966146429
2017-02-02 04:00:00,Changping,52.0,37.564482543141295
2017-02-02 05:00:00,Changping,103.0,52.17410380024053
2017-02-02 06:00:00,Changping,74.0,99.85072519895984
2017-02-02 07:00:00,Changping,119.0,66.20069041699333
2017-02-02 08:00:00,Changping,84.0,116.24169293789986
2017-02-02 09:00:00,Changping,85.0,75.07462817839118
2017-02-02 10:00:00,Changping,98.0,86.56614825556183
2017-02-02 11:00:00,Changping,95.0,100.72872042651085
2017-02-02 12:00:00,Changping,61.0,94.37090450707322
2017-02-02 13:00:00,Changping,61.0,56.266819321104535
2017-02-02 14:00:00,Changping,64.0,61.50666094136025
2017-02-02 15:00:00,Changping,61.0,64.84936607224105
2017-02-02 16:00:00,Changping,58.0,61.53633616664227
2017-02-02 17:00:00,Changping,59.0,64.4919033205043
2017-02-02 18:00:00,Changping,73.0,73.54389692042614
2017-02-02 19:00:00,Changping,93.0,88.67357290559433
2017-02-02 20:00:00,Changping,80.0,99.36785881808711
2017-02-02 21:00:00,Changping,75.0,78.89385210820647
2017-02-02 22:00:00,Changping,78.0,75.78440933547124
2017-02-02 23:00:00,Changping,78.0,78.46867848040493
2017-02-03 00:00:00,Changping,77.0,78.72980006527808
2017-02-03 01:00:00,Changping,78.0,75.80981478269479
2017-02-03 02:00:00,Changping,69.0,75.41902578123938
2017-02-03 03:00:00,Changping,73.0,67.5501378790361
2017-02-03 04:00:00,Changping,72.0,73.16259036458784
2017-02-03 05:00:00,Changping,67.0,70.13161994530034
2017-02-03 06:00:00,Changping,74.0,64.7037749000018
2017-02-03 07:00:00,Changping,79.0,80.34131747948949
2017-02-03 08:00:00,Changping,87.0,82.98117873027103
2017-02-03 09:00:00,Changping,142.0,91.99788396005255
2017-02-03 10:00:00,Changping,166.0,154.0109879946055
2017-02-03 11:00:00,Changping,143.0,168.2174791398474
2017-02-03 12:00:00,Changping,127.0,137.02731643411676
2017-02-03 13:00:00,Changping,129.0,118.68673573317703
2017-02-03 14:00:00,Changping,105.0,126.61202467768317
2017-02-03 15:00:00,Changping,106.0,99.54975128814665
2017-02-03 16:00:00,Changping,117.0,113.63493690690728
2017-02-03 17:00:00,Changping,111.0,129.00094976418245
2017-02-03 18:00:00,Changping,130.0,125.84074490407424
2017-02-03 19:00:00,Changping,142.0,144.21602392070986
2017-02-03 20:00:00,Changping,131.0,140.85809052844922
2017-02-03 21:00:00,Changping,165.0,131.29624023976555
2017-02-03 22:00:00,Changping,178.0,164.92252765890626
2017-02-03 23:00:00,Changping,183.0,167.1015997034366
2017-02-04 00:00:00,Changping,196.0,187.25267202527974
2017-02-04 01:00:00,Changping,197.0,186.3643197784499
2017-02-04 02:00:00,Changping,216.0,183.78712818945422
2017-02-04 03:00:00,Changping,200.0,199.28231759831914
2017-02-04 04:00:00,Changping,203.0,186.8797050066133
2017-02-04 05:00:00,Changping,209.0,193.72085611953884
2017-02-04 06:00:00,Changping,207.0,193.06222631527777
2017-02-04 07:00:00,Changping,237.0,202.94587312895803
2017-02-04 08:00:00,Changping,240.0,224.458233368364
2017-02-04 09:00:00,Changping,255.0,230.62635806264387
2017-02-04 10:00:00,Changping,290.0,245.01234989638246
2017-02-04 11:00:00,Changping,296.0,263.50990301863243
2017-02-04 12:00:00,Changping,266.0,283.13111445766117
2017-02-04 13:00:00,Changping,228.0,253.9456560976506
2017-02-04 14:00:00,Changping,136.0,207.9157044635374
2017-02-04 15:00:00,Changping,35.0,67.7602177099432
2017-02-04 16:00:00,Changping,30.0,28.25811394603938
2017-02-04 17:00:00,Changping,23.0,33.13922813901619
2017-02-04 18:00:00,Changping,15.0,26.645729949780765
2017-02-04 19:00:00,Changping,15.0,20.28175062212976
2017-02-04 20:00:00,Changping,8.0,17.823206042358844
2017-02-04 21:00:00,Changping,10.0,13.364641495368243
2017-02-04 22:00:00,Changping,21.0,14.433105342633988
2017-02-04 23:00:00,Changping,22.0,27.607537073736694
2017-02-05 00:00:00,Changping,19.0,28.248957808890243
2017-02-05 01:00:00,Changping,20.0,22.225343881121773
2017-02-05 02:00:00,Changping,21.0,24.249195479408687
2017-02-05 03:00:00,Changping,22.0,26.03103696658378
2017-02-05 04:00:00,Changping,22.0,25.75055828491322
2017-02-05 05:00:00,Changping,17.0,25.103298788534616
2017-02-05 06:00:00,Changping,14.0,21.211481002512773
2017-02-05 07:00:00,Changping,13.0,13.013026371527006
2017-02-05 08:00:00,Changping,16.0,13.024165818411758
2017-02-05 09:00:00,Changping,9.0,13.843012976696377
2017-02-05 10:00:00,Changping,12.0,11.367822249717635
2017-02-05 11:00:00,Changping,9.0,13.006090090727582
2017-02-05 12:00:00,Changping,11.0,8.491438749633032
2017-02-05 13:00:00,Changping,10.0,12.699190599836138
2017-02-05 14:00:00,Changping,16.0,12.19559610846597
2017-02-05 15:00:00,Changping,21.0,13.451515569152544
2017-02-05 16:00:00,Changping,8.0,18.481213025088397
2017-02-05 17:00:00,Changping,7.0,9.216008279499798
2017-02-05 18:00:00,Changping,7.0,8.38575097725954
2017-02-05 19:00:00,Changping,7.0,10.16709179181369
2017-02-05 20:00:00,Changping,5.0,9.300182987154674
2017-02-05 21:00:00,Changping,9.0,8.133761579280245
2017-02-05 22:00:00,Changping,4.0,8.910880527687896
2017-02-05 23:00:00,Changping,3.0,8.870410179509356
2017-02-06 00:00:00,Changping,3.0,7.502238455927232
2017-02-06 01:00:00,Changping,4.0,8.938488634906687
2017-02-06 02:00:00,Changping,3.0,5.505431801441311
2017-02-06 03:00:00,Changping,7.0,5.323449736882858
2017-02-06 04:00:00,Changping,12.0,10.894653861047534
2017-02-06 05:00:00,Changping,21.0,12.550433878701394
2017-02-06 06:00:00,Changping,26.0,24.734915465610538
2017-02-06 07:00:00,Changping,40.0,35.52820669611393
2017-02-06 08:00:00,Changping,25.0,48.64599611499138
2017-02-06 09:00:00,Changping,35.0,33.705815306063634
2017-02-06 10:00:00,Changping,35.0,43.26518451377533
2017-02-06 11:00:00,Changping,18.0,39.2209004868889
2017-02-06 12:00:00,Changping,13.0,21.51430031456561
2017-02-06 13:00:00,Changping,11.0,13.200808923820084
2017-02-06 14:00:00,Changping,10.0,15.277753272666194
2017-02-06 15:00:00,Changping,3.0,14.353795852779875
2017-02-06 16:00:00,Changping,3.0,11.697250431566488
2017-02-06 17:00:00,Changping,8.0,12.10776456263894
2017-02-06 18:00:00,Changping,14.0,11.441989594590499
2017-02-06 19:00:00,Changping,31.0,20.504427315936645
2017-02-06 20:00:00,Changping,37.0,37.89761101233407
2017-02-06 21:00:00,Changping,42.0,37.80063048046035
2017-02-06 22:00:00,Changping,47.0,42.46502949097795
2017-02-06 23:00:00,Changping,47.0,46.85829436843824
2017-02-07 00:00:00,Changping,42.0,47.32726751925579
2017-02-07 01:00:00,Changping,34.0,40.97340378890335
2017-02-07 02:00:00,Changping,33.0,36.076735125596315
2017-02-07 03:00:00,Changping,48.0,36.739806917327726
2017-02-07 04:00:00,Changping,49.0,47.525395561611745
2017-02-07 05:00:00,Changping,57.0,50.43107581614263
2017-02-07 06:00:00,Changping,62.0,56.691355849045166
2017-02-07 07:00:00,Changping,72.0,66.75197333280266
2017-02-07 08:00:00,Changping,65.0,75.22266766307746
2017-02-07 09:00:00,Changping,69.0,71.01386127637619
2017-02-07 10:00:00,Changping,82.0,72.61081162176342
2017-02-07 11:00:00,Changping,96.0,102.87776287763718
2017-02-07 12:00:00,Changping,94.0,105.59214044860394
2017-02-07 13:00:00,Changping,93.0,98.57025008401997
2017-02-07 14:00:00,Changping,92.0,96.458050018953
2017-02-07 15:00:00,Changping,82.0,98.34417069858044
2017-02-07 16:00:00,Changping,86.0,91.99422360221232
2017-02-07 17:00:00,Changping,98.0,96.9598134907195
2017-02-07 18:00:00,Changping,118.0,114.02023648301503
2017-02-07 19:00:00,Changping,134.0,130.59564753239164
2017-02-07 20:00:00,Changping,108.0,138.55955186477414
2017-02-07 21:00:00,Changping,97.0,103.0739474444682
2017-02-07 22:00:00,Changping,113.0,96.58536545671093
2017-02-07 23:00:00,Changping,115.0,116.91082112385268
2017-02-08 00:00:00,Changping,112.0,115.87990584154
2017-02-08 01:00:00,Changping,101.0,113.27360021444274
2017-02-08 02:00:00,Changping,88.0,93.20250868609526
2017-02-08 03:00:00,Changping,49.0,81.05807492062976
2017-02-08 04:00:00,Changping,39.0,42.76797997336873
2017-02-08 05:00:00,Changping,7.0,34.264821595278015
2017-02-08 06:00:00,Changping,9.0,7.140806432853844
2017-02-08 07:00:00,Changping,5.0,9.298125042891796
2017-02-08 08:00:00,Changping,4.0,8.334052500630296
2017-02-08 09:00:00,Changping,8.0,7.227418302564658
2017-02-08 10:00:00,Changping,12.0,10.593120267201476
2017-02-08 11:00:00,Changping,11.0,9.707177233004286
2017-02-08 12:00:00,Changping,14.0,13.100089340854963
2017-02-08 13:00:00,Changping,7.0,11.748160198027103
2017-02-08 14:00:00,Changping,5.0,7.6365854117295155
2017-02-08 15:00:00,Changping,6.0,6.549549596590912
2017-02-08 16:00:00,Changping,8.0,6.898962010008644
2017-02-08 17:00:00,Changping,8.0,8.154739986443378
2017-02-08 18:00:00,Changping,8.0,8.677938261320106
2017-02-08 19:00:00,Changping,11.0,8.34723385737482
2017-02-08 20:00:00,Changping,9.0,10.27984687795686
2017-02-08 21:00:00,Changping,6.0,9.60889821977757
2017-02-08 22:00:00,Changping,10.0,7.936931584118667
2017-02-08 23:00:00,Changping,12.0,11.820133922782322
2017-02-09 00:00:00,Changping,10.0,15.744912382339834
2017-02-09 01:00:00,Changping,13.0,11.191011519799018
2017-02-09 03:00:00,Changping,11.0,19.785983069350227
2017-02-09 04:00:00,Changping,11.0,13.328444883259237
2017-02-09 05:00:00,Changping,10.0,12.794683336325644
2017-02-09 06:00:00,Changping,8.0,11.453641176198303
2017-02-09 07:00:00,Changping,13.0,10.100493266998875
2017-02-09 08:00:00,Changping,8.0,12.902845617882068
2017-02-09 09:00:00,Changping,5.0,10.365858306688722
2017-02-09 10:00:00,Changping,7.0,9.67087851292766
2017-02-09 11:00:00,Changping,13.0,9.085020073585005
2017-02-09 12:00:00,Changping,10.0,12.98121568997365
2017-02-09 13:00:00,Changping,6.0,13.491820042248026
2017-02-09 14:00:00,Changping,7.0,6.713528133507477
2017-02-09 15:00:00,Changping,5.0,6.517317344026007
2017-02-09 16:00:00,Changping,9.0,6.435815479218757
2017-02-09 17:00:00,Changping,6.0,8.106042723533848
2017-02-09 18:00:00,Changping,8.0,8.371061702467056
2017-02-09 19:00:00,Changping,7.0,8.050680868060786
2017-02-09 20:00:00,Changping,12.0,7.516421384432968
2017-02-09 21:00:00,Changping,8.0,12.56800112920094
2017-02-09 22:00:00,Changping,10.0,10.502175222663805
2017-02-09 23:00:00,Changping,10.0,10.983203382159184
2017-02-10 00:00:00,Changping,5.0,12.121494388300656
2017-02-10 01:00:00,Changping,7.0,9.984483290911227
2017-02-10 02:00:00,Changping,10.0,8.723375193373835
2017-02-10 03:00:00,Changping,3.0,10.713420461502954
2017-02-10 04:00:00,Changping,7.0,9.004037729434867
2017-02-10 05:00:00,Changping,8.0,8.82693506651365
2017-02-10 06:00:00,Changping,8.0,9.683588019681453
2017-02-10 07:00:00,Changping,7.0,11.186401528625717
2017-02-10 08:00:00,Changping,15.0,9.087402668908066
2017-02-10 09:00:00,Changping,10.0,13.968156692806243
2017-02-10 10:00:00,Changping,6.0,11.803284030125
2017-02-10 11:00:00,Changping,12.0,9.012163635066239
2017-02-10 12:00:00,Changping,9.0,12.301066830411308
2017-02-10 13:00:00,Changping,16.0,11.034733285626363
2017-02-10 14:00:00,Changping,11.0,15.15339382971872
2017-02-10 15:00:00,Changping,6.0,12.865729169637172
2017-02-10 16:00:00,Changping,8.0,10.297867668325171
2017-02-10 17:00:00,Changping,10.0,10.633792017881394
2017-02-10 18:00:00,Changping,12.0,9.408438155445781
2017-02-10 19:00:00,Changping,13.0,11.036556557001944
2017-02-10 20:00:00,Changping,8.0,12.608626219769494
2017-02-10 21:00:00,Changping,11.0,9.955804079547653
2017-02-10 22:00:00,Changping,8.0,10.241892732736327
2017-02-10 23:00:00,Changping,16.0,8.875806194101134
2017-02-11 00:00:00,Changping,14.0,14.579277102512275
2017-02-11 01:00:00,Changping,13.0,13.02765954024254
2017-02-11 02:00:00,Changping,16.0,12.477534705929648
2017-02-11 03:00:00,Changping,10.0,14.724272810470698
2017-02-11 04:00:00,Changping,9.0,10.552251215659362
2017-02-11 05:00:00,Changping,8.0,9.183276501516577
2017-02-11 06:00:00,Changping,14.0,9.002754295457603
2017-02-11 07:00:00,Changping,20.0,14.367929112110673
2017-02-11 08:00:00,Changping,16.0,21.67683661752549
2017-02-11 09:00:00,Changping,16.0,14.957284196693859
2017-02-11 10:00:00,Changping,15.0,13.615476506043962
2017-02-11 11:00:00,Changping,9.0,13.037510007713143
2017-02-11 12:00:00,Changping,9.0,12.272968925741367
2017-02-11 13:00:00,Changping,18.0,7.892364846759141
2017-02-11 14:00:00,Changping,12.0,19.16741282481514
2017-02-11 15:00:00,Changping,13.0,14.143247505167594
2017-02-11 16:00:00,Changping,15.0,14.235880666817836
2017-02-11 17:00:00,Changping,25.0,17.592197024747392
2017-02-11 18:00:00,Changping,29.0,30.838026523889326
2017-02-11 19:00:00,Changping,61.0,37.6713498823798
2017-02-11 20:00:00,Changping,152.0,64.16450062821703
2017-02-11 21:00:00,Changping,122.0,179.80881909548285
2017-02-11 22:00:00,Changping,111.0,108.46334231389842
2017-02-11 23:00:00,Changping,50.0,107.63005985880015
2017-02-12 00:00:00,Changping,39.0,43.25552585788482
2017-02-12 01:00:00,Changping,29.0,35.76336410284527
2017-02-12 02:00:00,Changping,45.0,30.017552789639485
2017-02-12 03:00:00,Changping,45.0,44.28995884211281
2017-02-12 04:00:00,Changping,38.0,45.08864633531101
2017-02-12 05:00:00,Changping,31.0,37.472179729655714
2017-02-12 06:00:00,Changping,42.0,36.157137728635824
2017-02-12 07:00:00,Changping,62.0,50.65482441806532
2017-02-12 08:00:00,Changping,91.0,65.3377824224566
2017-02-12 09:00:00,Changping,111.0,94.76325395146642
2017-02-12 10:00:00,Changping,104.0,117.91245031268488
2017-02-12 11:00:00,Changping,100.0,101.87403827523053
2017-02-12 12:00:00,Changping,78.0,102.31970381245992
2017-02-12 13:00:00,Changping,55.0,79.42068244051919
2017-02-12 14:00:00,Changping,52.0,55.102736448823116
2017-02-12 15:00:00,Changping,65.0,53.15993065197888
2017-02-12 16:00:00,Changping,66.0,70.36042022476012
2017-02-12 17:00:00,Changping,76.0,80.89213931712462
2017-02-12 18:00:00,Changping,84.0,85.5163467644768
2017-02-12 19:00:00,Changping,101.0,100.96169169476235
2017-02-12 20:00:00,Changping,91.0,118.84556511293415
2017-02-12 21:00:00,Changping,73.0,86.91937905013529
2017-02-12 22:00:00,Changping,124.0,75.30568998646162
2017-02-12 23:00:00,Changping,144.0,127.15580744119787
2017-02-13 00:00:00,Changping,94.0,138.18507005348206
2017-02-13 01:00:00,Changping,82.0,75.4508606348408
2017-02-13 02:00:00,Changping,88.0,83.08158973282542
2017-02-13 03:00:00,Changping,74.0,85.04731439381158
2017-02-13 04:00:00,Changping,56.0,69.64333715531176
2017-02-13 05:00:00,Changping,77.0,55.11531061944812
2017-02-13 06:00:00,Changping,53.0,82.033188872907
2017-02-13 07:00:00,Changping,21.0,38.88637515692718
2017-02-13 08:00:00,Changping,20.0,23.783815203707146
2017-02-13 09:00:00,Changping,20.0,21.701575465970528
2017-02-13 10:00:00,Changping,23.0,25.37133431354956
2017-02-13 11:00:00,Changping,21.0,27.637063264472392
2017-02-13 12:00:00,Changping,18.0,20.498399214275135
2017-02-13 13:00:00,Changping,13.0,17.504755088804778
2017-02-13 14:00:00,Changping,11.0,13.364731849988193
2017-02-13 15:00:00,Changping,17.0,14.681583766337189
2017-02-13 16:00:00,Changping,13.0,20.543856401727435
2017-02-13 17:00:00,Changping,22.0,18.359207122002395
2017-02-13 18:00:00,Changping,32.0,24.927158923867655
2017-02-13 19:00:00,Changping,46.0,40.33745807311389
2017-02-13 20:00:00,Changping,56.0,54.335765247713795
2017-02-13 21:00:00,Changping,77.0,64.74733934932685
2017-02-13 22:00:00,Changping,90.0,91.85607326653195
2017-02-13 23:00:00,Changping,140.0,111.69607155408244
2017-02-14 00:00:00,Changping,166.0,150.43267453065064
2017-02-14 01:00:00,Changping,170.0,171.56192643770115
2017-02-14 02:00:00,Changping,152.0,169.47536425999974
2017-02-14 03:00:00,Changping,122.0,129.26516106575116
2017-02-14 04:00:00,Changping,94.0,112.83435545397312
2017-02-14 05:00:00,Changping,111.0,84.84568692387803
2017-02-14 06:00:00,Changping,135.0,111.0089447088946
2017-02-14 07:00:00,Changping,130.0,138.06100037797626
2017-02-14 08:00:00,Changping,132.0,131.64249901078122
2017-02-14 09:00:00,Changping,179.0,139.40231027898966
2017-02-14 10:00:00,Changping,188.0,185.86106133067364
2017-02-14 11:00:00,Changping,154.0,194.12413600958286
2017-02-14 12:00:00,Changping,168.0,154.7579484550736
2017-02-14 13:00:00,Changping,170.0,193.32113001916616
2017-02-14 14:00:00,Changping,175.0,193.1693659941062
2017-02-14 15:00:00,Changping,183.0,167.77516343931347
2017-02-14 16:00:00,Changping,197.0,183.91706997473787
2017-02-14 17:00:00,Changping,207.0,198.35182628993786
2017-02-14 18:00:00,Changping,228.0,218.25720954323148
2017-02-14 19:00:00,Changping,241.0,234.44049317387473
2017-02-14 20:00:00,Changping,223.0,242.00644651602192
2017-02-14 21:00:00,Changping,220.0,219.9405899736298
2017-02-14 22:00:00,Changping,226.0,214.52528927362115
2017-02-14 23:00:00,Changping,242.0,226.78755904188841
2017-02-15 00:00:00,Changping,217.0,230.54145263867358
2017-02-15 01:00:00,Changping,230.0,200.77197149049283
2017-02-15 02:00:00,Changping,217.0,216.0322012786142
2017-02-15 03:00:00,Changping,209.0,205.26428874647777
2017-02-15 04:00:00,Changping,211.0,196.90955738679213
2017-02-15 05:00:00,Changping,223.0,196.81724550561805
2017-02-15 06:00:00,Changping,242.0,213.13690299247816
2017-02-15 07:00:00,Changping,243.0,229.0724839958027
2017-02-15 08:00:00,Changping,252.0,239.51347868092338
2017-02-15 09:00:00,Changping,249.0,252.09307644433082
2017-02-15 10:00:00,Changping,262.0,240.92773784453505
2017-02-15 11:00:00,Changping,259.0,260.35877735948867
2017-02-15 12:00:00,Changping,228.0,265.0629706881706
2017-02-15 13:00:00,Changping,203.0,227.81561917755707
2017-02-15 14:00:00,Changping,192.0,205.78838745245343
2017-02-15 15:00:00,Changping,219.0,196.25436461502903
2017-02-15 16:00:00,Changping,236.0,220.38206701112767
2017-02-15 17:00:00,Changping,229.0,236.63084602771502
2017-02-15 18:00:00,Changping,252.0,231.0286294189785
2017-02-15 19:00:00,Changping,264.0,262.29619488267423
2017-02-15 20:00:00,Changping,259.0,261.9831435883314
2017-02-15 21:00:00,Changping,280.0,262.7099259907714
2017-02-15 22:00:00,Changping,335.0,278.65538919937023
2017-02-15 23:00:00,Changping,289.0,327.3601466486855
2017-02-16 00:00:00,Changping,257.0,279.37428957173887
2017-02-16 01:00:00,Changping,275.0,245.63805829772056
2017-02-16 02:00:00,Changping,264.0,262.24000008686323
2017-02-16 03:00:00,Changping,257.0,247.84939390560228
2017-02-16 04:00:00,Changping,243.0,245.62613399451095
2017-02-16 05:00:00,Changping,238.0,216.51147202537183
2017-02-16 06:00:00,Changping,168.0,230.02975554746752
2017-02-16 07:00:00,Changping,75.0,122.79586208415849
2017-02-16 08:00:00,Changping,43.0,58.41703819733501
2017-02-16 09:00:00,Changping,30.0,35.71240215383777
2017-02-16 10:00:00,Changping,15.0,30.623895860440122
2017-02-16 11:00:00,Changping,16.0,17.883432892336188
2017-02-16 12:00:00,Changping,7.0,18.972348475206086
2017-02-16 13:00:00,Changping,11.0,12.682392144242009
2017-02-16 14:00:00,Changping,9.0,14.842821409458434
2017-02-16 15:00:00,Changping,7.0,8.627974720531439
2017-02-16 16:00:00,Changping,10.0,7.181418385109697
2017-02-16 17:00:00,Changping,7.0,9.849551615742413
2017-02-16 18:00:00,Changping,10.0,8.140249207888376
2017-02-16 19:00:00,Changping,7.0,9.102959507135763
2017-02-16 20:00:00,Changping,3.0,7.222163592299364
2017-02-16 21:00:00,Changping,8.0,6.3251475885040565
2017-02-16 22:00:00,Changping,5.0,7.0121222277379935
2017-02-16 23:00:00,Changping,6.0,6.050111543608634
2017-02-17 00:00:00,Changping,10.0,6.196990648001644
2017-02-17 01:00:00,Changping,4.0,9.190545675996603
2017-02-17 02:00:00,Changping,5.0,7.024283434058612
2017-02-17 03:00:00,Changping,7.0,7.110340629536726
2017-02-17 04:00:00,Changping,8.0,10.339990901337213
2017-02-17 05:00:00,Changping,8.0,9.637600632160735
2017-02-17 06:00:00,Changping,14.0,10.063640298925149
2017-02-17 07:00:00,Changping,15.0,15.231433556031362
2017-02-17 08:00:00,Changping,15.0,15.497454793400813
2017-02-17 09:00:00,Changping,8.0,15.595180429865495
2017-02-17 10:00:00,Changping,15.0,11.73660243331544
2017-02-17 11:00:00,Changping,13.0,15.226035316324737
2017-02-17 12:00:00,Changping,3.0,13.907670278451931
2017-02-17 13:00:00,Changping,6.0,6.634185062482994
2017-02-17 14:00:00,Changping,14.0,8.955692850766578
2017-02-17 15:00:00,Changping,20.0,13.877351245091052
2017-02-17 16:00:00,Changping,24.0,23.374786407854643
2017-02-17 17:00:00,Changping,34.0,29.103208056345053
2017-02-17 18:00:00,Changping,59.0,47.2550389515444
2017-02-17 19:00:00,Changping,69.0,78.13856564328222
2017-02-17 20:00:00,Changping,81.0,81.99361757747252
2017-02-17 21:00:00,Changping,66.0,81.05541987605493
2017-02-17 22:00:00,Changping,45.0,62.721449257924206
2017-02-17 23:00:00,Changping,49.0,47.80268409425866
2017-02-18 00:00:00,Changping,53.0,51.005574866417064
2017-02-18 01:00:00,Changping,61.0,53.32557453177083
2017-02-18 02:00:00,Changping,51.0,60.07830704573205
2017-02-18 03:00:00,Changping,48.0,50.85658077189185
2017-02-18 04:00:00,Changping,49.0,47.715122295277034
2017-02-18 05:00:00,Changping,46.0,50.093562862091396
2017-02-18 06:00:00,Changping,50.0,49.36636581428856
2017-02-18 07:00:00,Changping,62.0,53.21573258934165
2017-02-18 08:00:00,Changping,57.0,68.40821714042207
2017-02-18 09:00:00,Changping,85.0,63.66818202230078
2017-02-18 10:00:00,Changping,94.0,97.4997919265564
2017-02-18 11:00:00,Changping,93.0,94.62423678564612
2017-02-18 12:00:00,Changping,65.0,93.39173066432511
2017-02-18 13:00:00,Changping,64.0,58.36243903842226
2017-02-18 14:00:00,Changping,66.0,64.75943321515456
2017-02-18 15:00:00,Changping,76.0,69.18290243039097
2017-02-18 16:00:00,Changping,94.0,79.41328091796126
2017-02-18 17:00:00,Changping,88.0,101.78651656058155
2017-02-18 18:00:00,Changping,98.0,104.57720739192594
2017-02-18 19:00:00,Changping,109.0,107.65136997240968
2017-02-18 20:00:00,Changping,114.0,114.08293364735778
2017-02-18 21:00:00,Changping,100.0,116.34046879703867
2017-02-18 22:00:00,Changping,104.0,96.34561506542356
2017-02-18 23:00:00,Changping,114.0,108.29087871633428
2017-02-19 00:00:00,Changping,123.0,118.95691697395769
2017-02-19 01:00:00,Changping,130.0,124.7715759607532
2017-02-19 02:00:00,Changping,126.0,127.22720245469073
2017-02-19 03:00:00,Changping,133.0,124.45943563428366
2017-02-19 04:00:00,Changping,134.0,136.7350601029369
2017-02-19 05:00:00,Changping,149.0,139.38309264473693
2017-02-19 06:00:00,Changping,150.0,152.3520828627143
2017-02-19 07:00:00,Changping,134.0,150.77688229380132
2017-02-19 08:00:00,Changping,183.0,139.10223159323283
2017-02-19 09:00:00,Changping,173.0,190.7967433338168
2017-02-19 10:00:00,Changping,164.0,177.69357406484016
2017-02-19 11:00:00,Changping,168.0,167.1772595889913
2017-02-19 12:00:00,Changping,180.0,178.4483776862304
2017-02-19 13:00:00,Changping,143.0,191.3814563386891
2017-02-19 14:00:00,Changping,13.0,81.40900322025026
2017-02-19 15:00:00,Changping,15.0,3.181239400136744
2017-02-19 16:00:00,Changping,7.0,12.198048608266642
2017-02-19 17:00:00,Changping,10.0,8.694607742990707
2017-02-19 18:00:00,Changping,8.0,10.014953608544209
2017-02-19 19:00:00,Changping,12.0,9.520331822896395
2017-02-19 20:00:00,Changping,7.0,11.177894797418425
2017-02-19 21:00:00,Changping,4.0,8.227823175706312
2017-02-19 22:00:00,Changping,10.0,6.685912841763693
2017-02-19 23:00:00,Changping,7.0,7.9377234635835645
2017-02-20 00:00:00,Changping,8.0,6.876676670238558
2017-02-20 01:00:00,Changping,3.0,6.291327882145351
2017-02-20 02:00:00,Changping,6.0,7.845004203051968
2017-02-20 03:00:00,Changping,3.0,7.492553925492359
2017-02-20 04:00:00,Changping,3.0,7.442405877454795
2017-02-20 05:00:00,Changping,3.0,7.28234881379157
2017-02-20 06:00:00,Changping,6.0,8.101239558703284
2017-02-20 07:00:00,Changping,8.0,9.075408820202933
2017-02-20 08:00:00,Changping,8.0,9.467358123309488
2017-02-20 09:00:00,Changping,9.0,6.539495791130938
2017-02-20 10:00:00,Changping,9.0,6.969861504011434
2017-02-20 11:00:00,Changping,12.0,10.541535785809579
2017-02-20 12:00:00,Changping,14.0,14.318626727627246
2017-02-20 13:00:00,Changping,17.0,15.502730110050457
2017-02-20 16:00:00,Changping,14.0,14.789655806145433
2017-02-20 18:00:00,Changping,25.0,40.282597066203444
2017-02-20 19:00:00,Changping,29.0,24.854941281038673
2017-02-20 20:00:00,Changping,27.0,35.50726071535081
2017-02-20 21:00:00,Changping,15.0,26.397360109698976
2017-02-20 22:00:00,Changping,24.0,18.592702481468994
2017-02-21 01:00:00,Changping,32.0,66.37817325635379
2017-02-21 02:00:00,Changping,30.0,30.528300821767992
2017-02-21 05:00:00,Changping,31.0,46.12528704427896
2017-02-21 08:00:00,Changping,73.0,64.98440602401834
2017-02-21 09:00:00,Changping,71.0,85.56852641276788
2017-02-21 11:00:00,Changping,95.0,67.9244403791596
2017-02-21 13:00:00,Changping,93.0,89.76458486556585
2017-02-21 15:00:00,Changping,78.0,59.746070282820554
2017-02-21 16:00:00,Changping,96.0,81.58731329612388
2017-02-21 17:00:00,Changping,84.0,111.82810858902212
2017-02-21 18:00:00,Changping,86.0,89.39223405928111
2017-02-21 19:00:00,Changping,80.0,88.90035576305033
2017-02-21 20:00:00,Changping,66.0,82.87154324109913
2017-02-21 21:00:00,Changping,81.0,70.22043886404082
2017-02-21 22:00:00,Changping,85.0,88.8740338084679
2017-02-21 23:00:00,Changping,87.0,91.08114623336685
2017-02-22 00:00:00,Changping,91.0,82.7460789361141
2017-02-22 01:00:00,Changping,92.0,88.93607536266924
2017-02-22 02:00:00,Changping,92.0,89.84667347785386
2017-02-22 03:00:00,Changping,94.0,90.69145269120055
2017-02-22 04:00:00,Changping,95.0,91.82464810832494
2017-02-22 05:00:00,Changping,103.0,104.26054063263456
2017-02-22 06:00:00,Changping,100.0,95.74757543676486
2017-02-22 07:00:00,Changping,105.0,94.61826290915118
2017-02-22 08:00:00,Changping,115.0,105.86890702386481
2017-02-22 09:00:00,Changping,119.0,128.93507938489745
2017-02-22 10:00:00,Changping,137.0,136.31907604965596
2017-02-22 11:00:00,Changping,144.0,149.48454524895865
2017-02-22 12:00:00,Changping,130.0,161.06232674549543
2017-02-22 13:00:00,Changping,129.0,131.81151866983805
2017-02-22 14:00:00,Changping,105.0,144.730093958758
2017-02-22 15:00:00,Changping,32.0,84.73506600010674
2017-02-22 16:00:00,Changping,10.0,18.143132362978573
2017-02-22 17:00:00,Changping,11.0,17.117262398731558
2017-02-22 18:00:00,Changping,8.0,13.76900790381922
2017-02-22 19:00:00,Changping,11.0,13.911205987630375
2017-02-22 20:00:00,Changping,10.0,15.135142938367748
2017-02-22 21:00:00,Changping,9.0,14.34162437616584
2017-02-22 22:00:00,Changping,14.0,13.428372380703014
2017-02-22 23:00:00,Changping,14.0,17.24350425978251
2017-02-23 00:00:00,Changping,13.0,15.31528442341793
2017-02-23 01:00:00,Changping,10.0,14.70252631104114
2017-02-23 02:00:00,Changping,4.0,12.922300232412965
2017-02-23 03:00:00,Changping,12.0,9.46893409641597
2017-02-23 04:00:00,Changping,15.0,11.942004292799778
2017-02-23 05:00:00,Changping,15.0,14.80002784162642
2017-02-23 06:00:00,Changping,16.0,14.979309975285307
2017-02-23 07:00:00,Changping,18.0,16.991960188036245
2017-02-23 08:00:00,Changping,10.0,20.323689980765355
2017-02-23 09:00:00,Changping,7.0,15.490197035321877
2017-02-23 10:00:00,Changping,7.0,15.521421841605848
2017-02-23 11:00:00,Changping,4.0,14.136272298894333
2017-02-23 12:00:00,Changping,8.0,9.741471852135207
2017-02-23 13:00:00,Changping,13.0,10.358378644713087
2017-02-23 14:00:00,Changping,8.0,13.317922780817215
2017-02-23 15:00:00,Changping,9.0,10.452238248360098
2017-02-23 16:00:00,Changping,9.0,10.77534974723802
2017-02-23 17:00:00,Changping,15.0,13.491984127606962
2017-02-23 18:00:00,Changping,33.0,21.563888891362758
2017-02-23 19:00:00,Changping,53.0,50.67715989847934
2017-02-23 20:00:00,Changping,37.0,66.866964615808
2017-02-23 21:00:00,Changping,21.0,40.893018235965755
2017-02-23 22:00:00,Changping,26.0,27.645673160133093
2017-02-23 23:00:00,Changping,32.0,38.4997878618905
2017-02-24 00:00:00,Changping,28.0,40.89867390033327
2017-02-24 01:00:00,Changping,22.0,32.09319581037884
2017-02-24 02:00:00,Changping,20.0,24.666342166002302
2017-02-24 03:00:00,Changping,14.0,23.365531599184667
2017-02-24 04:00:00,Changping,13.0,17.30569744368362
2017-02-24 05:00:00,Changping,18.0,17.351016481338284
2017-02-24 06:00:00,Changping,13.0,22.933336718504965
2017-02-24 07:00:00,Changping,25.0,20.326694156786278
2017-02-24 08:00:00,Changping,20.0,28.47584959977268
2017-02-24 09:00:00,Changping,18.0,23.400131904924045
2017-02-24 10:00:00,Changping,13.0,24.890989496138825
2017-02-24 11:00:00,Changping,16.0,18.947716224166374
2017-02-24 12:00:00,Changping,10.0,21.04023134738528
2017-02-24 13:00:00,Changping,14.0,14.42122920229472
2017-02-24 14:00:00,Changping,15.0,19.394803612849955
2017-02-24 15:00:00,Changping,13.0,20.66155994074138
2017-02-24 16:00:00,Changping,16.0,20.155250151326182
2017-02-24 17:00:00,Changping,23.0,24.033098162182114
2017-02-24 18:00:00,Changping,20.0,32.57751520598203
2017-02-24 19:00:00,Changping,17.0,27.175645613734154
2017-02-24 20:00:00,Changping,15.0,22.053413630592882
2017-02-24 21:00:00,Changping,24.0,21.19829882218316
2017-02-24 22:00:00,Changping,30.0,31.91309285700422
2017-02-24 23:00:00,Changping,30.0,37.694106187615624
2017-02-25 00:00:00,Changping,16.0,38.41781417660771
2017-02-25 01:00:00,Changping,14.0,23.54605648647174
2017-02-25 02:00:00,Changping,10.0,19.101668206552716
2017-02-25 03:00:00,Changping,10.0,16.449353167709635
2017-02-25 04:00:00,Changping,10.0,22.857041973785485
2017-02-25 05:00:00,Changping,10.0,16.052770248215896
2017-02-25 06:00:00,Changping,20.0,13.795685425795915
2017-02-25 07:00:00,Changping,25.0,24.5750281337563
2017-02-25 08:00:00,Changping,10.0,26.60097495836918
2017-02-25 09:00:00,Changping,14.0,15.943507017275387
2017-02-25 10:00:00,Changping,14.0,17.41044121749279
2017-02-25 11:00:00,Changping,7.0,17.19205135231728
2017-02-25 12:00:00,Changping,7.0,15.694652878771977
2017-02-25 13:00:00,Changping,13.0,14.276259715818425
2017-02-25 14:00:00,Changping,9.0,17.686196028395425
2017-02-25 15:00:00,Changping,15.0,16.470647530294958
2017-02-25 16:00:00,Changping,12.0,16.92261220069339
2017-02-25 17:00:00,Changping,13.0,16.479522715117945
2017-02-25 18:00:00,Changping,16.0,17.568777104737084
2017-02-25 19:00:00,Changping,16.0,20.144835156355725
2017-02-25 20:00:00,Changping,16.0,19.572567799464117
2017-02-25 21:00:00,Changping,13.0,19.4822864765071
2017-02-25 22:00:00,Changping,16.0,18.416460053890717
2017-02-25 23:00:00,Changping,34.0,23.49621912973065
2017-02-26 00:00:00,Changping,36.0,44.06407624760849
2017-02-26 01:00:00,Changping,13.0,40.67576841743095
2017-02-26 02:00:00,Changping,15.0,17.49391281336255
2017-02-26 03:00:00,Changping,11.0,18.62707005383415
2017-02-26 04:00:00,Changping,11.0,14.814595202025362
2017-02-26 05:00:00,Changping,13.0,14.020430635187122
2017-02-26 06:00:00,Changping,40.0,18.200978401807063
2017-02-26 07:00:00,Changping,39.0,46.92091665353689
2017-02-26 08:00:00,Changping,32.0,46.97950828855047
2017-02-26 09:00:00,Changping,47.0,38.73459307634584
2017-02-26 10:00:00,Changping,69.0,57.9953574838028
2017-02-26 11:00:00,Changping,37.0,76.04579141901394
2017-02-26 12:00:00,Changping,38.0,40.817229565718264
2017-02-26 13:00:00,Changping,26.0,46.00995181900375
2017-02-26 14:00:00,Changping,21.0,33.51869216067913
2017-02-26 15:00:00,Changping,20.0,29.760854677842513
2017-02-26 16:00:00,Changping,28.0,32.44055987925632
2017-02-26 17:00:00,Changping,31.0,40.0201057350964
2017-02-26 18:00:00,Changping,40.0,42.343447102846135
2017-02-26 19:00:00,Changping,46.0,51.095828205548095
2017-02-26 20:00:00,Changping,56.0,52.100673231786494
2017-02-26 21:00:00,Changping,45.0,61.52576073600632
2017-02-26 22:00:00,Changping,46.0,52.381786413420095
2017-02-26 23:00:00,Changping,50.0,48.39711883586044
2017-02-27 00:00:00,Changping,44.0,55.05473939926161
2017-02-27 01:00:00,Changping,40.0,45.05010959084021
2017-02-27 02:00:00,Changping,43.0,47.18538471171258
2017-02-27 03:00:00,Changping,34.0,45.59856867474849
2017-02-27 04:00:00,Changping,33.0,35.801271826933295
2017-02-27 05:00:00,Changping,32.0,36.29833733151506
2017-02-27 06:00:00,Changping,39.0,39.82379545506957
2017-02-27 07:00:00,Changping,40.0,41.946714133900194
2017-02-27 08:00:00,Changping,49.0,49.1518370130793
2017-02-27 09:00:00,Changping,66.0,60.538936245921995
2017-02-27 10:00:00,Changping,66.0,77.54153385709368
2017-02-27 11:00:00,Changping,74.0,69.85787796625728
2017-02-27 12:00:00,Changping,66.0,84.47869053988353
2017-02-27 13:00:00,Changping,55.0,69.403658875672
2017-02-27 14:00:00,Changping,67.0,60.85865979355447
2017-02-27 15:00:00,Changping,60.0,76.77252486646468
2017-02-27 16:00:00,Changping,56.0,64.95858730277456
2017-02-27 17:00:00,Changping,60.0,63.04492630623488
2017-02-27 18:00:00,Changping,63.0,73.07056833929596
2017-02-27 19:00:00,Changping,84.0,76.52159593222389
2017-02-27 20:00:00,Changping,83.0,95.68361565004001
2017-02-27 21:00:00,Changping,18.0,78.76384629009264
2017-02-27 22:00:00,Changping,8.0,16.71075853607072
2017-02-27 23:00:00,Changping,9.0,12.159252745318428
2017-02-28 00:00:00,Changping,9.0,12.211702555898492
2017-02-28 01:00:00,Changping,9.0,13.991548472712212
2017-02-28 02:00:00,Changping,16.0,19.911158538354595
2017-02-28 03:00:00,Changping,17.0,19.659130048958808
2017-02-28 04:00:00,Changping,14.0,21.235187091807266
2017-02-28 05:00:00,Changping,23.0,18.99810463059061
2017-02-28 06:00:00,Changping,21.0,29.131686483543564
2017-02-28 07:00:00,Changping,24.0,28.353441527281976
2017-02-28 08:00:00,Changping,20.0,34.28289273032879
2017-02-28 09:00:00,Changping,13.0,27.054204508674612
2017-02-28 10:00:00,Changping,3.0,20.41517446830079
2017-02-28 11:00:00,Changping,7.0,14.480605246591404
2017-02-28 12:00:00,Changping,9.0,15.080246585237498
2017-02-28 13:00:00,Changping,8.0,15.37791581584563
2017-02-28 14:00:00,Changping,13.0,14.219698165078158
2017-02-28 15:00:00,Changping,15.0,18.345692691518405
2017-02-28 16:00:00,Changping,18.0,20.495036262682675
2017-02-28 17:00:00,Changping,18.0,25.991967490339526
2017-02-28 18:00:00,Changping,28.0,25.476851920442048
2017-02-28 19:00:00,Changping,12.0,32.0494508870424
2017-02-28 20:00:00,Changping,7.0,13.760453527641252
2017-02-28 21:00:00,Changping,11.0,13.614368719030605
2017-02-28 22:00:00,Changping,20.0,15.833068963835375
2017-01-01 00:00:00,Dingling,203.0,220.44369438747094
2017-01-01 01:00:00,Dingling,243.0,184.06407298470316
2017-01-01 02:00:00,Dingling,225.0,231.86345593886645
2017-01-01 03:00:00,Dingling,199.0,195.8134338570666
2017-01-01 04:00:00,Dingling,189.0,187.05072321978483
2017-01-01 05:00:00,Dingling,194.0,178.0122415289967
2017-01-01 06:00:00,Dingling,192.0,186.59011650075868
2017-01-01 07:00:00,Dingling,207.0,183.33762862902216
2017-01-01 08:00:00,Dingling,299.0,211.45906520318587
2017-01-01 09:00:00,Dingling,357.0,317.11564468069986
2017-01-01 10:00:00,Dingling,444.0,368.89222731599045
2017-01-01 11:00:00,Dingling,535.0,494.7451163030104
2017-01-01 12:00:00,Dingling,536.0,555.1086599158136
2017-01-01 13:00:00,Dingling,338.0,546.2081716173702
2017-01-01 14:00:00,Dingling,273.0,295.75312578371836
2017-01-01 15:00:00,Dingling,286.0,246.16924271948733
2017-01-01 16:00:00,Dingling,356.0,294.6410176388474
2017-01-01 17:00:00,Dingling,338.0,373.1936511668074
2017-01-01 18:00:00,Dingling,339.0,331.54506663237373
2017-01-01 19:00:00,Dingling,332.0,337.7184791726106
2017-01-01 20:00:00,Dingling,339.0,336.1268158711783
2017-01-01 21:00:00,Dingling,339.0,336.2918557651629
2017-01-01 22:00:00,Dingling,343.0,317.9673818173007
2017-01-01 23:00:00,Dingling,311.0,315.5375222509183
2017-01-02 00:00:00,Dingling,256.0,295.62716794839207
2017-01-02 01:00:00,Dingling,57.0,210.44428397772936
2017-01-02 02:00:00,Dingling,22.0,36.78205666745566
2017-01-02 03:00:00,Dingling,17.0,30.89932230224743
2017-01-02 04:00:00,Dingling,18.0,17.976003149050634
2017-01-02 05:00:00,Dingling,12.0,20.76903812121545
2017-01-02 06:00:00,Dingling,9.0,16.168390387104637
2017-01-02 07:00:00,Dingling,8.0,14.163584876314133
2017-01-02 08:00:00,Dingling,10.0,12.748920837702997
2017-01-02 09:00:00,Dingling,12.0,13.063968554876492
2017-01-02 10:00:00,Dingling,13.0,14.601499663765102
2017-01-02 11:00:00,Dingling,15.0,17.58667389822318
2017-01-02 12:00:00,Dingling,14.0,20.047503207940917
2017-01-02 13:00:00,Dingling,19.0,23.725041545709384
2017-01-02 14:00:00,Dingling,43.0,27.608818282869336
2017-01-02 15:00:00,Dingling,139.0,61.66241610589278
2017-01-02 16:00:00,Dingling,203.0,159.755638933665
2017-01-02 17:00:00,Dingling,216.0,206.69184412156795
2017-01-02 18:00:00,Dingling,210.0,224.72230689304158
2017-01-02 19:00:00,Dingling,200.0,211.02039213837935
2017-01-02 20:00:00,Dingling,197.0,189.03986320307595
2017-01-02 21:00:00,Dingling,179.0,188.3187561313495
2017-01-02 22:00:00,Dingling,172.0,176.37744893529143
2017-01-02 23:00:00,Dingling,174.0,173.18065147801042
2017-01-03 00:00:00,Dingling,198.0,180.6226860771119
2017-01-03 01:00:00,Dingling,212.0,181.97198090953475
2017-01-03 02:00:00,Dingling,164.0,196.08028325138338
2017-01-03 03:00:00,Dingling,149.0,141.12565815856783
2017-01-03 04:00:00,Dingling,151.0,143.20083444411202
2017-01-03 05:00:00,Dingling,142.0,139.31482213929348
2017-01-03 06:00:00,Dingling,142.0,133.05244194691215
2017-01-03 07:00:00,Dingling,127.0,144.57616386104004
2017-01-03 08:00:00,Dingling,166.0,127.39703813827951
2017-01-03 09:00:00,Dingling,143.0,175.68110159624288
2017-01-03 10:00:00,Dingling,168.0,141.03542535716645
2017-01-03 11:00:00,Dingling,245.0,173.53213063730513
2017-01-03 12:00:00,Dingling,267.0,245.80432991859604
2017-01-03 13:00:00,Dingling,221.0,260.02580239305325
2017-01-03 14:00:00,Dingling,204.0,208.41124982673458
2017-01-03 15:00:00,Dingling,186.0,202.8483529863051
2017-01-03 16:00:00,Dingling,202.0,176.17272242995043
2017-01-03 17:00:00,Dingling,199.0,207.91433515887195
2017-01-03 18:00:00,Dingling,214.0,218.6164629981644
2017-01-03 19:00:00,Dingling,203.0,224.19535844585116
2017-01-03 20:00:00,Dingling,166.0,213.79030700817904
2017-01-03 21:00:00,Dingling,161.0,167.76053230144868
2017-01-03 22:00:00,Dingling,122.0,168.7826322174396
2017-01-03 23:00:00,Dingling,104.0,120.49932324687313
2017-01-04 00:00:00,Dingling,125.0,108.24647329591573
2017-01-04 01:00:00,Dingling,84.0,131.3076860850615
2017-01-04 02:00:00,Dingling,64.0,73.3210107033149
2017-01-04 03:00:00,Dingling,63.0,64.93018991581621
2017-01-04 04:00:00,Dingling,56.0,63.46698270893779
2017-01-04 05:00:00,Dingling,48.0,55.03906253273654
2017-01-04 06:00:00,Dingling,65.0,47.85601970600499
2017-01-04 07:00:00,Dingling,50.0,67.47432785392223
2017-01-04 08:00:00,Dingling,45.0,53.412530618967516
2017-01-04 09:00:00,Dingling,41.0,47.9859955772509
2017-01-04 10:00:00,Dingling,93.0,47.418535955359694
2017-01-04 11:00:00,Dingling,116.0,109.73134407253463
2017-01-04 12:00:00,Dingling,113.0,126.33311148589205
2017-01-04 13:00:00,Dingling,91.0,118.45509555159768
2017-01-04 14:00:00,Dingling,172.0,89.43435234579262
2017-01-04 15:00:00,Dingling,196.0,192.00145557503146
2017-01-04 16:00:00,Dingling,220.0,202.98929256842206
2017-01-04 17:00:00,Dingling,249.0,226.920613654144
2017-01-04 18:00:00,Dingling,271.0,263.97832405521706
2017-01-04 19:00:00,Dingling,261.0,279.9341777125518
2017-01-04 20:00:00,Dingling,236.0,259.0449142539577
2017-01-04 21:00:00,Dingling,252.0,233.3839926680091
2017-01-04 22:00:00,Dingling,255.0,270.488595037811
2017-01-04 23:00:00,Dingling,241.0,249.79538381483434
2017-01-05 00:00:00,Dingling,393.0,225.95114801641736
2017-01-05 01:00:00,Dingling,413.0,404.20349781077454
2017-01-05 02:00:00,Dingling,409.0,396.84211333166314
2017-01-05 03:00:00,Dingling,396.0,389.3099856674294
2017-01-05 04:00:00,Dingling,382.0,378.25845382598726
2017-01-05 05:00:00,Dingling,359.0,380.7917341300236
2017-01-05 06:00:00,Dingling,272.0,352.6678720603176
2017-01-05 07:00:00,Dingling,227.0,209.36084514875543
2017-01-05 08:00:00,Dingling,216.0,234.15181232909043
2017-01-05 09:00:00,Dingling,191.0,222.3528704006242
2017-01-05 10:00:00,Dingling,278.0,208.41866657295006
2017-01-05 11:00:00,Dingling,307.0,310.9545867897143
2017-01-05 12:00:00,Dingling,284.0,331.09185519466854
2017-01-05 13:00:00,Dingling,249.0,307.74968143158844
2017-01-05 14:00:00,Dingling,120.0,233.90248103458222
2017-01-05 15:00:00,Dingling,123.0,110.4575859139913
2017-01-05 16:00:00,Dingling,3.0,135.91945605385968
2017-01-05 17:00:00,Dingling,3.0,39.15853909661456
2017-01-05 18:00:00,Dingling,123.0,40.88905618395042
2017-01-05 20:00:00,Dingling,159.0,110.23371731644332
2017-01-05 21:00:00,Dingling,170.0,183.15741775598175
2017-01-05 22:00:00,Dingling,155.0,180.92428475187043
2017-01-05 23:00:00,Dingling,128.0,160.7756387308548
2017-01-06 00:00:00,Dingling,135.0,125.95671657969233
2017-01-06 01:00:00,Dingling,142.0,141.1449010800525
2017-01-06 02:00:00,Dingling,133.0,142.53892838952177
2017-01-06 03:00:00,Dingling,131.0,131.62085330855143
2017-01-06 04:00:00,Dingling,128.0,131.55125197224908
2017-01-06 05:00:00,Dingling,127.0,129.47588041839768
2017-01-06 06:00:00,Dingling,131.0,131.3230661140453
2017-01-06 07:00:00,Dingling,144.0,138.47533472213556
2017-01-06 08:00:00,Dingling,162.0,152.07733574256875
2017-01-06 09:00:00,Dingling,227.0,171.1268499734409
2017-01-06 10:00:00,Dingling,191.0,242.89898634239282
2017-01-06 11:00:00,Dingling,182.0,189.35326090552962
2017-01-06 12:00:00,Dingling,189.0,196.55902218480222
2017-01-06 13:00:00,Dingling,169.0,201.7569921662323
2017-01-06 14:00:00,Dingling,173.0,177.28096604966186
2017-01-06 15:00:00,Dingling,197.0,191.33211694424978
2017-01-06 16:00:00,Dingling,193.0,210.08652214841612
2017-01-06 17:00:00,Dingling,200.0,203.4346779785283
2017-01-06 18:00:00,Dingling,194.0,208.16374139352203
2017-01-06 19:00:00,Dingling,213.0,206.83774538856798
2017-01-06 20:00:00,Dingling,205.0,212.70089222968838
2017-01-06 21:00:00,Dingling,213.0,206.85659369447407
2017-01-06 22:00:00,Dingling,205.0,220.21360229587935
2017-01-06 23:00:00,Dingling,192.0,212.04081275780902
2017-01-07 00:00:00,Dingling,184.0,196.7330408345225
2017-01-07 01:00:00,Dingling,204.0,186.38080165899405
2017-01-07 02:00:00,Dingling,186.0,211.77412256851798
2017-01-07 03:00:00,Dingling,181.0,191.69178302790573
2017-01-07 04:00:00,Dingling,173.0,185.5433603434584
2017-01-07 05:00:00,Dingling,161.0,178.0415819664605
2017-01-07 06:00:00,Dingling,184.0,170.92517909701058
2017-01-07 07:00:00,Dingling,204.0,193.69368024690235
2017-01-07 08:00:00,Dingling,219.0,219.78585415269114
2017-01-07 09:00:00,Dingling,240.0,232.91837101129494
2017-01-07 10:00:00,Dingling,274.0,252.2666623811977
2017-01-07 11:00:00,Dingling,268.0,290.12928939275037
2017-01-07 12:00:00,Dingling,80.0,275.03464386830404
2017-01-07 13:00:00,Dingling,33.0,74.27400172214226
2017-01-07 14:00:00,Dingling,34.0,44.59001145136941
2017-01-07 15:00:00,Dingling,36.0,49.42163355498437
2017-01-07 16:00:00,Dingling,38.0,50.83738990296647
2017-01-07 17:00:00,Dingling,37.0,59.43871526840024
2017-01-07 18:00:00,Dingling,41.0,44.741315118917456
2017-01-07 19:00:00,Dingling,43.0,53.04350634206466
2017-01-07 20:00:00,Dingling,35.0,54.02374123645744
2017-01-07 21:00:00,Dingling,32.0,38.100663619430485
2017-01-07 22:00:00,Dingling,31.0,38.104084146546754
2017-01-07 23:00:00,Dingling,28.0,33.074166845867595
2017-01-08 00:00:00,Dingling,31.0,30.306956490046375
2017-01-08 01:00:00,Dingling,27.0,34.028125592063574
2017-01-08 02:00:00,Dingling,26.0,28.645792396593954
2017-01-08 03:00:00,Dingling,26.0,27.00640198593612
2017-01-08 04:00:00,Dingling,21.0,33.13973694738862
2017-01-08 05:00:00,Dingling,23.0,28.429201869936872
2017-01-08 06:00:00,Dingling,21.0,25.432640359643745
2017-01-08 07:00:00,Dingling,20.0,20.635855035092458
2017-01-08 08:00:00,Dingling,22.0,21.572136310431194
2017-01-08 09:00:00,Dingling,22.0,23.81814908348537
2017-01-08 10:00:00,Dingling,23.0,24.035487042167574
2017-01-08 11:00:00,Dingling,23.0,25.989026513451293
2017-01-08 12:00:00,Dingling,17.0,25.834694215111636
2017-01-08 13:00:00,Dingling,23.0,21.938079221084354
2017-01-08 14:00:00,Dingling,20.0,28.408356688216465
2017-01-08 15:00:00,Dingling,20.0,26.43777012358304
2017-01-08 16:00:00,Dingling,18.0,27.830597894563848
2017-01-08 17:00:00,Dingling,16.0,24.965330208532972
2017-01-08 18:00:00,Dingling,9.0,19.6874629253388
2017-01-08 19:00:00,Dingling,5.0,15.450255350187762
2017-01-08 20:00:00,Dingling,5.0,13.810597105450444
2017-01-08 21:00:00,Dingling,14.0,11.190650586092016
2017-01-08 22:00:00,Dingling,8.0,16.275294014168626
2017-01-08 23:00:00,Dingling,7.0,12.343272944074073
2017-01-09 00:00:00,Dingling,3.0,10.941501487446084
2017-01-09 01:00:00,Dingling,10.0,11.772698781171945
2017-01-09 02:00:00,Dingling,15.0,14.432642748542335
2017-01-09 03:00:00,Dingling,11.0,17.388168158512507
2017-01-09 04:00:00,Dingling,13.0,11.914361062771524
2017-01-09 05:00:00,Dingling,14.0,13.321523643234116
2017-01-09 06:00:00,Dingling,15.0,14.657669253159778
2017-01-09 07:00:00,Dingling,13.0,13.504790932199105
2017-01-09 08:00:00,Dingling,12.0,12.24366448904792
2017-01-09 09:00:00,Dingling,11.0,11.67283592732751
2017-01-09 10:00:00,Dingling,14.0,10.834115282021012
2017-01-09 11:00:00,Dingling,13.0,12.066216185683095
2017-01-09 12:00:00,Dingling,10.0,11.795849938141476
2017-01-09 13:00:00,Dingling,8.0,9.488827564421472
2017-01-09 14:00:00,Dingling,10.0,13.093828398461923
2017-01-09 15:00:00,Dingling,10.0,14.308471873790943
2017-01-09 16:00:00,Dingling,27.0,22.497207446744916
2017-01-09 17:00:00,Dingling,54.0,39.65893361152096
2017-01-09 18:00:00,Dingling,60.0,73.44877377933399
2017-01-09 19:00:00,Dingling,67.0,76.33303334321218
2017-01-09 20:00:00,Dingling,52.0,78.126888134329
2017-01-09 21:00:00,Dingling,100.0,49.94902683835678
2017-01-09 22:00:00,Dingling,31.0,99.55762178846899
2017-01-09 23:00:00,Dingling,14.0,34.36117598221178
2017-01-10 00:00:00,Dingling,7.0,17.08966131041172
2017-01-10 01:00:00,Dingling,7.0,7.924406733266502
2017-01-10 02:00:00,Dingling,5.0,7.202269346499111
2017-01-10 03:00:00,Dingling,9.0,6.95631342753738
2017-01-10 04:00:00,Dingling,6.0,8.613472180150588
2017-01-10 05:00:00,Dingling,8.0,8.145771478973131
2017-01-10 06:00:00,Dingling,11.0,10.098793780683604
2017-01-10 07:00:00,Dingling,17.0,12.81625231556294
2017-01-10 08:00:00,Dingling,57.0,35.00335675226677
2017-01-10 09:00:00,Dingling,32.0,52.397459536460154
2017-01-10 10:00:00,Dingling,14.0,28.386264239948414
2017-01-10 11:00:00,Dingling,9.0,12.152815023646193
2017-01-10 12:00:00,Dingling,8.0,8.213062333137326
2017-01-10 13:00:00,Dingling,6.0,8.91841220832936
2017-01-10 14:00:00,Dingling,5.0,6.436358273544676
2017-01-10 15:00:00,Dingling,7.0,6.259697043436839
2017-01-10 16:00:00,Dingling,10.0,6.322683431175088
2017-01-10 17:00:00,Dingling,5.0,8.538449653184868
2017-01-10 18:00:00,Dingling,6.0,26.908340243330912
2017-01-10 19:00:00,Dingling,7.0,10.129207789821905
2017-01-10 20:00:00,Dingling,14.0,9.597226352406068
2017-01-10 21:00:00,Dingling,9.0,16.283636224244358
2017-01-10 22:00:00,Dingling,12.0,10.951494585044156
2017-01-10 23:00:00,Dingling,14.0,12.547974829357262
2017-01-11 00:00:00,Dingling,17.0,14.17603963024154
2017-01-11 01:00:00,Dingling,13.0,19.89779086392809
2017-01-11 02:00:00,Dingling,15.0,13.424343444315943
2017-01-11 03:00:00,Dingling,15.0,14.215479013005568
2017-01-11 04:00:00,Dingling,13.0,14.148326338471986
2017-01-11 05:00:00,Dingling,13.0,16.98503508396512
2017-01-11 06:00:00,Dingling,12.0,14.125308320066205
2017-01-11 07:00:00,Dingling,17.0,14.17483589311364
2017-01-11 08:00:00,Dingling,28.0,19.632056840803305
2017-01-11 09:00:00,Dingling,54.0,34.84987552498201
2017-01-11 10:00:00,Dingling,66.0,63.644162773935406
2017-01-11 11:00:00,Dingling,47.0,72.81502512631121
2017-01-11 12:00:00,Dingling,34.0,51.233212479643825
2017-01-11 13:00:00,Dingling,15.0,29.148522838932852
2017-01-11 14:00:00,Dingling,25.0,12.508650365102678
2017-01-11 15:00:00,Dingling,15.0,23.071041666980097
2017-01-11 16:00:00,Dingling,23.0,14.348795412732034
2017-01-11 17:00:00,Dingling,21.0,22.791577019696483
2017-01-11 18:00:00,Dingling,9.0,20.28663484040695
2017-01-11 19:00:00,Dingling,8.0,14.07405722539831
2017-01-11 20:00:00,Dingling,17.0,11.555849488354879
2017-01-11 21:00:00,Dingling,14.0,16.89998297414632
2017-01-11 22:00:00,Dingling,20.0,14.539003489595752
2017-01-11 23:00:00,Dingling,27.0,21.10862615965854
2017-01-12 00:00:00,Dingling,34.0,26.36765470726429
2017-01-12 01:00:00,Dingling,27.0,32.16232906796257
2017-01-12 02:00:00,Dingling,15.0,25.46843420549111
2017-01-12 03:00:00,Dingling,24.0,15.066152153444252
2017-01-12 04:00:00,Dingling,16.0,23.684104822924382
2017-01-12 05:00:00,Dingling,18.0,15.667769488555482
2017-01-12 06:00:00,Dingling,22.0,17.941792646944073
2017-01-12 07:00:00,Dingling,35.0,21.04779781376294
2017-01-12 08:00:00,Dingling,38.0,34.77521923131517
2017-01-12 09:00:00,Dingling,39.0,34.73169989706948
2017-01-12 10:00:00,Dingling,17.0,33.07065037084127
2017-01-12 11:00:00,Dingling,21.0,14.054886569078539
2017-01-12 12:00:00,Dingling,30.0,18.734478106880882
2017-01-12 13:00:00,Dingling,25.0,26.748082068104008
2017-01-12 14:00:00,Dingling,21.0,22.367289849161285
2017-01-12 15:00:00,Dingling,30.0,18.703633904795478
2017-01-12 16:00:00,Dingling,18.0,35.508658466188514
2017-01-12 17:00:00,Dingling,28.0,29.077309818248928
2017-01-12 18:00:00,Dingling,15.0,36.33022380469919
2017-01-12 19:00:00,Dingling,21.0,20.90525332355981
2017-01-12 20:00:00,Dingling,15.0,22.760815791945184
2017-01-12 21:00:00,Dingling,13.0,13.474260034726429
2017-01-12 22:00:00,Dingling,12.0,12.822702985268402
2017-01-12 23:00:00,Dingling,16.0,12.185895246527107
2017-01-13 00:00:00,Dingling,3.0,16.706526293105252
2017-01-13 01:00:00,Dingling,17.0,12.1516929804841
2017-01-13 02:00:00,Dingling,15.0,14.820365772314046
2017-01-13 03:00:00,Dingling,8.0,13.183367540506563
2017-01-13 04:00:00,Dingling,15.0,8.948949285477081
2017-01-13 05:00:00,Dingling,20.0,13.295634410049761
2017-01-13 06:00:00,Dingling,11.0,18.46052264867015
2017-01-13 07:00:00,Dingling,5.0,11.057409525230083
2017-01-13 08:00:00,Dingling,12.0,7.889251506501191
2017-01-13 09:00:00,Dingling,11.0,14.385421854804449
2017-01-13 10:00:00,Dingling,21.0,11.444514484780596
2017-01-13 11:00:00,Dingling,7.0,17.29743577664662
2017-01-13 12:00:00,Dingling,6.0,8.969276560463632
2017-01-13 13:00:00,Dingling,14.0,6.040751325419416
2017-01-13 14:00:00,Dingling,9.0,12.009851682707303
2017-01-13 15:00:00,Dingling,15.0,8.463334999959674
2017-01-13 16:00:00,Dingling,10.0,12.552822081349504
2017-01-13 17:00:00,Dingling,13.0,11.701774744801963
2017-01-13 18:00:00,Dingling,15.0,13.471556149982526
2017-01-13 19:00:00,Dingling,14.0,15.79316572372021
2017-01-13 20:00:00,Dingling,12.0,12.857263095880233
2017-01-13 21:00:00,Dingling,5.0,11.437194255936653
2017-01-13 22:00:00,Dingling,20.0,10.195900323057897
2017-01-13 23:00:00,Dingling,19.0,19.50305762013031
2017-01-14 00:00:00,Dingling,18.0,18.28408640252903
2017-01-14 01:00:00,Dingling,17.0,18.911125270763414
2017-01-14 02:00:00,Dingling,14.0,16.47038436939494
2017-01-14 03:00:00,Dingling,12.0,14.489834635654937
2017-01-14 04:00:00,Dingling,7.0,11.051720076202022
2017-01-14 05:00:00,Dingling,17.0,8.716573372837445
2017-01-14 06:00:00,Dingling,11.0,14.19801087517734
2017-01-14 07:00:00,Dingling,20.0,11.002648224402192
2017-01-14 08:00:00,Dingling,20.0,18.434851773711607
2017-01-14 09:00:00,Dingling,16.0,19.289291352162607
2017-01-14 10:00:00,Dingling,20.0,16.060172591637116
2017-01-14 11:00:00,Dingling,19.0,19.810273409387722
2017-01-14 12:00:00,Dingling,23.0,18.405335186368816
2017-01-14 13:00:00,Dingling,54.0,28.76773304479253
2017-01-14 14:00:00,Dingling,22.0,57.663040989460754
2017-01-14 15:00:00,Dingling,25.0,26.509009461142004
2017-01-14 16:00:00,Dingling,22.0,32.129197818076314
2017-01-14 17:00:00,Dingling,33.0,27.738274175135732
2017-01-14 18:00:00,Dingling,34.0,46.622715478909086
2017-01-14 19:00:00,Dingling,35.0,44.91004757067413
2017-01-14 20:00:00,Dingling,53.0,38.82761521906049
2017-01-14 21:00:00,Dingling,43.0,51.33926422204527
2017-01-14 22:00:00,Dingling,55.0,46.19547627100242
2017-01-14 23:00:00,Dingling,61.0,60.684051146920815
2017-01-15 00:00:00,Dingling,57.0,68.72417077798814
2017-01-15 01:00:00,Dingling,48.0,60.54686507666573
2017-01-15 02:00:00,Dingling,52.0,53.08981369281611
2017-01-15 03:00:00,Dingling,47.0,56.46562554696003
2017-01-15 04:00:00,Dingling,44.0,50.92026877938534
2017-01-15 05:00:00,Dingling,44.0,46.39611522551617
2017-01-15 06:00:00,Dingling,35.0,46.48908106391016
2017-01-15 07:00:00,Dingling,41.0,41.33328807535276
2017-01-15 08:00:00,Dingling,42.0,47.965836133193626
2017-01-15 09:00:00,Dingling,44.0,49.12722623009314
2017-01-15 10:00:00,Dingling,61.0,50.48288698924082
2017-01-15 11:00:00,Dingling,60.0,67.71182647265026
2017-01-15 12:00:00,Dingling,62.0,68.14454750775481
2017-01-15 13:00:00,Dingling,75.0,70.09479820239305
2017-01-15 14:00:00,Dingling,86.0,85.35584708430767
2017-01-15 15:00:00,Dingling,91.0,98.58221663685853
2017-01-15 16:00:00,Dingling,99.0,106.96705516603146
2017-01-15 17:00:00,Dingling,106.0,109.93939180133133
2017-01-15 18:00:00,Dingling,104.0,114.39336747142751
2017-01-15 19:00:00,Dingling,89.0,110.44321506437507
2017-01-15 20:00:00,Dingling,94.0,93.44961394184105
2017-01-15 21:00:00,Dingling,102.0,95.45730449711169
2017-01-15 22:00:00,Dingling,108.0,104.78621816108604
2017-01-15 23:00:00,Dingling,117.0,113.93440630860937
2017-01-16 00:00:00,Dingling,107.0,118.10905218209854
2017-01-16 01:00:00,Dingling,108.0,106.68027022649761
2017-01-16 02:00:00,Dingling,106.0,111.27302283774884
2017-01-16 03:00:00,Dingling,110.0,106.2735360657579
2017-01-16 04:00:00,Dingling,110.0,111.45802739666384
2017-01-16 05:00:00,Dingling,112.0,111.95859721536928
2017-01-16 06:00:00,Dingling,104.0,113.24505784819274
2017-01-16 07:00:00,Dingling,120.0,105.43927990645906
2017-01-16 08:00:00,Dingling,106.0,127.09968094644155
2017-01-16 09:00:00,Dingling,95.0,112.32695733148972
2017-01-16 10:00:00,Dingling,102.0,102.60253419423289
2017-01-16 11:00:00,Dingling,90.0,109.4484079666183
2017-01-16 12:00:00,Dingling,91.0,96.3046612970538
2017-01-16 13:00:00,Dingling,100.0,98.6478630533871
2017-01-16 14:00:00,Dingling,110.0,109.59763630405334
2017-01-16 15:00:00,Dingling,112.0,122.61652125231612
2017-01-16 16:00:00,Dingling,127.0,125.49779999263504
2017-01-16 17:00:00,Dingling,124.0,139.17188459405628
2017-01-16 18:00:00,Dingling,122.0,131.36300906681714
2017-01-16 19:00:00,Dingling,123.0,135.934168505192
2017-01-16 20:00:00,Dingling,130.0,128.38353544125363
2017-01-16 21:00:00,Dingling,128.0,133.27202697636272
2017-01-16 22:00:00,Dingling,129.0,131.8407823439361
2017-01-16 23:00:00,Dingling,132.0,132.0048704236137
2017-01-17 00:00:00,Dingling,125.0,132.04297880337398
2017-01-17 01:00:00,Dingling,135.0,128.76662444913654
2017-01-17 02:00:00,Dingling,134.0,139.1044524476016
2017-01-17 03:00:00,Dingling,121.0,131.7699826762526
2017-01-17 04:00:00,Dingling,119.0,123.1878688385512
2017-01-17 05:00:00,Dingling,134.0,117.41889873009215
2017-01-17 06:00:00,Dingling,132.0,134.32327561728934
2017-01-17 07:00:00,Dingling,145.0,137.76293245362154
2017-01-17 08:00:00,Dingling,158.0,153.53189015237623
2017-01-17 09:00:00,Dingling,150.0,162.7289364685484
2017-01-17 10:00:00,Dingling,13.0,152.5352777546732
2017-01-17 11:00:00,Dingling,100.0,23.171511533440786
2017-01-17 12:00:00,Dingling,123.0,103.44192252010457
2017-01-17 13:00:00,Dingling,116.0,134.24366326945108
2017-01-17 14:00:00,Dingling,111.0,125.63649984492713
2017-01-17 15:00:00,Dingling,119.0,120.68332145029625
2017-01-17 16:00:00,Dingling,127.0,124.05028507948575
2017-01-17 17:00:00,Dingling,144.0,142.22281392707666
2017-01-17 18:00:00,Dingling,141.0,152.34408619719025
2017-01-17 19:00:00,Dingling,137.0,150.10098577772547
2017-01-17 20:00:00,Dingling,49.0,128.79233606002288
2017-01-17 21:00:00,Dingling,14.0,26.050477904473862
2017-01-17 22:00:00,Dingling,20.0,9.14345084207797
2017-01-17 23:00:00,Dingling,18.0,18.089364525052986
2017-01-18 00:00:00,Dingling,18.0,16.77881603881166
2017-01-18 01:00:00,Dingling,18.0,16.714262764214997
2017-01-18 02:00:00,Dingling,20.0,17.983238350992337
2017-01-18 03:00:00,Dingling,19.0,18.91265569631294
2017-01-18 04:00:00,Dingling,18.0,17.87916055920096
2017-01-18 05:00:00,Dingling,25.0,17.223098709985702
2017-01-18 06:00:00,Dingling,21.0,24.449828294600014
2017-01-18 07:00:00,Dingling,27.0,19.66586553331618
2017-01-18 08:00:00,Dingling,14.0,26.37701688331242
2017-01-18 09:00:00,Dingling,20.0,21.768061105316377
2017-01-18 10:00:00,Dingling,12.0,26.04605620177873
2017-01-18 11:00:00,Dingling,31.0,17.041357476949624
2017-01-18 12:00:00,Dingling,32.0,37.9476087523303
2017-01-18 13:00:00,Dingling,28.0,36.33981864314088
2017-01-18 14:00:00,Dingling,24.0,32.18567660917429
2017-01-18 15:00:00,Dingling,22.0,27.523392930807937
2017-01-18 16:00:00,Dingling,35.0,27.709397015047692
2017-01-18 17:00:00,Dingling,35.0,43.980296475849634
2017-01-18 18:00:00,Dingling,52.0,41.57828318952572
2017-01-18 19:00:00,Dingling,53.0,56.60664158158459
2017-01-18 20:00:00,Dingling,45.0,58.540212693238644
2017-01-18 21:00:00,Dingling,74.0,48.201485171698195
2017-01-18 22:00:00,Dingling,63.0,74.6139408258345
2017-01-18 23:00:00,Dingling,101.0,64.16052302880506
2017-01-19 00:00:00,Dingling,86.0,101.4149489887392
2017-01-19 01:00:00,Dingling,55.0,77.37444522122274
2017-01-19 02:00:00,Dingling,58.0,54.19271148934483
2017-01-19 03:00:00,Dingling,60.0,75.3169849087624
2017-01-19 04:00:00,Dingling,71.0,81.02650377224614
2017-01-19 05:00:00,Dingling,85.0,90.38271834769768
2017-01-19 06:00:00,Dingling,83.0,105.74820132412394
2017-01-19 07:00:00,Dingling,85.0,102.24242064895068
2017-01-19 08:00:00,Dingling,31.0,96.93280199014411
2017-01-19 09:00:00,Dingling,14.0,24.04588196614911
2017-01-19 10:00:00,Dingling,9.0,11.03792147850409
2017-01-19 11:00:00,Dingling,10.0,8.618665165383131
2017-01-19 12:00:00,Dingling,8.0,9.235504912748846
2017-01-19 13:00:00,Dingling,7.0,8.395712569224477
2017-01-19 14:00:00,Dingling,6.0,8.22237544531156
2017-01-19 15:00:00,Dingling,9.0,6.9727882853453
2017-01-19 16:00:00,Dingling,9.0,8.121961590595772
2017-01-19 17:00:00,Dingling,10.0,9.384384917074659
2017-01-19 18:00:00,Dingling,8.0,8.881015436032465
2017-01-19 19:00:00,Dingling,5.0,7.613389483237922
2017-01-19 20:00:00,Dingling,6.0,6.099898201147814
2017-01-19 21:00:00,Dingling,4.0,5.231561491885072
2017-01-19 22:00:00,Dingling,8.0,8.888553375462518
2017-01-19 23:00:00,Dingling,9.0,6.620560699387473
2017-01-20 00:00:00,Dingling,17.0,6.939319884756728
2017-01-20 01:00:00,Dingling,5.0,12.802139076438145
2017-01-20 02:00:00,Dingling,6.0,6.8773451615803145
2017-01-20 03:00:00,Dingling,4.0,5.691918033235653
2017-01-20 04:00:00,Dingling,6.0,5.441096788006297
2017-01-20 05:00:00,Dingling,4.0,4.821934594894459
2017-01-20 06:00:00,Dingling,6.0,6.011817363532739
2017-01-20 07:00:00,Dingling,5.0,8.123517595735473
2017-01-20 08:00:00,Dingling,7.0,8.21645057295381
2017-01-20 09:00:00,Dingling,8.0,6.406121750477485
2017-01-20 10:00:00,Dingling,3.0,5.942531090048935
2017-01-20 11:00:00,Dingling,9.0,5.2425229212999245
2017-01-20 12:00:00,Dingling,5.0,6.691291686518989
2017-01-20 13:00:00,Dingling,9.0,5.6443734452914445
2017-01-20 14:00:00,Dingling,6.0,6.54657771194946
2017-01-20 15:00:00,Dingling,9.0,6.457044255633627
2017-01-20 16:00:00,Dingling,12.0,7.993051033015833
2017-01-20 17:00:00,Dingling,23.0,18.118254745160545
2017-01-20 18:00:00,Dingling,32.0,26.890364455402146
2017-01-20 19:00:00,Dingling,33.0,41.63838501377767
2017-01-20 20:00:00,Dingling,67.0,37.195753286907205
2017-01-20 21:00:00,Dingling,62.0,69.62940190965605
2017-01-20 22:00:00,Dingling,60.0,59.83580910797583
2017-01-20 23:00:00,Dingling,55.0,58.85872654409487
2017-01-21 00:00:00,Dingling,78.0,56.710298647358734
2017-01-21 01:00:00,Dingling,65.0,76.99943578219656
2017-01-21 02:00:00,Dingling,46.0,60.65586521878798
2017-01-21 03:00:00,Dingling,42.0,45.15066553142123
2017-01-21 04:00:00,Dingling,41.0,42.726803089395545
2017-01-21 05:00:00,Dingling,34.0,40.60639804999315
2017-01-21 06:00:00,Dingling,22.0,36.37052158347005
2017-01-21 07:00:00,Dingling,7.0,20.272528961145674
2017-01-21 08:00:00,Dingling,5.0,8.925283739424794
2017-01-21 09:00:00,Dingling,6.0,8.21668621902039
2017-01-21 10:00:00,Dingling,9.0,8.315218651151314
2017-01-21 11:00:00,Dingling,9.0,8.820266234344867
2017-01-21 12:00:00,Dingling,9.0,9.098326000810717
2017-01-21 13:00:00,Dingling,8.0,9.138166812367626
2017-01-21 14:00:00,Dingling,8.0,9.717848572969729
2017-01-21 15:00:00,Dingling,7.0,9.156016669429645
2017-01-21 16:00:00,Dingling,5.0,9.026623305873244
2017-01-21 17:00:00,Dingling,9.0,9.57271096074122
2017-01-21 18:00:00,Dingling,7.0,10.241789149192316
2017-01-21 19:00:00,Dingling,7.0,7.156284666983757
2017-01-21 20:00:00,Dingling,24.0,6.730237531073712
2017-01-21 21:00:00,Dingling,7.0,20.60416339567739
2017-01-21 22:00:00,Dingling,7.0,7.605569150916684
2017-01-21 23:00:00,Dingling,10.0,5.609800982125223
2017-01-22 00:00:00,Dingling,6.0,8.346241197615086
2017-01-22 01:00:00,Dingling,5.0,6.657286404249195
2017-01-22 02:00:00,Dingling,6.0,6.019912761495705
2017-01-22 03:00:00,Dingling,8.0,6.548765366089161
2017-01-22 04:00:00,Dingling,6.0,6.59232726108824
2017-01-22 05:00:00,Dingling,4.0,5.695447492308132
2017-01-22 06:00:00,Dingling,3.0,5.934732245929453
2017-01-22 07:00:00,Dingling,4.0,6.8209065320185465
2017-01-22 08:00:00,Dingling,5.0,6.074927156798003
2017-01-22 09:00:00,Dingling,6.0,6.39279479963893
2017-01-22 10:00:00,Dingling,4.0,6.216229787550285
2017-01-22 11:00:00,Dingling,10.0,7.20178277396176
2017-01-22 12:00:00,Dingling,13.0,13.37577098661204
2017-01-22 13:00:00,Dingling,15.0,15.52252544547169
2017-01-22 14:00:00,Dingling,15.0,17.112702590602474
2017-01-22 15:00:00,Dingling,16.0,17.82224515516333
2017-01-22 16:00:00,Dingling,22.0,20.48308122007698
2017-01-22 17:00:00,Dingling,26.0,29.27412856250919
2017-01-22 18:00:00,Dingling,29.0,34.8581614203466
2017-01-22 19:00:00,Dingling,18.0,30.786776704128695
2017-01-22 20:00:00,Dingling,40.0,18.262248710759533
2017-01-22 21:00:00,Dingling,38.0,40.68587636644875
2017-01-22 22:00:00,Dingling,53.0,37.54751423716323
2017-01-22 23:00:00,Dingling,35.0,50.689713858595276
2017-01-23 00:00:00,Dingling,39.0,32.838504912378966
2017-01-23 01:00:00,Dingling,29.0,35.91911595200891
2017-01-23 02:00:00,Dingling,39.0,27.532187857034682
2017-01-23 03:00:00,Dingling,22.0,35.1539596596604
2017-01-23 04:00:00,Dingling,26.0,22.645786393376948
2017-01-23 05:00:00,Dingling,28.0,24.970547427748446
2017-01-23 06:00:00,Dingling,30.0,28.442472153692137
2017-01-23 07:00:00,Dingling,29.0,27.873489968333562
2017-01-23 08:00:00,Dingling,36.0,31.051262800251617
2017-01-23 09:00:00,Dingling,27.0,34.385082471314746
2017-01-23 10:00:00,Dingling,33.0,30.871347116694835
2017-01-23 11:00:00,Dingling,38.0,35.784011109926865
2017-01-23 12:00:00,Dingling,48.0,40.864759864868944
2017-01-23 13:00:00,Dingling,3.0,50.48821150272219
2017-01-23 14:00:00,Dingling,20.0,15.533183423925527
2017-01-23 15:00:00,Dingling,17.0,23.07044196701959
2017-01-23 16:00:00,Dingling,60.0,23.5429690233104
2017-01-23 17:00:00,Dingling,34.0,57.58761709503715
2017-01-23 18:00:00,Dingling,41.0,42.829603246048784
2017-01-23 19:00:00,Dingling,59.0,44.30971685265278
2017-01-23 20:00:00,Dingling,46.0,60.79307787002046
2017-01-23 21:00:00,Dingling,42.0,41.2255848845139
2017-01-23 22:00:00,Dingling,44.0,40.53071924342695
2017-01-23 23:00:00,Dingling,43.0,42.263721591864304
2017-01-24 00:00:00,Dingling,46.0,41.08929716648291
2017-01-24 01:00:00,Dingling,45.0,43.415378760906464
2017-01-24 02:00:00,Dingling,52.0,43.47679096339549
2017-01-24 03:00:00,Dingling,66.0,48.85103599828701
2017-01-24 04:00:00,Dingling,35.0,62.370385976146615
2017-01-24 05:00:00,Dingling,33.0,31.91796486558669
2017-01-24 06:00:00,Dingling,38.0,31.33433201654257
2017-01-24 07:00:00,Dingling,55.0,35.60262515977685
2017-01-24 08:00:00,Dingling,56.0,55.986303961299974
2017-01-24 09:00:00,Dingling,65.0,61.197430714859806
2017-01-24 10:00:00,Dingling,72.0,68.74202596568475
2017-01-24 11:00:00,Dingling,90.0,74.1347323951045
2017-01-24 12:00:00,Dingling,85.0,95.87210897043924
2017-01-24 13:00:00,Dingling,75.0,86.68711489656441
2017-01-24 14:00:00,Dingling,73.0,73.37974863233033
2017-01-24 15:00:00,Dingling,83.0,75.1253072260047
2017-01-24 16:00:00,Dingling,92.0,90.38736413168716
2017-01-24 17:00:00,Dingling,87.0,101.37193169777889
2017-01-24 18:00:00,Dingling,98.0,101.08660092863835
2017-01-24 19:00:00,Dingling,103.0,106.47737953054276
2017-01-24 20:00:00,Dingling,103.0,106.69082339159898
2017-01-24 21:00:00,Dingling,110.0,106.4120424918348
2017-01-24 22:00:00,Dingling,149.0,112.73821633799288
2017-01-24 23:00:00,Dingling,151.0,148.39204130102888
2017-01-25 00:00:00,Dingling,117.0,149.05307470408707
2017-01-25 01:00:00,Dingling,119.0,99.05214256933085
2017-01-25 02:00:00,Dingling,141.0,116.68012602736181
2017-01-25 03:00:00,Dingling,125.0,131.88906447221788
2017-01-25 04:00:00,Dingling,117.0,116.53712741430282
2017-01-25 05:00:00,Dingling,122.0,111.1930329344423
2017-01-25 06:00:00,Dingling,125.0,120.71806062001669
2017-01-25 07:00:00,Dingling,130.0,121.28777590707385
2017-01-25 08:00:00,Dingling,139.0,126.29049816654864
2017-01-25 09:00:00,Dingling,147.0,134.91984972964198
2017-01-25 10:00:00,Dingling,149.0,148.89570933030865
2017-01-25 11:00:00,Dingling,159.0,148.71260783626758
2017-01-25 12:00:00,Dingling,168.0,154.94012517474678
2017-01-25 14:00:00,Dingling,160.0,121.30710735478364
2017-01-25 15:00:00,Dingling,157.0,181.5553366252447
2017-01-25 16:00:00,Dingling,165.0,164.25340458299232
2017-01-25 17:00:00,Dingling,166.0,174.77047826756552
2017-01-25 18:00:00,Dingling,175.0,174.97854186836358
2017-01-25 19:00:00,Dingling,185.0,179.595461180181
2017-01-25 20:00:00,Dingling,181.0,190.82430319160733
2017-01-25 21:00:00,Dingling,234.0,175.59055893070993
2017-01-25 22:00:00,Dingling,206.0,238.85953429501123
2017-01-25 23:00:00,Dingling,224.0,187.57727532721347
2017-01-26 00:00:00,Dingling,211.0,209.80448004429
2017-01-26 01:00:00,Dingling,225.0,185.83876352220676
2017-01-26 02:00:00,Dingling,213.0,203.1079735923404
2017-01-26 03:00:00,Dingling,207.0,187.46372984885753
2017-01-26 04:00:00,Dingling,215.0,198.773684601127
2017-01-26 05:00:00,Dingling,216.0,195.53509503877982
2017-01-26 06:00:00,Dingling,221.0,201.53471222774533
2017-01-26 07:00:00,Dingling,228.0,213.42086389466687
2017-01-26 08:00:00,Dingling,245.0,217.82378348964738
2017-01-26 09:00:00,Dingling,278.0,248.88094772263892
2017-01-26 10:00:00,Dingling,283.0,275.30225438557585
2017-01-26 11:00:00,Dingling,142.0,284.8097261516214
2017-01-26 12:00:00,Dingling,87.0,97.92288416273021
2017-01-26 13:00:00,Dingling,23.0,62.35787264040158
2017-01-26 14:00:00,Dingling,9.0,19.086946236226527
2017-01-26 15:00:00,Dingling,9.0,11.028505790358693
2017-01-26 16:00:00,Dingling,10.0,9.445769627201878
2017-01-26 17:00:00,Dingling,8.0,12.185638619340587
2017-01-26 18:00:00,Dingling,3.0,9.969479384028526
2017-01-26 19:00:00,Dingling,8.0,8.060332361722867
2017-01-26 20:00:00,Dingling,11.0,8.129256853961476
2017-01-26 21:00:00,Dingling,5.0,9.615567662251504
2017-01-26 22:00:00,Dingling,35.0,6.971333507440301
2017-01-26 23:00:00,Dingling,5.0,30.7444598556164
2017-01-27 00:00:00,Dingling,9.0,8.654832158853074
2017-01-27 01:00:00,Dingling,16.0,8.753756739774898
2017-01-27 02:00:00,Dingling,15.0,14.279952076856924
2017-01-27 03:00:00,Dingling,8.0,12.925397565871178
2017-01-27 04:00:00,Dingling,6.0,8.826173441458419
2017-01-27 05:00:00,Dingling,7.0,7.255396408417696
2017-01-27 06:00:00,Dingling,11.0,7.811731162517195
2017-01-27 07:00:00,Dingling,18.0,10.851658779355462
2017-01-27 08:00:00,Dingling,31.0,24.604698553877355
2017-01-27 09:00:00,Dingling,32.0,35.052233244938236
2017-01-27 10:00:00,Dingling,21.0,51.94654561468361
2017-01-27 11:00:00,Dingling,29.0,42.12891557440457
2017-01-27 12:00:00,Dingling,23.0,52.69099198627575
2017-01-27 13:00:00,Dingling,24.0,46.14113737003892
2017-01-27 14:00:00,Dingling,34.0,46.7771564746243
2017-01-27 15:00:00,Dingling,45.0,40.42769345441369
2017-01-27 16:00:00,Dingling,53.0,53.276421260116514
2017-01-27 17:00:00,Dingling,69.0,61.52275468683224
2017-01-27 18:00:00,Dingling,78.0,82.60612575269225
2017-01-27 19:00:00,Dingling,79.0,83.4858167975155
2017-01-27 20:00:00,Dingling,81.0,85.43745950224908
2017-01-27 21:00:00,Dingling,82.0,83.87310713517402
2017-01-27 22:00:00,Dingling,83.0,81.15252613847089
2017-01-27 23:00:00,Dingling,98.0,81.76770202326782
2017-01-28 00:00:00,Dingling,133.0,100.41025645615304
2017-01-28 01:00:00,Dingling,165.0,135.60953457673654
2017-01-28 02:00:00,Dingling,246.0,162.27297642898102
2017-01-28 03:00:00,Dingling,312.0,238.81216758722695
2017-01-28 04:00:00,Dingling,276.0,318.79846000003636
2017-01-28 05:00:00,Dingling,295.0,237.67100709971822
2017-01-28 06:00:00,Dingling,256.0,263.2256886896272
2017-01-28 07:00:00,Dingling,239.0,215.37418151583324
2017-01-28 08:00:00,Dingling,252.0,213.0780778054914
2017-01-28 09:00:00,Dingling,265.0,246.001500659564
2017-01-28 10:00:00,Dingling,288.0,243.42896821513554
2017-01-28 11:00:00,Dingling,251.0,277.0404417443196
2017-01-28 12:00:00,Dingling,221.0,241.10287404789818
2017-01-28 13:00:00,Dingling,210.0,208.4380968753915
2017-01-28 14:00:00,Dingling,192.0,201.33631384373723
2017-01-28 15:00:00,Dingling,195.0,211.80328952445942
2017-01-28 16:00:00,Dingling,208.0,199.87235848315586
2017-01-28 17:00:00,Dingling,218.0,219.87691965656717
2017-01-28 18:00:00,Dingling,218.0,222.01593910605808
2017-01-28 19:00:00,Dingling,225.0,210.05123550080825
2017-01-28 20:00:00,Dingling,224.0,214.82906674497917
2017-01-28 21:00:00,Dingling,244.0,218.0320760979519
2017-01-28 22:00:00,Dingling,212.0,236.84029091865258
2017-01-28 23:00:00,Dingling,195.0,193.72154067351423
2017-01-29 00:00:00,Dingling,77.0,207.1860109720695
2017-01-29 01:00:00,Dingling,4.0,40.24299289044022
2017-01-29 02:00:00,Dingling,3.0,6.2953511622891
2017-01-29 03:00:00,Dingling,8.0,7.27953162055918
2017-01-29 04:00:00,Dingling,8.0,9.566762933576038
2017-01-29 05:00:00,Dingling,11.0,10.63562049619004
2017-01-29 06:00:00,Dingling,8.0,10.410467398092273
2017-01-29 07:00:00,Dingling,8.0,8.854646118046315
2017-01-29 08:00:00,Dingling,5.0,8.70111692341745
2017-01-29 09:00:00,Dingling,9.0,7.673779906695355
2017-01-29 10:00:00,Dingling,7.0,8.406287130265914
2017-01-29 11:00:00,Dingling,12.0,7.695491680671487
2017-01-29 12:00:00,Dingling,10.0,10.512662208524517
2017-01-29 13:00:00,Dingling,14.0,10.307507366659282
2017-01-29 14:00:00,Dingling,11.0,12.631722155893764
2017-01-29 15:00:00,Dingling,16.0,11.64016038534878
2017-01-29 16:00:00,Dingling,10.0,15.231770911955282
2017-01-29 17:00:00,Dingling,6.0,12.090793123738973
2017-01-29 18:00:00,Dingling,6.0,9.09689310137742
2017-01-29 19:00:00,Dingling,7.0,8.157279192774835
2017-01-29 20:00:00,Dingling,12.0,7.809659344671549
2017-01-29 21:00:00,Dingling,7.0,15.464892813088477
2017-01-29 22:00:00,Dingling,6.0,13.25786184805301
2017-01-29 23:00:00,Dingling,12.0,13.695690916582297
2017-01-30 00:00:00,Dingling,14.0,11.559017164370703
2017-01-30 01:00:00,Dingling,10.0,12.611440698959889
2017-01-30 02:00:00,Dingling,7.0,9.373239246377873
2017-01-30 03:00:00,Dingling,7.0,7.681786345593126
2017-01-30 04:00:00,Dingling,5.0,7.974608740328288
2017-01-30 05:00:00,Dingling,5.0,8.037425586045039
2017-01-30 06:00:00,Dingling,5.0,7.965031126157011
2017-01-30 07:00:00,Dingling,3.0,8.851079289676068
2017-01-30 08:00:00,Dingling,3.0,10.716656839134272
2017-01-30 09:00:00,Dingling,6.0,7.812655164579534
2017-01-30 10:00:00,Dingling,8.0,11.464058691512246
2017-01-30 11:00:00,Dingling,6.0,9.071903865741133
2017-01-30 12:00:00,Dingling,10.0,8.818812735055639
2017-01-30 13:00:00,Dingling,6.0,10.965283744649113
2017-01-30 14:00:00,Dingling,7.0,12.934239857438843
2017-01-30 15:00:00,Dingling,11.0,12.81306177013115
2017-01-30 16:00:00,Dingling,12.0,12.409300126838708
2017-01-30 17:00:00,Dingling,12.0,17.291728637141627
2017-01-30 18:00:00,Dingling,14.0,17.949813790169564
2017-01-30 19:00:00,Dingling,34.0,18.201111793219575
2017-01-30 20:00:00,Dingling,47.0,38.579871942967166
2017-01-30 21:00:00,Dingling,44.0,47.1982446349369
2017-01-30 22:00:00,Dingling,49.0,43.20726296033953
2017-01-30 23:00:00,Dingling,52.0,48.75299612804562
2017-01-31 00:00:00,Dingling,52.0,53.63639227846775
2017-01-31 01:00:00,Dingling,60.0,52.625156867925554
2017-01-31 02:00:00,Dingling,61.0,59.815530739733916
2017-01-31 03:00:00,Dingling,53.0,57.226264842141546
2017-01-31 04:00:00,Dingling,56.0,50.283209962430426
2017-01-31 05:00:00,Dingling,53.0,52.66442243729006
2017-01-31 06:00:00,Dingling,70.0,50.68324939155977
2017-01-31 07:00:00,Dingling,65.0,75.86153992659615
2017-01-31 08:00:00,Dingling,65.0,70.34622438454605
2017-01-31 09:00:00,Dingling,62.0,67.7550196417286
2017-01-31 10:00:00,Dingling,52.0,62.73535548514157
2017-01-31 11:00:00,Dingling,50.0,57.17993061418293
2017-01-31 12:00:00,Dingling,38.0,53.09063469130244
2017-01-31 13:00:00,Dingling,36.0,40.897884999870165
2017-01-31 14:00:00,Dingling,25.0,36.87469671939909
2017-01-31 15:00:00,Dingling,30.0,28.486783598807705
2017-01-31 16:00:00,Dingling,23.0,33.34020908667881
2017-01-31 17:00:00,Dingling,10.0,26.923270683057638
2017-01-31 19:00:00,Dingling,6.0,23.999767203537125
2017-01-31 20:00:00,Dingling,7.0,11.606526877489463
2017-01-31 21:00:00,Dingling,10.0,9.623403973005589
2017-01-31 22:00:00,Dingling,6.0,10.036771589794535
2017-01-31 23:00:00,Dingling,6.0,8.89249663436363
2017-02-01 00:00:00,Dingling,9.0,6.493216526856292
2017-02-01 01:00:00,Dingling,12.0,8.087773663473115
2017-02-01 02:00:00,Dingling,13.0,10.557996829045596
2017-02-01 03:00:00,Dingling,14.0,11.962515672432769
2017-02-01 04:00:00,Dingling,14.0,13.361092471167767
2017-02-01 05:00:00,Dingling,12.0,16.554748375989487
2017-02-01 06:00:00,Dingling,8.0,14.743099534673425
2017-02-01 07:00:00,Dingling,4.0,10.954172792769693
2017-02-01 08:00:00,Dingling,3.0,10.533721100152928
2017-02-01 09:00:00,Dingling,4.0,11.50756724005672
2017-02-01 10:00:00,Dingling,8.0,9.092280852825553
2017-02-01 11:00:00,Dingling,10.0,8.054779979374867
2017-02-01 12:00:00,Dingling,4.0,8.334249951738652
2017-02-01 13:00:00,Dingling,7.0,9.495975751648617
2017-02-01 14:00:00,Dingling,9.0,12.019199454733458
2017-02-01 15:00:00,Dingling,16.0,13.177709603636512
2017-02-01 16:00:00,Dingling,15.0,19.1353548775841
2017-02-01 17:00:00,Dingling,30.0,20.4009066587904
2017-02-01 18:00:00,Dingling,28.0,38.59030349269
2017-02-01 19:00:00,Dingling,46.0,38.53719028127002
2017-02-01 20:00:00,Dingling,47.0,52.33309709352491
2017-02-01 21:00:00,Dingling,32.0,50.851415733114386
2017-02-01 22:00:00,Dingling,39.0,32.35205418030232
2017-02-01 23:00:00,Dingling,35.0,36.55666060848436
2017-02-02 00:00:00,Dingling,39.0,33.20315613843031
2017-02-02 01:00:00,Dingling,32.0,35.16181483554327
2017-02-02 02:00:00,Dingling,37.0,31.315594768013405
2017-02-02 03:00:00,Dingling,39.0,33.90239590935451
2017-02-02 04:00:00,Dingling,41.0,38.11925649430842
2017-02-02 05:00:00,Dingling,52.0,40.03194242980073
2017-02-02 06:00:00,Dingling,56.0,48.71593987636923
2017-02-02 07:00:00,Dingling,50.0,54.524851559476986
2017-02-02 08:00:00,Dingling,57.0,52.50951093524278
2017-02-02 09:00:00,Dingling,53.0,59.7996594640104
2017-02-02 10:00:00,Dingling,69.0,52.95162925252763
2017-02-02 11:00:00,Dingling,81.0,75.47328378060062
2017-02-02 12:00:00,Dingling,77.0,84.1818242571696
2017-02-02 13:00:00,Dingling,69.0,77.35018879695298
2017-02-02 14:00:00,Dingling,66.0,69.22794829885461
2017-02-02 15:00:00,Dingling,77.0,68.54961961582157
2017-02-02 16:00:00,Dingling,67.0,80.91390328500266
2017-02-02 17:00:00,Dingling,65.0,72.55878891606038
2017-02-02 18:00:00,Dingling,73.0,78.27518138762261
2017-02-02 19:00:00,Dingling,91.0,84.07368392147471
2017-02-02 20:00:00,Dingling,83.0,97.18106837749258
2017-02-02 21:00:00,Dingling,79.0,83.19865813198147
2017-02-02 22:00:00,Dingling,82.0,80.62006232670623
2017-02-02 23:00:00,Dingling,91.0,81.82361679550287
2017-02-03 00:00:00,Dingling,84.0,87.30101851954583
2017-02-03 01:00:00,Dingling,89.0,82.39027606663937
2017-02-03 02:00:00,Dingling,80.0,81.07855732267323
2017-02-03 03:00:00,Dingling,75.0,78.18346894984434
2017-02-03 04:00:00,Dingling,72.0,74.25175913674428
2017-02-03 05:00:00,Dingling,68.0,69.30184751795474
2017-02-03 06:00:00,Dingling,70.0,63.563724559277944
2017-02-03 07:00:00,Dingling,87.0,77.14443195050735
2017-02-03 08:00:00,Dingling,118.0,89.56003917851253
2017-02-03 09:00:00,Dingling,105.0,125.33367921205456
2017-02-03 10:00:00,Dingling,128.0,111.64202628295976
2017-02-03 11:00:00,Dingling,112.0,131.9760567029159
2017-02-03 12:00:00,Dingling,130.0,112.85859919375295
2017-02-03 13:00:00,Dingling,136.0,131.72706667317127
2017-02-03 14:00:00,Dingling,130.0,136.3730205451354
2017-02-03 15:00:00,Dingling,108.0,130.7924201104004
2017-02-03 16:00:00,Dingling,102.0,102.76178762453674
2017-02-03 17:00:00,Dingling,111.0,107.82121398366695
2017-02-03 18:00:00,Dingling,119.0,128.53253920246237
2017-02-03 19:00:00,Dingling,123.0,128.1800927030472
2017-02-03 20:00:00,Dingling,136.0,128.86207637245
2017-02-03 21:00:00,Dingling,157.0,139.15954825346535
2017-02-03 22:00:00,Dingling,166.0,161.66092003511605
2017-02-03 23:00:00,Dingling,203.0,163.69091827546094
2017-02-04 00:00:00,Dingling,224.0,205.97225345723083
2017-02-04 01:00:00,Dingling,204.0,212.8591298514169
2017-02-04 02:00:00,Dingling,210.0,180.30772521394275
2017-02-04 03:00:00,Dingling,206.0,194.16650853575803
2017-02-04 04:00:00,Dingling,211.0,194.35109873486957
2017-02-04 05:00:00,Dingling,219.0,193.73010400894367
2017-02-04 06:00:00,Dingling,217.0,199.17776281903585
2017-02-04 07:00:00,Dingling,225.0,204.59848607757831
2017-02-04 08:00:00,Dingling,262.0,202.80602494705548
2017-02-04 09:00:00,Dingling,255.0,262.5195241757546
2017-02-04 10:00:00,Dingling,270.0,232.44176191343652
2017-02-04 11:00:00,Dingling,279.0,248.6805527691425
2017-02-04 12:00:00,Dingling,251.0,269.68450145768367
2017-02-04 13:00:00,Dingling,189.0,245.69514541275825
2017-02-04 14:00:00,Dingling,91.0,146.9359907836386
2017-02-04 15:00:00,Dingling,37.0,63.69507864252962
2017-02-04 16:00:00,Dingling,37.0,34.723582035232766
2017-02-04 17:00:00,Dingling,19.0,38.481133409104935
2017-02-04 18:00:00,Dingling,13.0,19.418468270705688
2017-02-04 19:00:00,Dingling,12.0,17.012241689292708
2017-02-04 20:00:00,Dingling,5.0,14.934602411606882
2017-02-04 21:00:00,Dingling,6.0,12.143537289524453
2017-02-04 22:00:00,Dingling,6.0,11.400557602019742
2017-02-04 23:00:00,Dingling,14.0,14.201166862518162
2017-02-05 00:00:00,Dingling,15.0,17.659017026082804
2017-02-05 01:00:00,Dingling,31.0,17.363410700801477
2017-02-05 02:00:00,Dingling,19.0,32.25730689432949
2017-02-05 03:00:00,Dingling,30.0,22.859887626495876
2017-02-05 04:00:00,Dingling,23.0,32.37220431585674
2017-02-05 05:00:00,Dingling,15.0,25.846252668935996
2017-02-05 06:00:00,Dingling,9.0,18.826244510414536
2017-02-05 07:00:00,Dingling,9.0,9.178602445513853
2017-02-05 08:00:00,Dingling,13.0,8.725537869045468
2017-02-05 09:00:00,Dingling,15.0,10.572723340781474
2017-02-05 10:00:00,Dingling,10.0,14.824414151954862
2017-02-05 11:00:00,Dingling,12.0,11.879913690781205
2017-02-05 12:00:00,Dingling,12.0,10.04683014520012
2017-02-05 13:00:00,Dingling,10.0,14.448546727125628
2017-02-05 14:00:00,Dingling,14.0,12.797705180043845
2017-02-05 15:00:00,Dingling,8.0,11.92227102598897
2017-02-05 16:00:00,Dingling,8.0,8.452654028402405
2017-02-05 17:00:00,Dingling,5.0,8.222364602900699
2017-02-05 18:00:00,Dingling,4.0,7.648742367242067
2017-02-05 19:00:00,Dingling,5.0,9.128403111743532
2017-02-05 20:00:00,Dingling,9.0,8.828573126385121
2017-02-05 21:00:00,Dingling,3.0,8.44507133072357
2017-02-05 22:00:00,Dingling,9.0,7.559309568816143
2017-02-05 23:00:00,Dingling,7.0,8.339887117213797
2017-02-06 00:00:00,Dingling,6.0,8.238530331394703
2017-02-06 01:00:00,Dingling,6.0,6.756024547779844
2017-02-06 02:00:00,Dingling,9.0,6.228012288740022
2017-02-06 03:00:00,Dingling,4.0,6.936677612023825
2017-02-06 04:00:00,Dingling,4.0,11.255151173927041
2017-02-06 05:00:00,Dingling,6.0,7.042914549547421
2017-02-06 06:00:00,Dingling,9.0,9.181673807538264
2017-02-06 07:00:00,Dingling,10.0,12.967440197206889
2017-02-06 08:00:00,Dingling,19.0,15.680665326009844
2017-02-06 09:00:00,Dingling,22.0,23.830033652003788
2017-02-06 10:00:00,Dingling,21.0,27.41474269315536
2017-02-06 11:00:00,Dingling,24.0,25.85623299560513
2017-02-06 12:00:00,Dingling,3.0,28.19554624929191
2017-02-06 13:00:00,Dingling,9.0,9.368526797195056
2017-02-06 14:00:00,Dingling,10.0,13.333582772895847
2017-02-06 15:00:00,Dingling,12.0,14.029474091304195
2017-02-06 16:00:00,Dingling,4.0,14.813919934490007
2017-02-06 17:00:00,Dingling,13.0,13.142532305967352
2017-02-06 18:00:00,Dingling,23.0,15.256173898891248
2017-02-06 19:00:00,Dingling,32.0,29.261217409429996
2017-02-06 20:00:00,Dingling,24.0,37.24243353384418
2017-02-06 21:00:00,Dingling,22.0,23.626579793441138
2017-02-06 22:00:00,Dingling,28.0,24.12525522113181
2017-02-06 23:00:00,Dingling,26.0,30.689045101958055
2017-02-07 00:00:00,Dingling,29.0,27.795245284141156
2017-02-07 01:00:00,Dingling,33.0,29.902910461867553
2017-02-07 02:00:00,Dingling,29.0,35.43430927332064
2017-02-07 03:00:00,Dingling,30.0,31.434501327749228
2017-02-07 04:00:00,Dingling,28.0,30.038138477160977
2017-02-07 05:00:00,Dingling,25.0,30.8193585015743
2017-02-07 06:00:00,Dingling,27.0,27.0278332872523
2017-02-07 07:00:00,Dingling,30.0,31.273214874324626
2017-02-07 08:00:00,Dingling,48.0,34.00256396430615
2017-02-07 09:00:00,Dingling,69.0,56.3696729122115
2017-02-07 10:00:00,Dingling,89.0,78.23071463892727
2017-02-07 11:00:00,Dingling,84.0,107.8909964248141
2017-02-07 12:00:00,Dingling,87.0,92.08160750073418
2017-02-07 13:00:00,Dingling,83.0,91.9221616919033
2017-02-07 14:00:00,Dingling,84.0,87.95422935282745
2017-02-07 15:00:00,Dingling,79.0,90.19286186149193
2017-02-07 16:00:00,Dingling,85.0,92.42507021392576
2017-02-07 17:00:00,Dingling,78.0,93.00601865326685
2017-02-07 18:00:00,Dingling,86.0,90.6501467244077
2017-02-07 19:00:00,Dingling,94.0,96.65809747156572
2017-02-07 20:00:00,Dingling,91.0,100.65996048348418
2017-02-07 21:00:00,Dingling,89.0,92.52971690533458
2017-02-07 22:00:00,Dingling,89.0,91.96761530135048
2017-02-07 23:00:00,Dingling,86.0,91.49571975912572
2017-02-08 00:00:00,Dingling,106.0,86.18832653574543
2017-02-08 01:00:00,Dingling,94.0,108.23568211538733
2017-02-08 02:00:00,Dingling,69.0,90.62886833616214
2017-02-08 03:00:00,Dingling,48.0,64.56152079672009
2017-02-08 04:00:00,Dingling,22.0,45.16673885210036
2017-02-08 05:00:00,Dingling,6.0,19.24674079152815
2017-02-08 06:00:00,Dingling,6.0,8.197288974704213
2017-02-08 07:00:00,Dingling,7.0,10.02898499856085
2017-02-08 08:00:00,Dingling,4.0,7.718092462211246
2017-02-08 09:00:00,Dingling,7.0,6.659881597898862
2017-02-08 10:00:00,Dingling,10.0,9.131042297757352
2017-02-08 11:00:00,Dingling,9.0,8.336212854064943
2017-02-08 12:00:00,Dingling,11.0,13.151129113578204
2017-02-08 13:00:00,Dingling,7.0,9.427108293705155
2017-02-08 14:00:00,Dingling,5.0,7.283559092447657
2017-02-08 15:00:00,Dingling,8.0,8.14387957365706
2017-02-08 16:00:00,Dingling,10.0,7.4527140526814755
2017-02-08 17:00:00,Dingling,8.0,9.717090473697507
2017-02-08 18:00:00,Dingling,9.0,8.767660925605687
2017-02-08 19:00:00,Dingling,13.0,9.544108467157418
2017-02-08 20:00:00,Dingling,10.0,11.88979065713759
2017-02-08 21:00:00,Dingling,10.0,10.6653807070693
2017-02-08 22:00:00,Dingling,8.0,9.773729248131787
2017-02-08 23:00:00,Dingling,11.0,10.655015327738427
2017-02-09 00:00:00,Dingling,5.0,13.715840085913973
2017-02-09 01:00:00,Dingling,3.0,8.158987591634947
2017-02-09 03:00:00,Dingling,10.0,18.621987945254478
2017-02-09 04:00:00,Dingling,5.0,11.35040535367701
2017-02-09 05:00:00,Dingling,7.0,9.36050898977539
2017-02-09 06:00:00,Dingling,4.0,8.666317304701455
2017-02-09 07:00:00,Dingling,4.0,8.782752041011456
2017-02-09 08:00:00,Dingling,6.0,8.271156140530923
2017-02-09 09:00:00,Dingling,12.0,8.37151593780122
2017-02-09 10:00:00,Dingling,7.0,11.253198013454808
2017-02-09 11:00:00,Dingling,13.0,9.345183770514264
2017-02-09 12:00:00,Dingling,10.0,12.018597656623035
2017-02-09 13:00:00,Dingling,12.0,12.841058366941141
2017-02-09 14:00:00,Dingling,3.0,10.13199018897669
2017-02-09 15:00:00,Dingling,12.0,7.326549997225275
2017-02-09 16:00:00,Dingling,3.0,9.926564270405414
2017-02-09 17:00:00,Dingling,5.0,7.6519391172353854
2017-02-09 18:00:00,Dingling,3.0,6.902208404546621
2017-02-09 19:00:00,Dingling,3.0,7.512442031800421
2017-02-09 20:00:00,Dingling,5.0,6.349956826529683
2017-02-09 21:00:00,Dingling,9.0,8.775675019007457
2017-02-09 22:00:00,Dingling,6.0,9.045587745128996
2017-02-09 23:00:00,Dingling,9.0,8.252465387118615
2017-02-10 00:00:00,Dingling,9.0,9.212715197659442
2017-02-10 01:00:00,Dingling,6.0,9.940491497258375
2017-02-10 02:00:00,Dingling,9.0,8.792122152707268
2017-02-10 03:00:00,Dingling,5.0,9.873628117978585
2017-02-10 04:00:00,Dingling,5.0,8.712342546310678
2017-02-10 05:00:00,Dingling,5.0,7.710465511964114
2017-02-10 06:00:00,Dingling,3.0,8.380567184190497
2017-02-10 07:00:00,Dingling,3.0,7.90066380838416
2017-02-10 08:00:00,Dingling,8.0,6.056315709310823
2017-02-10 09:00:00,Dingling,10.0,8.66173116574209
2017-02-10 10:00:00,Dingling,7.0,10.111589785152377
2017-02-10 11:00:00,Dingling,8.0,8.509611134712392
2017-02-10 12:00:00,Dingling,11.0,15.807678034373277
2017-02-10 13:00:00,Dingling,10.0,12.018042637269657
2017-02-10 14:00:00,Dingling,9.0,11.354250434196153
2017-02-10 15:00:00,Dingling,3.0,10.666684589787648
2017-02-10 16:00:00,Dingling,9.0,9.962053412571676
2017-02-10 17:00:00,Dingling,4.0,10.635792549665762
2017-02-10 18:00:00,Dingling,9.0,7.2263855054350765
2017-02-10 19:00:00,Dingling,5.0,7.9386898355015
2017-02-10 20:00:00,Dingling,5.0,8.285187250234198
2017-02-10 21:00:00,Dingling,7.0,7.576565842312409
2017-02-10 22:00:00,Dingling,8.0,6.801347183330434
2017-02-10 23:00:00,Dingling,23.0,7.959347957536699
2017-02-11 00:00:00,Dingling,8.0,20.614700753797454
2017-02-11 01:00:00,Dingling,9.0,8.468871834666663
2017-02-11 02:00:00,Dingling,10.0,8.375876544700084
2017-02-11 03:00:00,Dingling,10.0,9.41308377468869
2017-02-11 04:00:00,Dingling,10.0,9.297574281932535
2017-02-11 05:00:00,Dingling,7.0,9.692812477444585
2017-02-11 06:00:00,Dingling,9.0,7.663695886932774
2017-02-11 07:00:00,Dingling,3.0,9.687843301985655
2017-02-11 08:00:00,Dingling,12.0,10.34907190208285
2017-02-11 09:00:00,Dingling,11.0,9.396403190090421
2017-02-11 10:00:00,Dingling,14.0,9.162957696861167
2017-02-11 11:00:00,Dingling,13.0,11.404367481481108
2017-02-11 12:00:00,Dingling,12.0,14.602771807446311
2017-02-11 13:00:00,Dingling,14.0,10.22242357414481
2017-02-11 14:00:00,Dingling,13.0,15.603602051602504
2017-02-11 15:00:00,Dingling,13.0,14.543459303980052
2017-02-11 16:00:00,Dingling,15.0,14.228508193994323
2017-02-11 17:00:00,Dingling,10.0,15.810855440485488
2017-02-11 18:00:00,Dingling,32.0,14.424994523579265
2017-02-11 19:00:00,Dingling,55.0,37.620597425513104
2017-02-11 20:00:00,Dingling,49.0,59.4113467609645
2017-02-11 21:00:00,Dingling,47.0,47.31825058885593
2017-02-11 22:00:00,Dingling,82.0,49.98647187320601
2017-02-11 23:00:00,Dingling,73.0,84.44403909417774
2017-02-12 00:00:00,Dingling,38.0,69.5790052354882
2017-02-12 01:00:00,Dingling,42.0,32.079152867924854
2017-02-12 02:00:00,Dingling,31.0,42.61232134252243
2017-02-12 03:00:00,Dingling,29.0,29.18116859440361
2017-02-12 04:00:00,Dingling,26.0,28.51944465574734
2017-02-12 05:00:00,Dingling,24.0,25.10905465234219
2017-02-12 06:00:00,Dingling,32.0,27.90422000855728
2017-02-12 07:00:00,Dingling,41.0,39.58411484646568
2017-02-12 08:00:00,Dingling,59.0,45.32398711475773
2017-02-12 09:00:00,Dingling,63.0,64.76016151911556
2017-02-12 10:00:00,Dingling,75.0,72.44539521581655
2017-02-12 11:00:00,Dingling,98.0,79.735847622681
2017-02-12 12:00:00,Dingling,106.0,101.62234273724481
2017-02-12 13:00:00,Dingling,84.0,110.36615665159209
2017-02-12 14:00:00,Dingling,61.0,81.86156357864982
2017-02-12 15:00:00,Dingling,55.0,57.079253653863795
2017-02-12 16:00:00,Dingling,67.0,57.41234207466512
2017-02-12 17:00:00,Dingling,71.0,79.10400473118945
2017-02-12 18:00:00,Dingling,75.0,83.75136757648379
2017-02-12 19:00:00,Dingling,91.0,90.52180480671475
2017-02-12 20:00:00,Dingling,89.0,103.78046731358444
2017-02-12 21:00:00,Dingling,85.0,95.11790631559312
2017-02-12 22:00:00,Dingling,92.0,88.99076464047222
2017-02-12 23:00:00,Dingling,109.0,95.87267413747519
2017-02-13 00:00:00,Dingling,80.0,107.54666428593075
2017-02-13 01:00:00,Dingling,69.0,70.83164898501855
2017-02-13 02:00:00,Dingling,51.0,71.08657344102373
2017-02-13 03:00:00,Dingling,43.0,50.01506149454514
2017-02-13 04:00:00,Dingling,35.0,41.407363638144496
2017-02-13 05:00:00,Dingling,29.0,40.98300337494274
2017-02-13 06:00:00,Dingling,13.0,32.525689283767754
2017-02-13 07:00:00,Dingling,13.0,15.433701089752223
2017-02-13 08:00:00,Dingling,28.0,16.740381289364567
2017-02-13 09:00:00,Dingling,26.0,30.648774163455005
2017-02-13 10:00:00,Dingling,24.0,28.373660079821505
2017-02-13 11:00:00,Dingling,25.0,28.391178537045104
2017-02-13 12:00:00,Dingling,14.0,24.16807000611506
2017-02-13 13:00:00,Dingling,15.0,14.404499572862967
2017-02-13 14:00:00,Dingling,13.0,14.481047522440482
2017-02-13 15:00:00,Dingling,17.0,16.218832388719502
2017-02-13 16:00:00,Dingling,20.0,21.089482560504123
2017-02-13 17:00:00,Dingling,21.0,25.32601359833932
2017-02-13 18:00:00,Dingling,27.0,23.778057799791444
2017-02-13 19:00:00,Dingling,36.0,32.18514045060906
2017-02-13 20:00:00,Dingling,59.0,45.45184947607844
2017-02-13 21:00:00,Dingling,43.0,70.92904065537668
2017-02-13 22:00:00,Dingling,55.0,52.72662140493514
2017-02-13 23:00:00,Dingling,57.0,70.32273685394344
2017-02-14 00:00:00,Dingling,75.0,67.49752492668901
2017-02-14 01:00:00,Dingling,68.0,91.49372642067571
2017-02-14 02:00:00,Dingling,71.0,72.25145379546883
2017-02-14 03:00:00,Dingling,92.0,63.96879503757062
2017-02-14 04:00:00,Dingling,102.0,95.66637094399033
2017-02-14 05:00:00,Dingling,101.0,101.91215696115742
2017-02-14 06:00:00,Dingling,115.0,99.87950988149258
2017-02-14 07:00:00,Dingling,117.0,117.2424641632663
2017-02-14 08:00:00,Dingling,146.0,118.90703613977414
2017-02-14 09:00:00,Dingling,156.0,154.8873734918843
2017-02-14 10:00:00,Dingling,160.0,162.9815523440169
2017-02-14 11:00:00,Dingling,167.0,171.63060690798895
2017-02-14 12:00:00,Dingling,194.0,175.8096003647113
2017-02-14 13:00:00,Dingling,179.0,213.9469205561279
2017-02-14 14:00:00,Dingling,191.0,199.30415091963937
2017-02-14 15:00:00,Dingling,193.0,189.82407083742078
2017-02-14 16:00:00,Dingling,204.0,193.3445480805043
2017-02-14 17:00:00,Dingling,224.0,210.81630591005685
2017-02-14 18:00:00,Dingling,222.0,231.22208486274235
2017-02-14 19:00:00,Dingling,223.0,224.29998274337098
2017-02-14 20:00:00,Dingling,218.0,222.54796472126696
2017-02-14 21:00:00,Dingling,213.0,212.2306651921002
2017-02-14 22:00:00,Dingling,220.0,209.44490432370964
2017-02-14 23:00:00,Dingling,243.0,212.92405924455895
2017-02-15 00:00:00,Dingling,217.0,236.7847953379954
2017-02-15 01:00:00,Dingling,215.0,199.71535234524598
2017-02-15 02:00:00,Dingling,215.0,200.92669973495583
2017-02-15 03:00:00,Dingling,214.0,200.10011472469668
2017-02-15 04:00:00,Dingling,214.0,200.74292032862672
2017-02-15 05:00:00,Dingling,213.0,198.30729878338082
2017-02-15 06:00:00,Dingling,210.0,196.88917656351194
2017-02-15 07:00:00,Dingling,210.0,199.2940088794746
2017-02-15 08:00:00,Dingling,221.0,205.18916074901645
2017-02-15 09:00:00,Dingling,225.0,226.33392597805175
2017-02-15 10:00:00,Dingling,270.0,221.22855011834363
2017-02-15 11:00:00,Dingling,271.0,271.79165106714527
2017-02-15 12:00:00,Dingling,213.0,272.08446820939486
2017-02-15 13:00:00,Dingling,189.0,207.511512602478
2017-02-15 14:00:00,Dingling,212.0,193.01018219774465
2017-02-15 15:00:00,Dingling,217.0,220.35727744273586
2017-02-15 16:00:00,Dingling,236.0,219.53686774208245
2017-02-15 17:00:00,Dingling,244.0,237.14290373367845
2017-02-15 18:00:00,Dingling,244.0,251.43675789962415
2017-02-15 19:00:00,Dingling,245.0,251.9058110187925
2017-02-15 20:00:00,Dingling,249.0,245.0268022089095
2017-02-15 21:00:00,Dingling,267.0,247.39167409651236
2017-02-15 22:00:00,Dingling,268.0,267.21073570415695
2017-02-15 23:00:00,Dingling,251.0,259.74512952022434
2017-02-16 00:00:00,Dingling,249.0,249.6380130611625
2017-02-16 01:00:00,Dingling,265.0,246.2545912385331
2017-02-16 02:00:00,Dingling,265.0,263.2794029578052
2017-02-16 03:00:00,Dingling,253.0,254.38112250421779
2017-02-16 04:00:00,Dingling,247.0,239.37079074456142
2017-02-16 05:00:00,Dingling,174.0,222.3337598644858
2017-02-16 06:00:00,Dingling,130.0,149.3537335586049
2017-02-16 07:00:00,Dingling,22.0,111.06131803277597
2017-02-16 08:00:00,Dingling,13.0,20.622523678798167
2017-02-16 09:00:00,Dingling,3.0,16.842256896259677
2017-02-16 10:00:00,Dingling,6.0,11.494942497501816
2017-02-16 11:00:00,Dingling,10.0,12.387840063356405
2017-02-16 12:00:00,Dingling,11.0,13.911427062020719
2017-02-16 13:00:00,Dingling,17.0,13.19926802118778
2017-02-16 14:00:00,Dingling,13.0,18.758435779924486
2017-02-16 15:00:00,Dingling,3.0,12.40911487245772
2017-02-16 16:00:00,Dingling,9.0,7.7821619989928985
2017-02-16 17:00:00,Dingling,10.0,9.217318277901667
2017-02-16 18:00:00,Dingling,5.0,10.021023526521084
2017-02-16 19:00:00,Dingling,4.0,7.1656786299732635
2017-02-16 20:00:00,Dingling,5.0,7.071030988228834
2017-02-16 21:00:00,Dingling,3.0,6.295878707742433
2017-02-16 22:00:00,Dingling,8.0,5.6047211138292905
2017-02-16 23:00:00,Dingling,8.0,6.266626912894598
2017-02-17 00:00:00,Dingling,4.0,7.672057426618613
2017-02-17 01:00:00,Dingling,9.0,6.773951630698168
2017-02-17 02:00:00,Dingling,10.0,8.02827394870687
2017-02-17 03:00:00,Dingling,11.0,9.478707625034525
2017-02-17 04:00:00,Dingling,4.0,10.824762280923455
2017-02-17 05:00:00,Dingling,6.0,7.78451601776515
2017-02-17 06:00:00,Dingling,6.0,8.706743895473192
2017-02-17 07:00:00,Dingling,11.0,9.156509552464064
2017-02-17 08:00:00,Dingling,10.0,9.342788497087458
2017-02-17 09:00:00,Dingling,9.0,11.089801251341378
2017-02-17 10:00:00,Dingling,8.0,10.571744827634745
2017-02-17 11:00:00,Dingling,9.0,10.311003289186532
2017-02-17 12:00:00,Dingling,12.0,10.019297901622723
2017-02-17 13:00:00,Dingling,6.0,9.767519604207136
2017-02-17 14:00:00,Dingling,11.0,9.83953618822734
2017-02-17 15:00:00,Dingling,15.0,11.868291875085413
2017-02-17 16:00:00,Dingling,23.0,16.804480885257252
2017-02-17 17:00:00,Dingling,25.0,24.899713053155917
2017-02-17 18:00:00,Dingling,30.0,28.79946560911893
2017-02-17 19:00:00,Dingling,39.0,41.3580557964087
2017-02-17 20:00:00,Dingling,50.0,48.29251165495655
2017-02-17 21:00:00,Dingling,46.0,49.52449619778568
2017-02-17 22:00:00,Dingling,51.0,48.68930753928082
2017-02-17 23:00:00,Dingling,42.0,54.08123173653212
2017-02-18 00:00:00,Dingling,46.0,42.86090845285242
2017-02-18 01:00:00,Dingling,53.0,47.41630910843077
2017-02-18 02:00:00,Dingling,62.0,54.769008635430204
2017-02-18 03:00:00,Dingling,53.0,59.014870942871525
2017-02-18 04:00:00,Dingling,45.0,51.885072096997106
2017-02-18 05:00:00,Dingling,45.0,46.430308095012386
2017-02-18 06:00:00,Dingling,48.0,47.412837519716085
2017-02-18 07:00:00,Dingling,54.0,50.55610095865652
2017-02-18 08:00:00,Dingling,52.0,59.99734799492964
2017-02-18 09:00:00,Dingling,57.0,58.25178506510451
2017-02-18 10:00:00,Dingling,66.0,69.89220416310012
2017-02-18 11:00:00,Dingling,75.0,69.12875883356779
2017-02-18 12:00:00,Dingling,35.0,77.07569320689404
2017-02-18 13:00:00,Dingling,52.0,30.601046994132453
2017-02-18 14:00:00,Dingling,60.0,57.273925166317056
2017-02-18 15:00:00,Dingling,70.0,67.80031653494804
2017-02-18 16:00:00,Dingling,94.0,76.76745915378216
2017-02-18 17:00:00,Dingling,98.0,102.01567841479039
2017-02-18 18:00:00,Dingling,122.0,116.80774316626717
2017-02-18 19:00:00,Dingling,99.0,133.86431657729344
2017-02-18 20:00:00,Dingling,108.0,100.88468380028493
2017-02-18 21:00:00,Dingling,113.0,109.82545539121963
2017-02-18 22:00:00,Dingling,101.0,112.62013520604245
2017-02-18 23:00:00,Dingling,95.0,100.12718485716377
2017-02-19 00:00:00,Dingling,111.0,95.04283911278502
2017-02-19 01:00:00,Dingling,112.0,112.67823293917604
2017-02-19 02:00:00,Dingling,118.0,112.18325951387142
2017-02-19 03:00:00,Dingling,115.0,120.75867001774532
2017-02-19 04:00:00,Dingling,119.0,114.15580086705953
2017-02-19 05:00:00,Dingling,118.0,120.75126869202533
2017-02-19 06:00:00,Dingling,127.0,119.31275511675493
2017-02-19 07:00:00,Dingling,130.0,128.1192724536421
2017-02-19 08:00:00,Dingling,142.0,138.63410721281292
2017-02-19 09:00:00,Dingling,151.0,150.4853542466284
2017-02-19 10:00:00,Dingling,151.0,154.94605625343058
2017-02-19 11:00:00,Dingling,171.0,157.60753235501636
2017-02-19 12:00:00,Dingling,175.0,182.91509993449432
2017-02-19 13:00:00,Dingling,34.0,186.3932373669741
2017-02-19 14:00:00,Dingling,10.0,22.838101341446418
2017-02-19 15:00:00,Dingling,7.0,8.426773049950436
2017-02-19 16:00:00,Dingling,5.0,8.682585028677877
2017-02-19 17:00:00,Dingling,7.0,8.243310207742974
2017-02-19 18:00:00,Dingling,8.0,8.60598063055936
2017-02-19 19:00:00,Dingling,11.0,9.807217597562444
2017-02-19 20:00:00,Dingling,7.0,11.030723247103301
2017-02-19 21:00:00,Dingling,7.0,8.428561634609059
2017-02-19 22:00:00,Dingling,5.0,7.105312363618704
2017-02-19 23:00:00,Dingling,9.0,6.518326746251655
2017-02-20 00:00:00,Dingling,4.0,7.64701098874001
2017-02-20 01:00:00,Dingling,12.0,7.0509329286810924
2017-02-20 02:00:00,Dingling,5.0,10.767917649344009
2017-02-20 03:00:00,Dingling,3.0,8.879695828246545
2017-02-20 04:00:00,Dingling,3.0,7.508316421491696
2017-02-20 05:00:00,Dingling,8.0,8.343525387489809
2017-02-20 06:00:00,Dingling,3.0,8.827958039021086
2017-02-20 07:00:00,Dingling,5.0,9.22982590807663
2017-02-20 08:00:00,Dingling,6.0,7.911142057054977
2017-02-20 09:00:00,Dingling,7.0,5.759764832658192
2017-02-20 10:00:00,Dingling,11.0,5.831406351642648
2017-02-20 11:00:00,Dingling,13.0,11.201972061546266
2017-02-20 12:00:00,Dingling,8.0,13.880310572544955
2017-02-20 13:00:00,Dingling,13.0,11.139122800038296
2017-02-20 16:00:00,Dingling,12.0,15.269453944371023
2017-02-20 18:00:00,Dingling,19.0,40.768185011995925
2017-02-20 19:00:00,Dingling,20.0,14.248831807047077
2017-02-20 20:00:00,Dingling,15.0,24.1187574128223
2017-02-20 21:00:00,Dingling,19.0,14.119488187365393
2017-02-20 22:00:00,Dingling,33.0,22.883099473597223
2017-02-20 23:00:00,Dingling,48.0,35.922831304244255
2017-02-21 00:00:00,Dingling,51.0,45.269790384344
2017-02-21 01:00:00,Dingling,36.0,54.38262780090233
2017-02-21 02:00:00,Dingling,36.0,33.65619965697571
2017-02-21 03:00:00,Dingling,30.0,38.88297220145553
2017-02-21 04:00:00,Dingling,29.0,28.940961324974257
2017-02-21 05:00:00,Dingling,28.0,30.491576812529182
2017-02-21 06:00:00,Dingling,15.0,31.1748503642679
2017-02-21 07:00:00,Dingling,36.0,25.04938247067914
2017-02-21 08:00:00,Dingling,61.0,44.26140776033842
2017-02-21 09:00:00,Dingling,65.0,70.5038926147991
2017-02-21 11:00:00,Dingling,62.0,57.09089042899217
2017-02-21 13:00:00,Dingling,85.0,78.07587699947142
2017-02-21 14:00:00,Dingling,103.0,101.96016454767604
2017-02-21 15:00:00,Dingling,107.0,108.27833183804633
2017-02-21 16:00:00,Dingling,110.0,114.019320292899
2017-02-21 17:00:00,Dingling,110.0,118.32243561003541
2017-02-21 18:00:00,Dingling,101.0,119.16373398464498
2017-02-21 19:00:00,Dingling,88.0,108.08289566218194
2017-02-21 20:00:00,Dingling,85.0,90.75950092957648
2017-02-21 21:00:00,Dingling,79.0,89.16589051270653
2017-02-21 22:00:00,Dingling,78.0,85.6418506280977
2017-02-21 23:00:00,Dingling,81.0,87.60701464804136
2017-02-22 00:00:00,Dingling,82.0,81.37475104436015
2017-02-22 01:00:00,Dingling,81.0,82.06195126030399
2017-02-22 02:00:00,Dingling,84.0,81.23291485797978
2017-02-22 03:00:00,Dingling,82.0,84.06688589051824
2017-02-22 04:00:00,Dingling,80.0,79.84221310318013
2017-02-22 05:00:00,Dingling,87.0,89.75739686679644
2017-02-22 06:00:00,Dingling,102.0,79.48006301439338
2017-02-22 07:00:00,Dingling,117.0,98.26477968569988
2017-02-22 08:00:00,Dingling,134.0,117.44343809909196
2017-02-22 09:00:00,Dingling,135.0,147.89893981557384
2017-02-22 10:00:00,Dingling,139.0,153.89991858517058
2017-02-22 11:00:00,Dingling,154.0,150.75780820110916
2017-02-22 12:00:00,Dingling,171.0,173.3456437075977
2017-02-22 13:00:00,Dingling,157.0,177.9698139856262
2017-02-22 14:00:00,Dingling,21.0,168.92943950294665
2017-02-22 15:00:00,Dingling,9.0,9.488148019053517
2017-02-22 16:00:00,Dingling,3.0,5.674255513417064
2017-02-22 17:00:00,Dingling,6.0,10.568952473745128
2017-02-22 18:00:00,Dingling,9.0,11.999475795018123
2017-02-22 19:00:00,Dingling,3.0,13.375223228538287
2017-02-22 20:00:00,Dingling,9.0,11.62572544146258
2017-02-22 21:00:00,Dingling,9.0,12.162667636052992
2017-02-22 22:00:00,Dingling,9.0,13.2746156941062
2017-02-22 23:00:00,Dingling,11.0,12.686261935886076
2017-02-23 00:00:00,Dingling,7.0,11.870704904688147
2017-02-23 01:00:00,Dingling,8.0,10.215056800266247
2017-02-23 02:00:00,Dingling,12.0,10.725006569114269
2017-02-23 03:00:00,Dingling,11.0,12.060798514557161
2017-02-23 04:00:00,Dingling,10.0,11.407490963415798
2017-02-23 05:00:00,Dingling,12.0,10.002204682367607
2017-02-23 06:00:00,Dingling,7.0,11.88519374555211
2017-02-23 07:00:00,Dingling,8.0,9.368413932291213
2017-02-23 08:00:00,Dingling,9.0,9.847318669777676
2017-02-23 09:00:00,Dingling,8.0,12.455143618192377
2017-02-23 10:00:00,Dingling,9.0,14.921190440715984
2017-02-23 11:00:00,Dingling,5.0,14.330949877746058
2017-02-23 12:00:00,Dingling,6.0,9.585598315937297
2017-02-23 13:00:00,Dingling,3.0,8.83185116642417
2017-02-23 14:00:00,Dingling,7.0,9.361549459685559
2017-02-23 15:00:00,Dingling,5.0,9.11195518366621
2017-02-23 16:00:00,Dingling,12.0,9.094858897369448
2017-02-23 17:00:00,Dingling,10.0,14.146560515559646
2017-02-23 18:00:00,Dingling,12.0,14.522499300936122
2017-02-23 19:00:00,Dingling,18.0,18.660436926308545
2017-02-23 20:00:00,Dingling,39.0,27.976728982340322
2017-02-23 21:00:00,Dingling,35.0,43.287205149848724
2017-02-23 22:00:00,Dingling,31.0,38.2300089309495
2017-02-23 23:00:00,Dingling,24.0,39.83101659793223
2017-02-24 00:00:00,Dingling,18.0,31.337793300312043
2017-02-24 01:00:00,Dingling,11.0,22.752932976862454
2017-02-24 02:00:00,Dingling,17.0,16.315691867440457
2017-02-24 03:00:00,Dingling,10.0,19.011726774426535
2017-02-24 04:00:00,Dingling,13.0,14.157695072676992
2017-02-24 05:00:00,Dingling,14.0,16.237399710912506
2017-02-24 06:00:00,Dingling,18.0,18.64155289948051
2017-02-24 07:00:00,Dingling,15.0,22.250858999740977
2017-02-24 08:00:00,Dingling,18.0,19.579118928951083
2017-02-24 09:00:00,Dingling,14.0,20.55051926144922
2017-02-24 10:00:00,Dingling,12.0,20.655583140835564
2017-02-24 11:00:00,Dingling,15.0,17.68875991374878
2017-02-24 12:00:00,Dingling,11.0,19.70111701658723
2017-02-24 13:00:00,Dingling,15.0,14.764644246227103
2017-02-24 14:00:00,Dingling,11.0,21.59003730220941
2017-02-24 15:00:00,Dingling,13.0,17.346616440112793
2017-02-24 16:00:00,Dingling,10.0,19.236342661802404
2017-02-24 17:00:00,Dingling,12.0,18.08547879401666
2017-02-24 18:00:00,Dingling,8.0,18.257725318299723
2017-02-24 19:00:00,Dingling,5.0,13.744778613739769
2017-02-24 20:00:00,Dingling,5.0,13.059201296405648
2017-02-24 21:00:00,Dingling,6.0,13.410135517108118
2017-02-24 22:00:00,Dingling,9.0,15.921492311078381
2017-02-24 23:00:00,Dingling,29.0,15.968217419875595
2017-02-25 00:00:00,Dingling,27.0,35.00761207985571
2017-02-25 01:00:00,Dingling,22.0,32.09349759792191
2017-02-25 02:00:00,Dingling,23.0,25.25839350131163
2017-02-25 03:00:00,Dingling,9.0,26.484087079592292
2017-02-25 04:00:00,Dingling,6.0,21.05078845861632
2017-02-25 05:00:00,Dingling,9.0,12.696252268916142
2017-02-25 06:00:00,Dingling,11.0,10.877678796718056
2017-02-25 07:00:00,Dingling,8.0,15.010377526169128
2017-02-25 08:00:00,Dingling,14.0,11.55435181405871
2017-02-25 09:00:00,Dingling,11.0,16.87453765243896
2017-02-25 10:00:00,Dingling,14.0,14.82347227802868
2017-02-25 11:00:00,Dingling,16.0,16.36015397776772
2017-02-25 12:00:00,Dingling,13.0,21.42990621564733
2017-02-25 13:00:00,Dingling,14.0,18.72209171788673
2017-02-25 14:00:00,Dingling,14.0,19.57017292793362
2017-02-25 15:00:00,Dingling,10.0,20.67867066295642
2017-02-25 16:00:00,Dingling,10.0,14.387915986110102
2017-02-25 17:00:00,Dingling,11.0,15.036933447776981
2017-02-25 18:00:00,Dingling,9.0,15.708914282772518
2017-02-25 19:00:00,Dingling,9.0,14.640608471890829
2017-02-25 20:00:00,Dingling,8.0,13.77016189905925
2017-02-25 21:00:00,Dingling,9.0,13.303678523593279
2017-02-25 22:00:00,Dingling,9.0,14.365990287874398
2017-02-25 23:00:00,Dingling,7.0,17.21209924841563
2017-02-26 00:00:00,Dingling,12.0,14.275962145214862
2017-02-26 01:00:00,Dingling,15.0,16.93021499063296
2017-02-26 02:00:00,Dingling,10.0,19.269215866426315
2017-02-26 03:00:00,Dingling,11.0,14.994073841818576
2017-02-26 04:00:00,Dingling,11.0,13.890470800913002
2017-02-26 05:00:00,Dingling,17.0,13.770680676440335
2017-02-26 06:00:00,Dingling,19.0,19.5966770302882
2017-02-26 07:00:00,Dingling,28.0,24.72764723739659
2017-02-26 08:00:00,Dingling,22.0,35.13651159462365
2017-02-26 09:00:00,Dingling,22.0,26.02311457105916
2017-02-26 10:00:00,Dingling,22.0,27.291224390622936
2017-02-26 11:00:00,Dingling,24.0,28.765107667622864
2017-02-26 12:00:00,Dingling,31.0,31.623065188285793
2017-02-26 13:00:00,Dingling,39.0,38.307357667330066
2017-02-26 14:00:00,Dingling,24.0,45.3764507741914
2017-02-26 15:00:00,Dingling,22.0,32.727639276951486
2017-02-26 16:00:00,Dingling,32.0,30.863111017392416
2017-02-26 17:00:00,Dingling,34.0,43.32614367196289
2017-02-26 18:00:00,Dingling,44.0,46.07134545855908
2017-02-26 19:00:00,Dingling,54.0,52.37743082878922
2017-02-26 20:00:00,Dingling,51.0,66.21559586963869
2017-02-26 21:00:00,Dingling,47.0,56.94449714917507
2017-02-26 22:00:00,Dingling,40.0,56.42705632953139
2017-02-26 23:00:00,Dingling,50.0,45.729701635106814
2017-02-27 00:00:00,Dingling,47.0,54.32530025777216
2017-02-27 01:00:00,Dingling,48.0,49.60844550018397
2017-02-27 02:00:00,Dingling,37.0,53.919836876816206
2017-02-27 03:00:00,Dingling,31.0,40.12723537162453
2017-02-27 04:00:00,Dingling,29.0,33.287526463493776
2017-02-27 05:00:00,Dingling,29.0,28.564901151121514
2017-02-27 06:00:00,Dingling,32.0,33.0556632271942
2017-02-27 07:00:00,Dingling,41.0,33.96910619387156
2017-02-27 08:00:00,Dingling,60.0,48.42765079482063
2017-02-27 09:00:00,Dingling,71.0,71.42463506271743
2017-02-27 10:00:00,Dingling,71.0,79.04518394490557
2017-02-27 11:00:00,Dingling,74.0,73.02311388196816
2017-02-27 12:00:00,Dingling,69.0,81.29229727940277
2017-02-27 13:00:00,Dingling,61.0,70.66687841331067
2017-02-27 14:00:00,Dingling,55.0,61.63419492625506
2017-02-27 15:00:00,Dingling,62.0,60.80211941948212
2017-02-27 16:00:00,Dingling,64.0,70.91129351423868
2017-02-27 17:00:00,Dingling,78.0,72.97063585583396
2017-02-27 18:00:00,Dingling,89.0,91.35719806724006
2017-02-27 19:00:00,Dingling,86.0,98.27558495168755
2017-02-27 20:00:00,Dingling,55.0,92.44903571214336
2017-02-27 21:00:00,Dingling,8.0,43.21809055606975
2017-02-27 22:00:00,Dingling,9.0,9.947539515392794
2017-02-27 23:00:00,Dingling,3.0,11.454459587229227
2017-02-28 00:00:00,Dingling,9.0,12.585384562230857
2017-02-28 01:00:00,Dingling,8.0,13.233441046879452
2017-02-28 02:00:00,Dingling,19.0,19.6781602136834
2017-02-28 03:00:00,Dingling,19.0,21.465581894178985
2017-02-28 04:00:00,Dingling,14.0,22.44429706965215
2017-02-28 05:00:00,Dingling,13.0,18.764395736083635
2017-02-28 06:00:00,Dingling,18.0,18.994689709559072
2017-02-28 07:00:00,Dingling,25.0,24.746320215950387
2017-02-28 08:00:00,Dingling,37.0,34.325146901453635
2017-02-28 09:00:00,Dingling,12.0,40.3097496840914
2017-02-28 10:00:00,Dingling,8.0,19.478519110770698
2017-02-28 11:00:00,Dingling,5.0,14.933458844210929
2017-02-28 12:00:00,Dingling,8.0,15.395733223197336
2017-02-28 13:00:00,Dingling,10.0,15.092505249960146
2017-02-28 14:00:00,Dingling,16.0,16.286800915791506
2017-02-28 15:00:00,Dingling,14.0,20.74961689657866
2017-02-28 16:00:00,Dingling,15.0,21.465182713351098
2017-02-28 17:00:00,Dingling,6.0,21.359604714835186
2017-02-28 18:00:00,Dingling,11.0,15.275484912573571
2017-02-28 19:00:00,Dingling,13.0,15.40121810913434
2017-02-28 20:00:00,Dingling,9.0,12.980898709145212
2017-02-28 21:00:00,Dingling,10.0,13.27551084601189
2017-02-28 22:00:00,Dingling,13.0,15.207460550084152
2017-01-01 00:00:00,Dongsi,492.0,466.0493937596135
2017-01-01 01:00:00,Dongsi,447.0,464.4141392579722
2017-01-01 02:00:00,Dongsi,416.0,396.68831263896533
2017-01-01 03:00:00,Dongsi,400.0,340.53058226075154
2017-01-01 04:00:00,Dongsi,413.0,371.4520193155141
2017-01-01 05:00:00,Dongsi,407.0,376.632806204835
2017-01-01 06:00:00,Dongsi,423.0,382.5566623486096
2017-01-01 07:00:00,Dongsi,442.0,388.5611335995829
2017-01-01 08:00:00,Dongsi,470.0,466.11558398043303
2017-01-01 09:00:00,Dongsi,477.0,472.42731185440573
2017-01-01 10:00:00,Dongsi,484.0,512.6124431876218
2017-01-01 11:00:00,Dongsi,488.0,529.2201282862279
2017-01-01 12:00:00,Dongsi,572.0,532.8140391861783
2017-01-01 13:00:00,Dongsi,580.0,566.7308169804323
2017-01-01 14:00:00,Dongsi,589.0,557.3249728106932
2017-01-01 15:00:00,Dongsi,573.0,535.4500773504697
2017-01-01 16:00:00,Dongsi,563.0,521.997950359635
2017-01-01 17:00:00,Dongsi,533.0,491.776399927953
2017-01-01 18:00:00,Dongsi,514.0,542.4247064823609
2017-01-01 19:00:00,Dongsi,488.0,510.9444399644838
2017-01-01 20:00:00,Dongsi,481.0,488.0576923576194
2017-01-01 21:00:00,Dongsi,469.0,477.3483849755091
2017-01-01 22:00:00,Dongsi,470.0,505.03316858620417
2017-01-01 23:00:00,Dongsi,458.0,515.1517266756922
2017-01-02 00:00:00,Dongsi,477.0,528.6350647422472
2017-01-02 01:00:00,Dongsi,467.0,536.2938539802589
2017-01-02 02:00:00,Dongsi,405.0,510.6202478669645
2017-01-02 03:00:00,Dongsi,204.0,356.802300793402
2017-01-02 04:00:00,Dongsi,118.0,146.14175749476112
2017-01-02 05:00:00,Dongsi,72.0,93.3579862463082
2017-01-02 06:00:00,Dongsi,57.0,65.79445911483724
2017-01-02 07:00:00,Dongsi,23.0,60.658495086548854
2017-01-02 08:00:00,Dongsi,24.0,27.247355194119365
2017-01-02 09:00:00,Dongsi,17.0,32.30434360102951
2017-01-02 10:00:00,Dongsi,20.0,29.173245256812073
2017-01-02 11:00:00,Dongsi,288.0,29.44459228745668
2017-01-02 12:00:00,Dongsi,275.0,302.7315967777876
2017-01-02 13:00:00,Dongsi,267.0,236.3093900645073
2017-01-02 14:00:00,Dongsi,291.0,237.8780434784519
2017-01-02 15:00:00,Dongsi,267.0,284.01577530250574
2017-01-02 16:00:00,Dongsi,251.0,248.01912006171955
2017-01-02 17:00:00,Dongsi,191.0,255.94809121791278
2017-01-02 18:00:00,Dongsi,187.0,140.88248329007382
2017-01-02 19:00:00,Dongsi,164.0,182.69661386066164
2017-01-02 20:00:00,Dongsi,165.0,158.94262572375965
2017-01-02 21:00:00,Dongsi,238.0,172.21735914988687
2017-01-02 22:00:00,Dongsi,256.0,240.29593500323895
2017-01-02 23:00:00,Dongsi,262.0,241.0040018281123
2017-01-03 00:00:00,Dongsi,280.0,245.88988275762992
2017-01-03 01:00:00,Dongsi,270.0,260.36442144588733
2017-01-03 02:00:00,Dongsi,309.0,240.89904216519759
2017-01-03 03:00:00,Dongsi,340.0,301.8209681648355
2017-01-03 04:00:00,Dongsi,353.0,325.91876914103375
2017-01-03 05:00:00,Dongsi,362.0,357.30652815705366
2017-01-03 06:00:00,Dongsi,352.0,353.49093042633234
2017-01-03 07:00:00,Dongsi,281.0,336.515281595406
2017-01-03 08:00:00,Dongsi,263.0,241.32002700066485
2017-01-03 09:00:00,Dongsi,207.0,255.02324035607
2017-01-03 10:00:00,Dongsi,229.0,202.23858133848674
2017-01-03 11:00:00,Dongsi,242.0,210.99356891745353
2017-01-03 12:00:00,Dongsi,240.0,245.05674395972048
2017-01-03 13:00:00,Dongsi,242.0,244.73917063342748
2017-01-03 14:00:00,Dongsi,283.0,247.88541011417598
2017-01-03 15:00:00,Dongsi,364.0,310.73884061805387
2017-01-03 16:00:00,Dongsi,341.0,372.7255148273855
2017-01-03 17:00:00,Dongsi,405.0,360.4285994561914
2017-01-03 18:00:00,Dongsi,488.0,449.15947442760097
2017-01-03 19:00:00,Dongsi,544.0,547.113232838685
2017-01-03 20:00:00,Dongsi,572.0,547.7568645881798
2017-01-03 21:00:00,Dongsi,584.0,556.8723225293128
2017-01-03 22:00:00,Dongsi,599.0,527.76527203699
2017-01-03 23:00:00,Dongsi,615.0,506.89805885068057
2017-01-04 00:00:00,Dongsi,662.0,504.07656204926315
2017-01-04 01:00:00,Dongsi,654.0,493.7448815306058
2017-01-04 02:00:00,Dongsi,663.0,488.33862935467533
2017-01-04 03:00:00,Dongsi,620.0,491.7993260320494
2017-01-04 04:00:00,Dongsi,598.0,501.974752612346
2017-01-04 05:00:00,Dongsi,540.0,499.5907296067002
2017-01-04 06:00:00,Dongsi,399.0,491.94510192810276
2017-01-04 07:00:00,Dongsi,272.0,378.4458224877436
2017-01-04 08:00:00,Dongsi,252.0,213.3684529643474
2017-01-04 09:00:00,Dongsi,242.0,279.52819106525715
2017-01-04 10:00:00,Dongsi,159.0,262.9010047792895
2017-01-04 11:00:00,Dongsi,207.0,112.39173716738878
2017-01-04 12:00:00,Dongsi,254.0,214.60403932931848
2017-01-04 13:00:00,Dongsi,3.0,264.1954539434432
2017-01-04 14:00:00,Dongsi,3.0,82.73629218630607
2017-01-04 15:00:00,Dongsi,233.0,139.85001566214498
2017-01-04 16:00:00,Dongsi,385.0,357.1721723306841
2017-01-04 17:00:00,Dongsi,365.0,373.1103272917294
2017-01-04 18:00:00,Dongsi,363.0,372.17694558931186
2017-01-04 19:00:00,Dongsi,380.0,388.91687023362107
2017-01-04 20:00:00,Dongsi,395.0,400.75586846297455
2017-01-04 21:00:00,Dongsi,405.0,396.3703712025009
2017-01-04 22:00:00,Dongsi,351.0,367.16332722819203
2017-01-04 23:00:00,Dongsi,234.0,353.6952606569369
2017-01-05 00:00:00,Dongsi,175.0,173.66624678149267
2017-01-05 01:00:00,Dongsi,167.0,162.97525049176372
2017-01-05 02:00:00,Dongsi,180.0,175.41063316006696
2017-01-05 03:00:00,Dongsi,228.0,193.7926046219611
2017-01-05 04:00:00,Dongsi,254.0,241.60349328371944
2017-01-05 05:00:00,Dongsi,325.0,256.05504404205834
2017-01-05 06:00:00,Dongsi,311.0,345.7570264431772
2017-01-05 07:00:00,Dongsi,286.0,326.71365027887737
2017-01-05 08:00:00,Dongsi,285.0,294.58464422777604
2017-01-05 09:00:00,Dongsi,287.0,303.59247018916136
2017-01-05 10:00:00,Dongsi,277.0,304.7457187233173
2017-01-05 11:00:00,Dongsi,249.0,293.73156867111453
2017-01-05 12:00:00,Dongsi,209.0,260.70570914725073
2017-01-05 13:00:00,Dongsi,192.0,213.28311053932237
2017-01-05 14:00:00,Dongsi,180.0,205.20899469400845
2017-01-05 15:00:00,Dongsi,178.0,193.33876432931024
2017-01-05 16:00:00,Dongsi,200.0,193.39000157915237
2017-01-05 17:00:00,Dongsi,207.0,220.71834107546312
2017-01-05 18:00:00,Dongsi,215.0,226.16982102618272
2017-01-05 19:00:00,Dongsi,217.0,224.532664572397
2017-01-05 20:00:00,Dongsi,221.0,222.6748529330803
2017-01-05 21:00:00,Dongsi,219.0,233.64376405713327
2017-01-05 22:00:00,Dongsi,199.0,219.83373239309077
2017-01-05 23:00:00,Dongsi,201.0,194.45435859073072
2017-01-06 00:00:00,Dongsi,219.0,205.64258880437774
2017-01-06 01:00:00,Dongsi,213.0,211.4739241028783
2017-01-06 02:00:00,Dongsi,216.0,217.192255825889
2017-01-06 03:00:00,Dongsi,200.0,221.23074932554144
2017-01-06 04:00:00,Dongsi,193.0,194.32969024301593
2017-01-06 05:00:00,Dongsi,206.0,193.11725879798695
2017-01-06 06:00:00,Dongsi,222.0,205.6686085363142
2017-01-06 07:00:00,Dongsi,207.0,222.6994223894803
2017-01-06 08:00:00,Dongsi,175.0,208.05991911520874
2017-01-06 09:00:00,Dongsi,184.0,184.27487349529105
2017-01-06 10:00:00,Dongsi,207.0,198.00786314046127
2017-01-06 11:00:00,Dongsi,237.0,231.1604651447661
2017-01-06 12:00:00,Dongsi,224.0,259.74295975117906
2017-01-06 13:00:00,Dongsi,233.0,238.1195761878057
2017-01-06 14:00:00,Dongsi,245.0,241.5673602948635
2017-01-06 15:00:00,Dongsi,247.0,255.99306176240532
2017-01-06 16:00:00,Dongsi,244.0,253.64251268368392
2017-01-06 17:00:00,Dongsi,236.0,262.63822638978974
2017-01-06 18:00:00,Dongsi,234.0,267.0168463747351
2017-01-06 19:00:00,Dongsi,242.0,245.76452573069477
2017-01-06 20:00:00,Dongsi,231.0,251.38187775908648
2017-01-06 21:00:00,Dongsi,232.0,250.58018100728597
2017-01-06 22:00:00,Dongsi,233.0,252.31326681931873
2017-01-06 23:00:00,Dongsi,260.0,248.07734003090138
2017-01-07 00:00:00,Dongsi,265.0,278.00165276624756
2017-01-07 01:00:00,Dongsi,245.0,268.83715599636207
2017-01-07 02:00:00,Dongsi,217.0,244.5264699415775
2017-01-07 03:00:00,Dongsi,238.0,211.32242374792344
2017-01-07 04:00:00,Dongsi,248.0,243.70700075574155
2017-01-07 05:00:00,Dongsi,223.0,242.01286557143206
2017-01-07 06:00:00,Dongsi,214.0,221.00916813306753
2017-01-07 07:00:00,Dongsi,208.0,213.4475517418375
2017-01-07 08:00:00,Dongsi,201.0,212.52586945261845
2017-01-07 09:00:00,Dongsi,150.0,209.29780424049113
2017-01-07 10:00:00,Dongsi,161.0,137.22787238087614
2017-01-07 11:00:00,Dongsi,189.0,173.3937469004055
2017-01-07 12:00:00,Dongsi,197.0,208.4431417834092
2017-01-07 13:00:00,Dongsi,162.0,210.85432096025013
2017-01-07 14:00:00,Dongsi,107.0,159.52075414695486
2017-01-07 15:00:00,Dongsi,102.0,108.54439385876566
2017-01-07 16:00:00,Dongsi,113.0,120.79249967683717
2017-01-07 17:00:00,Dongsi,119.0,135.0501833605603
2017-01-07 18:00:00,Dongsi,122.0,134.0143113337583
2017-01-07 19:00:00,Dongsi,127.0,144.5736609743616
2017-01-07 20:00:00,Dongsi,119.0,145.40687781274596
2017-01-07 21:00:00,Dongsi,139.0,131.21689674039536
2017-01-07 22:00:00,Dongsi,209.0,172.7238239115175
2017-01-07 23:00:00,Dongsi,210.0,230.9243534091644
2017-01-08 00:00:00,Dongsi,117.0,188.20473750397866
2017-01-08 01:00:00,Dongsi,34.0,89.03542196651368
2017-01-08 02:00:00,Dongsi,24.0,19.180539876931622
2017-01-08 03:00:00,Dongsi,22.0,26.331123808048204
2017-01-08 04:00:00,Dongsi,21.0,22.936530578508986
2017-01-08 05:00:00,Dongsi,17.0,23.704170052362894
2017-01-08 06:00:00,Dongsi,17.0,20.45263703773801
2017-01-08 07:00:00,Dongsi,18.0,20.41945252319454
2017-01-08 08:00:00,Dongsi,20.0,21.66131167853692
2017-01-08 09:00:00,Dongsi,22.0,22.438419306018133
2017-01-08 10:00:00,Dongsi,25.0,24.001266014086212
2017-01-08 11:00:00,Dongsi,31.0,26.308879637718892
2017-01-08 12:00:00,Dongsi,25.0,32.64107775525115
2017-01-08 13:00:00,Dongsi,23.0,27.025165921521598
2017-01-08 14:00:00,Dongsi,23.0,26.486276994827303
2017-01-08 15:00:00,Dongsi,21.0,26.252538504625477
2017-01-08 16:00:00,Dongsi,17.0,25.781502717225614
2017-01-08 17:00:00,Dongsi,17.0,23.222612086667983
2017-01-08 18:00:00,Dongsi,19.0,21.56137896823968
2017-01-08 19:00:00,Dongsi,17.0,22.41695403940784
2017-01-08 20:00:00,Dongsi,18.0,20.228109143619992
2017-01-08 21:00:00,Dongsi,14.0,21.044329441072804
2017-01-08 22:00:00,Dongsi,13.0,16.91715272118231
2017-01-08 23:00:00,Dongsi,13.0,16.05719466283769
2017-01-09 00:00:00,Dongsi,11.0,15.883745138872158
2017-01-09 01:00:00,Dongsi,10.0,14.01772270315881
2017-01-09 02:00:00,Dongsi,14.0,14.54836576182247
2017-01-09 03:00:00,Dongsi,11.0,16.55856453217196
2017-01-09 04:00:00,Dongsi,8.0,15.34586599274217
2017-01-09 05:00:00,Dongsi,9.0,8.756002874962848
2017-01-09 06:00:00,Dongsi,8.0,8.313696363416588
2017-01-09 07:00:00,Dongsi,10.0,9.40072166983245
2017-01-09 08:00:00,Dongsi,9.0,12.084602738730739
2017-01-09 09:00:00,Dongsi,15.0,10.014811890980127
2017-01-09 10:00:00,Dongsi,15.0,13.132635307948187
2017-01-09 11:00:00,Dongsi,15.0,14.951075502506557
2017-01-09 12:00:00,Dongsi,17.0,17.23066956733347
2017-01-09 13:00:00,Dongsi,18.0,22.634652848368795
2017-01-09 14:00:00,Dongsi,21.0,23.24127033623688
2017-01-09 15:00:00,Dongsi,40.0,28.249154396663084
2017-01-09 16:00:00,Dongsi,46.0,50.38442414260296
2017-01-09 17:00:00,Dongsi,53.0,59.07421536312555
2017-01-09 18:00:00,Dongsi,71.0,75.2060092418068
2017-01-09 19:00:00,Dongsi,99.0,91.8061316957975
2017-01-09 20:00:00,Dongsi,142.0,106.45654944421801
2017-01-09 21:00:00,Dongsi,158.0,147.4511705311933
2017-01-09 22:00:00,Dongsi,163.0,118.72433232067075
2017-01-09 23:00:00,Dongsi,96.0,133.7410003688585
2017-01-10 00:00:00,Dongsi,70.0,78.49092205542068
2017-01-10 01:00:00,Dongsi,17.0,40.661380400437444
2017-01-10 02:00:00,Dongsi,8.0,10.194860622668356
2017-01-10 03:00:00,Dongsi,6.0,8.734607720268906
2017-01-10 04:00:00,Dongsi,6.0,4.696370270611292
2017-01-10 05:00:00,Dongsi,7.0,4.9576153419340026
2017-01-10 06:00:00,Dongsi,6.0,7.906537613953325
2017-01-10 07:00:00,Dongsi,7.0,7.329706167026527
2017-01-10 08:00:00,Dongsi,8.0,28.078375099280848
2017-01-10 09:00:00,Dongsi,6.0,11.695593493399484
2017-01-10 10:00:00,Dongsi,7.0,7.781172931021355
2017-01-10 11:00:00,Dongsi,8.0,7.505136058348822
2017-01-10 12:00:00,Dongsi,5.0,7.513772737556373
2017-01-10 13:00:00,Dongsi,3.0,6.501348880128677
2017-01-10 14:00:00,Dongsi,7.0,6.903430774590288
2017-01-10 15:00:00,Dongsi,7.0,11.811596942428801
2017-01-10 16:00:00,Dongsi,9.0,13.105514427637981
2017-01-10 17:00:00,Dongsi,15.0,16.142093347370498
2017-01-10 18:00:00,Dongsi,69.0,40.46419182611355
2017-01-10 19:00:00,Dongsi,88.0,70.56570512775757
2017-01-10 20:00:00,Dongsi,96.0,107.962475853762
2017-01-10 21:00:00,Dongsi,93.0,105.49928471017596
2017-01-10 22:00:00,Dongsi,93.0,101.14916991198628
2017-01-10 23:00:00,Dongsi,90.0,99.35236263343116
2017-01-11 00:00:00,Dongsi,90.0,96.00705591234887
2017-01-11 01:00:00,Dongsi,98.0,96.59149080554151
2017-01-11 02:00:00,Dongsi,109.0,101.07511811589441
2017-01-11 03:00:00,Dongsi,106.0,110.66766884088248
2017-01-11 04:00:00,Dongsi,113.0,105.91322168064853
2017-01-11 05:00:00,Dongsi,110.0,112.80021838821736
2017-01-11 06:00:00,Dongsi,90.0,107.10046879890866
2017-01-11 07:00:00,Dongsi,45.0,86.73103384966946
2017-01-11 08:00:00,Dongsi,56.0,50.87467657838971
2017-01-11 09:00:00,Dongsi,51.0,71.91382534602414
2017-01-11 10:00:00,Dongsi,60.0,63.271138443356286
2017-01-11 11:00:00,Dongsi,72.0,77.56575589184531
2017-01-11 12:00:00,Dongsi,70.0,84.45778871017706
2017-01-11 13:00:00,Dongsi,54.0,75.1980024348732
2017-01-11 14:00:00,Dongsi,52.0,61.033964427437276
2017-01-11 15:00:00,Dongsi,80.0,62.694518114992384
2017-01-11 16:00:00,Dongsi,107.0,105.24508977479492
2017-01-11 17:00:00,Dongsi,118.0,128.63660377989885
2017-01-11 18:00:00,Dongsi,117.0,136.46121993297973
2017-01-11 19:00:00,Dongsi,84.0,130.92538224592437
2017-01-11 20:00:00,Dongsi,58.0,91.65068308286533
2017-01-11 21:00:00,Dongsi,34.0,65.29486656213925
2017-01-11 22:00:00,Dongsi,36.0,45.12610293188154
2017-01-11 23:00:00,Dongsi,27.0,40.71715395701385
2017-01-12 00:00:00,Dongsi,30.0,35.25030254317682
2017-01-12 01:00:00,Dongsi,30.0,32.78793245727973
2017-01-12 02:00:00,Dongsi,17.0,30.822738807807458
2017-01-12 03:00:00,Dongsi,22.0,19.816620848653926
2017-01-12 04:00:00,Dongsi,35.0,30.255329744334063
2017-01-12 05:00:00,Dongsi,20.0,36.181103586565754
2017-01-12 06:00:00,Dongsi,25.0,23.609553014813354
2017-01-12 07:00:00,Dongsi,26.0,31.077010709229306
2017-01-12 08:00:00,Dongsi,16.0,28.814092319780766
2017-01-12 09:00:00,Dongsi,26.0,25.355514659566175
2017-01-12 10:00:00,Dongsi,28.0,39.73747610936253
2017-01-12 11:00:00,Dongsi,21.0,39.56472985268406
2017-01-12 12:00:00,Dongsi,70.0,32.91932138032414
2017-01-12 13:00:00,Dongsi,75.0,68.10580109671449
2017-01-12 14:00:00,Dongsi,85.0,74.12404232558954
2017-01-12 15:00:00,Dongsi,98.0,88.82080807263812
2017-01-12 16:00:00,Dongsi,111.0,105.40224143624712
2017-01-12 17:00:00,Dongsi,116.0,124.25209574520234
2017-01-12 18:00:00,Dongsi,140.0,133.6371027639887
2017-01-12 19:00:00,Dongsi,157.0,160.61774630874692
2017-01-12 20:00:00,Dongsi,53.0,165.92027544073918
2017-01-12 21:00:00,Dongsi,14.0,61.528038561160166
2017-01-12 22:00:00,Dongsi,4.0,16.628490215654434
2017-01-12 23:00:00,Dongsi,15.0,4.65432794061326
2017-01-13 00:00:00,Dongsi,12.0,11.853248664584768
2017-01-13 01:00:00,Dongsi,18.0,10.744305681016174
2017-01-13 02:00:00,Dongsi,13.0,15.317034401591988
2017-01-13 03:00:00,Dongsi,15.0,11.724086325303531
2017-01-13 04:00:00,Dongsi,9.0,13.344061202476116
2017-01-13 05:00:00,Dongsi,13.0,10.93226692666706
2017-01-13 06:00:00,Dongsi,13.0,13.039708287901536
2017-01-13 07:00:00,Dongsi,18.0,17.686597972156374
2017-01-13 08:00:00,Dongsi,8.0,16.897336093356106
2017-01-13 09:00:00,Dongsi,13.0,9.3791952405884
2017-01-13 10:00:00,Dongsi,17.0,11.414669904555696
2017-01-13 11:00:00,Dongsi,15.0,15.024455641842268
2017-01-13 12:00:00,Dongsi,5.0,12.964446788463015
2017-01-13 13:00:00,Dongsi,5.0,7.79834871151245
2017-01-13 14:00:00,Dongsi,10.0,11.707032576779728
2017-01-13 15:00:00,Dongsi,13.0,8.810813560147924
2017-01-13 16:00:00,Dongsi,3.0,10.654259725376663
2017-01-13 17:00:00,Dongsi,18.0,7.544449083693847
2017-01-13 18:00:00,Dongsi,15.0,17.009951151338317
2017-01-13 19:00:00,Dongsi,20.0,16.246413346567092
2017-01-13 20:00:00,Dongsi,15.0,19.71227356844776
2017-01-13 21:00:00,Dongsi,18.0,14.694703537490549
2017-01-13 22:00:00,Dongsi,16.0,16.824842094465314
2017-01-13 23:00:00,Dongsi,16.0,13.867306966187902
2017-01-14 00:00:00,Dongsi,24.0,19.533905512344383
2017-01-14 01:00:00,Dongsi,19.0,22.96787635517835
2017-01-14 02:00:00,Dongsi,13.0,17.239339480009633
2017-01-14 03:00:00,Dongsi,9.0,13.662001574696582
2017-01-14 04:00:00,Dongsi,12.0,8.331496146855379
2017-01-14 05:00:00,Dongsi,16.0,13.53233039447717
2017-01-14 06:00:00,Dongsi,16.0,14.080512118743867
2017-01-14 07:00:00,Dongsi,23.0,17.418176397633378
2017-01-14 08:00:00,Dongsi,27.0,24.88218901200915
2017-01-14 09:00:00,Dongsi,39.0,28.493709250391127
2017-01-14 10:00:00,Dongsi,30.0,37.06473046217313
2017-01-14 11:00:00,Dongsi,14.0,27.59812716922332
2017-01-14 12:00:00,Dongsi,15.0,16.38161822903757
2017-01-14 13:00:00,Dongsi,21.0,14.78351760231746
2017-01-14 14:00:00,Dongsi,21.0,23.541254231567905
2017-01-14 15:00:00,Dongsi,19.0,23.463823762312586
2017-01-14 16:00:00,Dongsi,25.0,18.89075669489196
2017-01-14 17:00:00,Dongsi,22.0,35.559068187888585
2017-01-14 18:00:00,Dongsi,39.0,36.99763095650692
2017-01-14 19:00:00,Dongsi,50.0,51.842548039074515
2017-01-14 20:00:00,Dongsi,55.0,58.6603464608231
2017-01-14 21:00:00,Dongsi,47.0,76.99310744459252
2017-01-14 22:00:00,Dongsi,29.0,57.93436743967794
2017-01-14 23:00:00,Dongsi,31.0,39.64821350514576
2017-01-15 00:00:00,Dongsi,33.0,40.54675499588621
2017-01-15 01:00:00,Dongsi,45.0,40.233900816911614
2017-01-15 02:00:00,Dongsi,31.0,50.60499280829443
2017-01-15 03:00:00,Dongsi,46.0,34.12735596715774
2017-01-15 04:00:00,Dongsi,58.0,48.354748392334166
2017-01-15 05:00:00,Dongsi,46.0,59.9875328972917
2017-01-15 06:00:00,Dongsi,41.0,49.969284174475206
2017-01-15 07:00:00,Dongsi,36.0,46.26315245472012
2017-01-15 08:00:00,Dongsi,45.0,43.65134230997055
2017-01-15 09:00:00,Dongsi,44.0,50.389151747491916
2017-01-15 10:00:00,Dongsi,53.0,51.59726051078703
2017-01-15 11:00:00,Dongsi,53.0,59.152512449598966
2017-01-15 12:00:00,Dongsi,47.0,60.3559254840807
2017-01-15 13:00:00,Dongsi,56.0,56.49358583097456
2017-01-15 14:00:00,Dongsi,62.0,64.12142052995456
2017-01-15 15:00:00,Dongsi,61.0,72.98030032715863
2017-01-15 16:00:00,Dongsi,73.0,74.55782009498138
2017-01-15 17:00:00,Dongsi,82.0,89.60657397231448
2017-01-15 18:00:00,Dongsi,82.0,94.23344306118784
2017-01-15 19:00:00,Dongsi,67.0,99.78180792780365
2017-01-15 20:00:00,Dongsi,89.0,69.81944610937465
2017-01-15 21:00:00,Dongsi,81.0,94.06808252523442
2017-01-15 22:00:00,Dongsi,97.0,86.47974402264477
2017-01-15 23:00:00,Dongsi,105.0,105.26317394311303
2017-01-16 00:00:00,Dongsi,108.0,111.99439158811242
2017-01-16 01:00:00,Dongsi,104.0,112.98284400775536
2017-01-16 02:00:00,Dongsi,105.0,107.79678590902031
2017-01-16 03:00:00,Dongsi,108.0,108.14116673194114
2017-01-16 04:00:00,Dongsi,104.0,106.59817646949514
2017-01-16 05:00:00,Dongsi,110.0,101.77257817662269
2017-01-16 06:00:00,Dongsi,110.0,111.03284628733923
2017-01-16 07:00:00,Dongsi,102.0,116.25631863775627
2017-01-16 08:00:00,Dongsi,93.0,107.84540793709114
2017-01-16 09:00:00,Dongsi,78.0,96.34106168494274
2017-01-16 10:00:00,Dongsi,57.0,79.63247915199578
2017-01-16 11:00:00,Dongsi,68.0,57.3805723438333
2017-01-16 12:00:00,Dongsi,79.0,73.87590823098705
2017-01-16 13:00:00,Dongsi,100.0,85.43112232069353
2017-01-16 14:00:00,Dongsi,96.0,111.2012265337262
2017-01-16 15:00:00,Dongsi,102.0,104.47744634974349
2017-01-16 16:00:00,Dongsi,116.0,111.43240176775932
2017-01-16 17:00:00,Dongsi,122.0,120.03898765381311
2017-01-16 18:00:00,Dongsi,135.0,136.00508637495642
2017-01-16 19:00:00,Dongsi,140.0,150.6954232009825
2017-01-16 20:00:00,Dongsi,133.0,149.67747455984056
2017-01-16 21:00:00,Dongsi,123.0,136.6371742129865
2017-01-16 22:00:00,Dongsi,121.0,126.97823830910171
2017-01-16 23:00:00,Dongsi,118.0,129.90650151802535
2017-01-17 00:00:00,Dongsi,117.0,123.7363576075888
2017-01-17 01:00:00,Dongsi,126.0,121.52045530861398
2017-01-17 02:00:00,Dongsi,137.0,130.11426187237115
2017-01-17 03:00:00,Dongsi,126.0,138.58031295594915
2017-01-17 04:00:00,Dongsi,120.0,125.56414876316276
2017-01-17 05:00:00,Dongsi,120.0,115.8048165766405
2017-01-17 06:00:00,Dongsi,106.0,120.15896000123165
2017-01-17 07:00:00,Dongsi,122.0,107.83097796124676
2017-01-17 08:00:00,Dongsi,149.0,131.56795917712768
2017-01-17 09:00:00,Dongsi,142.0,158.0485426706457
2017-01-17 10:00:00,Dongsi,158.0,149.37827476212834
2017-01-17 11:00:00,Dongsi,178.0,169.81464425171245
2017-01-17 12:00:00,Dongsi,183.0,186.86007844341762
2017-01-17 13:00:00,Dongsi,160.0,191.7836167313275
2017-01-17 14:00:00,Dongsi,156.0,167.6804322406785
2017-01-17 15:00:00,Dongsi,151.0,166.0830532583856
2017-01-17 16:00:00,Dongsi,175.0,161.0915553673325
2017-01-17 17:00:00,Dongsi,189.0,188.77220178844496
2017-01-17 18:00:00,Dongsi,187.0,207.99240376322746
2017-01-17 19:00:00,Dongsi,183.0,195.4081458072257
2017-01-17 20:00:00,Dongsi,177.0,184.1282695276651
2017-01-17 21:00:00,Dongsi,183.0,185.37486328483965
2017-01-17 22:00:00,Dongsi,174.0,189.8350283239778
2017-01-17 23:00:00,Dongsi,150.0,180.4885386907846
2017-01-18 00:00:00,Dongsi,46.0,147.47038465114133
2017-01-18 01:00:00,Dongsi,58.0,45.01413871167342
2017-01-18 02:00:00,Dongsi,55.0,67.46407311293193
2017-01-18 03:00:00,Dongsi,34.0,55.096138431397634
2017-01-18 04:00:00,Dongsi,20.0,33.82390287013262
2017-01-18 05:00:00,Dongsi,19.0,20.849306777956066
2017-01-18 06:00:00,Dongsi,28.0,20.139414315532548
2017-01-18 07:00:00,Dongsi,34.0,28.341131203992365
2017-01-18 08:00:00,Dongsi,38.0,33.582234301261735
2017-01-18 09:00:00,Dongsi,33.0,36.52959554934753
2017-01-18 10:00:00,Dongsi,27.0,32.22205040781538
2017-01-18 11:00:00,Dongsi,26.0,27.30083360369569
2017-01-18 12:00:00,Dongsi,27.0,26.432629526844277
2017-01-18 13:00:00,Dongsi,25.0,30.333039622171146
2017-01-18 14:00:00,Dongsi,36.0,31.735536375310172
2017-01-18 15:00:00,Dongsi,49.0,44.84175458600167
2017-01-18 16:00:00,Dongsi,53.0,58.2789259429616
2017-01-18 17:00:00,Dongsi,47.0,68.10127821769534
2017-01-18 18:00:00,Dongsi,45.0,62.88001838725014
2017-01-18 19:00:00,Dongsi,47.0,59.02649336943385
2017-01-18 20:00:00,Dongsi,47.0,54.16271084485067
2017-01-18 21:00:00,Dongsi,56.0,55.46495221242333
2017-01-18 22:00:00,Dongsi,64.0,62.84869073900076
2017-01-18 23:00:00,Dongsi,72.0,70.41909250519875
2017-01-19 00:00:00,Dongsi,86.0,80.59593355318931
2017-01-19 01:00:00,Dongsi,96.0,99.46237967275728
2017-01-19 02:00:00,Dongsi,102.0,102.19961266100943
2017-01-19 03:00:00,Dongsi,118.0,119.16212315912186
2017-01-19 04:00:00,Dongsi,135.0,134.8712259426838
2017-01-19 05:00:00,Dongsi,117.0,141.10468139707638
2017-01-19 06:00:00,Dongsi,111.0,130.3388750138705
2017-01-19 07:00:00,Dongsi,108.0,122.53074017146702
2017-01-19 08:00:00,Dongsi,106.0,123.147328877297
2017-01-19 09:00:00,Dongsi,48.0,93.87485065958452
2017-01-19 10:00:00,Dongsi,25.0,33.36716317526217
2017-01-19 11:00:00,Dongsi,12.0,16.79273879505688
2017-01-19 12:00:00,Dongsi,13.0,9.368979477359725
2017-01-19 13:00:00,Dongsi,3.0,9.726477450976317
2017-01-19 14:00:00,Dongsi,3.0,7.1822092116891385
2017-01-19 15:00:00,Dongsi,4.0,7.242262838973141
2017-01-19 16:00:00,Dongsi,10.0,7.444393739311908
2017-01-19 17:00:00,Dongsi,5.0,11.558113769172545
2017-01-19 18:00:00,Dongsi,8.0,10.851150028205831
2017-01-19 19:00:00,Dongsi,8.0,10.55336383055614
2017-01-19 20:00:00,Dongsi,11.0,10.625243177063474
2017-01-19 21:00:00,Dongsi,9.0,11.126141654206792
2017-01-19 22:00:00,Dongsi,9.0,10.348133845701506
2017-01-19 23:00:00,Dongsi,10.0,10.188938844023344
2017-01-20 00:00:00,Dongsi,16.0,11.278818008326919
2017-01-20 01:00:00,Dongsi,14.0,15.865663183669483
2017-01-20 02:00:00,Dongsi,16.0,14.464030943204046
2017-01-20 03:00:00,Dongsi,7.0,15.892580146796744
2017-01-20 04:00:00,Dongsi,6.0,9.884454320371372
2017-01-20 05:00:00,Dongsi,3.0,8.752529329887517
2017-01-20 06:00:00,Dongsi,7.0,8.923166008664104
2017-01-20 07:00:00,Dongsi,13.0,10.22801336707231
2017-01-20 08:00:00,Dongsi,24.0,14.993907455144873
2017-01-20 09:00:00,Dongsi,21.0,25.39954862565974
2017-01-20 10:00:00,Dongsi,39.0,22.078879240544374
2017-01-20 11:00:00,Dongsi,14.0,38.551350552653815
2017-01-20 12:00:00,Dongsi,14.0,17.712889625806653
2017-01-20 13:00:00,Dongsi,14.0,17.47114087604185
2017-01-20 14:00:00,Dongsi,23.0,18.08798196269296
2017-01-20 15:00:00,Dongsi,24.0,27.52031022284449
2017-01-20 16:00:00,Dongsi,28.0,29.058683838711794
2017-01-20 17:00:00,Dongsi,28.0,34.78514408904336
2017-01-20 18:00:00,Dongsi,40.0,35.25734533097178
2017-01-20 19:00:00,Dongsi,49.0,50.179260026820735
2017-01-20 20:00:00,Dongsi,56.0,53.33069209266275
2017-01-20 21:00:00,Dongsi,57.0,61.718396606106154
2017-01-20 22:00:00,Dongsi,72.0,62.2314389851154
2017-01-20 23:00:00,Dongsi,73.0,76.37843599918463
2017-01-21 00:00:00,Dongsi,90.0,74.35781909958006
2017-01-21 01:00:00,Dongsi,97.0,91.86217371633785
2017-01-21 02:00:00,Dongsi,93.0,97.99623927222507
2017-01-21 03:00:00,Dongsi,106.0,91.81077904978301
2017-01-21 04:00:00,Dongsi,98.0,102.62912662692358
2017-01-21 05:00:00,Dongsi,63.0,94.7620960062474
2017-01-21 06:00:00,Dongsi,24.0,46.765399797888165
2017-01-21 07:00:00,Dongsi,16.0,21.83865245482891
2017-01-21 08:00:00,Dongsi,12.0,15.056358478695248
2017-01-21 09:00:00,Dongsi,3.0,10.52564834118277
2017-01-21 10:00:00,Dongsi,3.0,6.733607654648158
2017-01-21 11:00:00,Dongsi,6.0,6.115813309338414
2017-01-21 12:00:00,Dongsi,14.0,6.302174240536777
2017-01-21 13:00:00,Dongsi,11.0,10.2303592417911
2017-01-21 14:00:00,Dongsi,6.0,8.723875371914696
2017-01-21 15:00:00,Dongsi,9.0,6.23544107764164
2017-01-21 16:00:00,Dongsi,8.0,7.534635057748418
2017-01-21 17:00:00,Dongsi,8.0,11.409876532209543
2017-01-21 18:00:00,Dongsi,10.0,10.658175594026229
2017-01-21 19:00:00,Dongsi,12.0,13.324310666407008
2017-01-21 20:00:00,Dongsi,12.0,12.929818286368356
2017-01-21 21:00:00,Dongsi,16.0,13.432877287766587
2017-01-21 22:00:00,Dongsi,18.0,17.019243246983073
2017-01-21 23:00:00,Dongsi,18.0,19.130475314762226
2017-01-22 00:00:00,Dongsi,19.0,17.194045765165903
2017-01-22 01:00:00,Dongsi,24.0,16.85933253236734
2017-01-22 02:00:00,Dongsi,18.0,21.532316456545182
2017-01-22 03:00:00,Dongsi,18.0,16.22524428725548
2017-01-22 04:00:00,Dongsi,20.0,16.04292307591594
2017-01-22 05:00:00,Dongsi,21.0,19.108047726612206
2017-01-22 06:00:00,Dongsi,22.0,20.657728999978616
2017-01-22 07:00:00,Dongsi,21.0,21.094533784770725
2017-01-22 08:00:00,Dongsi,19.0,19.039859237473898
2017-01-22 09:00:00,Dongsi,22.0,18.301911159533507
2017-01-22 10:00:00,Dongsi,21.0,18.916975652926556
2017-01-22 11:00:00,Dongsi,8.0,20.867440226566156
2017-01-22 12:00:00,Dongsi,17.0,11.587491852287894
2017-01-22 13:00:00,Dongsi,26.0,19.839076284672316
2017-01-22 14:00:00,Dongsi,25.0,30.57878809916146
2017-01-22 15:00:00,Dongsi,40.0,30.05875436029756
2017-01-22 16:00:00,Dongsi,58.0,50.71486170351935
2017-01-22 17:00:00,Dongsi,73.0,64.50662588929312
2017-01-22 18:00:00,Dongsi,84.0,87.5002402282118
2017-01-22 19:00:00,Dongsi,68.0,86.47652269023975
2017-01-22 20:00:00,Dongsi,50.0,66.43571163817555
2017-01-22 21:00:00,Dongsi,53.0,50.024209184877805
2017-01-22 22:00:00,Dongsi,43.0,50.73424995153032
2017-01-22 23:00:00,Dongsi,36.0,42.34400543109822
2017-01-23 00:00:00,Dongsi,35.0,34.06331630277154
2017-01-23 01:00:00,Dongsi,31.0,32.84478967567896
2017-01-23 02:00:00,Dongsi,25.0,28.922525962057076
2017-01-23 03:00:00,Dongsi,24.0,23.30768549151034
2017-01-23 04:00:00,Dongsi,23.0,22.047175429493276
2017-01-23 05:00:00,Dongsi,24.0,21.795664706196902
2017-01-23 06:00:00,Dongsi,21.0,23.597933783585333
2017-01-23 07:00:00,Dongsi,21.0,23.21286674094489
2017-01-23 08:00:00,Dongsi,20.0,22.219465323682197
2017-01-23 09:00:00,Dongsi,20.0,20.125643631191494
2017-01-23 10:00:00,Dongsi,20.0,18.862740007199694
2017-01-23 11:00:00,Dongsi,17.0,20.063244251480917
2017-01-23 12:00:00,Dongsi,8.0,17.567347498555584
2017-01-23 13:00:00,Dongsi,30.0,15.478602881031117
2017-01-23 14:00:00,Dongsi,37.0,30.13686762226747
2017-01-23 15:00:00,Dongsi,38.0,37.07141774017983
2017-01-23 16:00:00,Dongsi,41.0,42.4912030270819
2017-01-23 17:00:00,Dongsi,49.0,44.96113568410847
2017-01-23 18:00:00,Dongsi,61.0,57.18276612439752
2017-01-23 19:00:00,Dongsi,76.0,72.38405805570667
2017-01-23 20:00:00,Dongsi,88.0,85.07440295495628
2017-01-23 21:00:00,Dongsi,98.0,88.54792735347999
2017-01-23 22:00:00,Dongsi,93.0,103.82174954209765
2017-01-23 23:00:00,Dongsi,112.0,96.32871021324935
2017-01-24 00:00:00,Dongsi,133.0,114.3400066112669
2017-01-24 01:00:00,Dongsi,121.0,138.55303320770136
2017-01-24 02:00:00,Dongsi,128.0,118.39432262911582
2017-01-24 03:00:00,Dongsi,133.0,122.15833904421153
2017-01-24 04:00:00,Dongsi,111.0,121.02504793343607
2017-01-24 05:00:00,Dongsi,148.0,101.15179214368747
2017-01-24 06:00:00,Dongsi,81.0,135.26772232616713
2017-01-24 07:00:00,Dongsi,57.0,57.287376011737834
2017-01-24 08:00:00,Dongsi,41.0,42.814757299095945
2017-01-24 09:00:00,Dongsi,39.0,34.55559943076716
2017-01-24 10:00:00,Dongsi,25.0,35.721299684219844
2017-01-24 11:00:00,Dongsi,59.0,30.874981457040978
2017-01-24 12:00:00,Dongsi,67.0,63.80356434740543
2017-01-24 13:00:00,Dongsi,77.0,68.82845358757746
2017-01-24 14:00:00,Dongsi,89.0,82.28554710075586
2017-01-24 15:00:00,Dongsi,115.0,95.43279714675069
2017-01-24 16:00:00,Dongsi,127.0,130.63318006655552
2017-01-24 17:00:00,Dongsi,133.0,145.63266623997748
2017-01-24 18:00:00,Dongsi,135.0,155.3696682068731
2017-01-24 19:00:00,Dongsi,136.0,162.57436968601118
2017-01-24 20:00:00,Dongsi,131.0,155.63887734748457
2017-01-24 21:00:00,Dongsi,127.0,149.38961465640307
2017-01-24 22:00:00,Dongsi,143.0,142.73145384041004
2017-01-24 23:00:00,Dongsi,147.0,150.7512990700728
2017-01-25 00:00:00,Dongsi,161.0,153.28808091915982
2017-01-25 01:00:00,Dongsi,176.0,157.0347546774385
2017-01-25 02:00:00,Dongsi,199.0,163.5306897086076
2017-01-25 03:00:00,Dongsi,210.0,191.31613152612368
2017-01-25 04:00:00,Dongsi,236.0,217.0536208214915
2017-01-25 05:00:00,Dongsi,230.0,214.73033013584376
2017-01-25 06:00:00,Dongsi,215.0,202.68507331923274
2017-01-25 07:00:00,Dongsi,153.0,191.8895866560532
2017-01-25 08:00:00,Dongsi,163.0,132.89974399036942
2017-01-25 09:00:00,Dongsi,161.0,160.39570508980597
2017-01-25 10:00:00,Dongsi,144.0,159.22096312682606
2017-01-25 11:00:00,Dongsi,142.0,127.95789452968219
2017-01-25 12:00:00,Dongsi,147.0,136.5013402319735
2017-01-25 14:00:00,Dongsi,163.0,133.15579302785991
2017-01-25 15:00:00,Dongsi,173.0,195.48357144863107
2017-01-25 16:00:00,Dongsi,202.0,182.46504740164607
2017-01-25 17:00:00,Dongsi,198.0,219.92472830752294
2017-01-25 18:00:00,Dongsi,207.0,210.96035466736225
2017-01-25 19:00:00,Dongsi,227.0,223.64135071444474
2017-01-25 20:00:00,Dongsi,240.0,238.21918495606414
2017-01-25 21:00:00,Dongsi,259.0,238.31881369771
2017-01-25 22:00:00,Dongsi,269.0,253.32654530111992
2017-01-25 23:00:00,Dongsi,273.0,256.6137604711072
2017-01-26 00:00:00,Dongsi,299.0,257.4989283111935
2017-01-26 01:00:00,Dongsi,330.0,294.1181133333615
2017-01-26 02:00:00,Dongsi,356.0,320.4631042418897
2017-01-26 03:00:00,Dongsi,326.0,341.16036310918923
2017-01-26 04:00:00,Dongsi,345.0,301.48900777166295
2017-01-26 05:00:00,Dongsi,329.0,314.3871047004257
2017-01-26 06:00:00,Dongsi,319.0,314.2025080036179
2017-01-26 07:00:00,Dongsi,289.0,295.50358607705203
2017-01-26 08:00:00,Dongsi,285.0,263.9840168338006
2017-01-26 09:00:00,Dongsi,291.0,277.8120008383094
2017-01-26 10:00:00,Dongsi,312.0,279.84184845397846
2017-01-26 11:00:00,Dongsi,3.0,306.1434362028231
2017-01-26 12:00:00,Dongsi,101.0,18.45072401953304
2017-01-26 13:00:00,Dongsi,102.0,142.58381622939902
2017-01-26 14:00:00,Dongsi,56.0,91.41117291291833
2017-01-26 15:00:00,Dongsi,12.0,43.723440441252826
2017-01-26 16:00:00,Dongsi,8.0,18.165059746722093
2017-01-26 17:00:00,Dongsi,8.0,9.341861667834902
2017-01-26 18:00:00,Dongsi,18.0,9.2076528609824
2017-01-26 19:00:00,Dongsi,9.0,16.439113317006782
2017-01-26 20:00:00,Dongsi,6.0,9.742660942346728
2017-01-26 21:00:00,Dongsi,5.0,7.403325667248232
2017-01-26 22:00:00,Dongsi,10.0,7.186359990041602
2017-01-26 23:00:00,Dongsi,12.0,10.076436400098922
2017-01-27 00:00:00,Dongsi,10.0,12.160551242600222
2017-01-27 01:00:00,Dongsi,11.0,14.472037892868705
2017-01-27 02:00:00,Dongsi,10.0,12.57213888759604
2017-01-27 03:00:00,Dongsi,8.0,11.027764046339579
2017-01-27 04:00:00,Dongsi,9.0,12.51372658550982
2017-01-27 05:00:00,Dongsi,8.0,13.833982341842239
2017-01-27 06:00:00,Dongsi,11.0,10.777041954100282
2017-01-27 07:00:00,Dongsi,12.0,18.708806969294706
2017-01-27 08:00:00,Dongsi,18.0,20.982932928597243
2017-01-27 09:00:00,Dongsi,30.0,26.712064522588914
2017-01-27 10:00:00,Dongsi,35.0,34.97062438482013
2017-01-27 11:00:00,Dongsi,47.0,37.21147481845782
2017-01-27 12:00:00,Dongsi,46.0,48.30847624910754
2017-01-27 13:00:00,Dongsi,42.0,69.93724325123976
2017-01-27 14:00:00,Dongsi,48.0,66.1253518285754
2017-01-27 15:00:00,Dongsi,52.0,69.81080471295165
2017-01-27 16:00:00,Dongsi,68.0,56.08651636415021
2017-01-27 17:00:00,Dongsi,72.0,71.30935439025909
2017-01-27 18:00:00,Dongsi,92.0,79.34280488542397
2017-01-27 19:00:00,Dongsi,123.0,107.00352243285526
2017-01-27 20:00:00,Dongsi,192.0,127.56178312021305
2017-01-27 21:00:00,Dongsi,281.0,200.55920332531306
2017-01-27 22:00:00,Dongsi,313.0,291.0011126666635
2017-01-27 23:00:00,Dongsi,364.0,321.6303662396294
2017-01-28 00:00:00,Dongsi,654.0,389.60102918938145
2017-01-28 01:00:00,Dongsi,646.0,563.3550805976023
2017-01-28 02:00:00,Dongsi,645.0,506.8784268833862
2017-01-28 03:00:00,Dongsi,681.0,540.3469815927419
2017-01-28 04:00:00,Dongsi,580.0,399.08814288907627
2017-01-28 05:00:00,Dongsi,575.0,471.0290841525395
2017-01-28 06:00:00,Dongsi,458.0,425.7447267482093
2017-01-28 07:00:00,Dongsi,365.0,428.8060945790686
2017-01-28 08:00:00,Dongsi,313.0,313.4236171236843
2017-01-28 09:00:00,Dongsi,271.0,297.9220471765006
2017-01-28 10:00:00,Dongsi,267.0,243.68396707727564
2017-01-28 11:00:00,Dongsi,257.0,259.79891992996215
2017-01-28 12:00:00,Dongsi,269.0,249.7493734890332
2017-01-28 13:00:00,Dongsi,237.0,265.5090141781424
2017-01-28 14:00:00,Dongsi,244.0,234.25223066214076
2017-01-28 15:00:00,Dongsi,250.0,225.4257976385007
2017-01-28 16:00:00,Dongsi,261.0,253.86921584150218
2017-01-28 17:00:00,Dongsi,258.0,264.4798346906707
2017-01-28 18:00:00,Dongsi,283.0,273.7898174781538
2017-01-28 19:00:00,Dongsi,261.0,293.33853365654494
2017-01-28 20:00:00,Dongsi,255.0,257.9859134309034
2017-01-28 21:00:00,Dongsi,263.0,255.07363647052057
2017-01-28 22:00:00,Dongsi,284.0,261.7397891057143
2017-01-28 23:00:00,Dongsi,271.0,289.0342472118045
2017-01-29 00:00:00,Dongsi,300.0,268.9942849391257
2017-01-29 01:00:00,Dongsi,237.0,309.95668307723577
2017-01-29 02:00:00,Dongsi,49.0,147.16611793954476
2017-01-29 03:00:00,Dongsi,6.0,-1.3517595662714117
2017-01-29 04:00:00,Dongsi,7.0,4.881669080014041
2017-01-29 05:00:00,Dongsi,16.0,9.49330072245472
2017-01-29 06:00:00,Dongsi,12.0,16.75341694356617
2017-01-29 07:00:00,Dongsi,12.0,13.088657832444966
2017-01-29 08:00:00,Dongsi,16.0,14.405191326575693
2017-01-29 09:00:00,Dongsi,12.0,14.964716447037729
2017-01-29 10:00:00,Dongsi,9.0,12.043546164257199
2017-01-29 11:00:00,Dongsi,14.0,9.899327518668764
2017-01-29 12:00:00,Dongsi,17.0,13.733219730799936
2017-01-29 13:00:00,Dongsi,15.0,15.50810387990523
2017-01-29 14:00:00,Dongsi,15.0,18.511342251968745
2017-01-29 15:00:00,Dongsi,16.0,13.441216634107665
2017-01-29 16:00:00,Dongsi,16.0,15.900859760597482
2017-01-29 17:00:00,Dongsi,15.0,16.47628895333902
2017-01-29 18:00:00,Dongsi,10.0,15.694565510066987
2017-01-29 19:00:00,Dongsi,6.0,11.52195388861918
2017-01-29 20:00:00,Dongsi,7.0,9.427971514777996
2017-01-29 21:00:00,Dongsi,7.0,12.619191237665477
2017-01-29 22:00:00,Dongsi,11.0,12.619191237665477
2017-01-29 23:00:00,Dongsi,10.0,14.153915023394104
2017-01-30 00:00:00,Dongsi,8.0,9.75189038954675
2017-01-30 01:00:00,Dongsi,11.0,8.385433984418246
2017-01-30 02:00:00,Dongsi,9.0,9.881266761741212
2017-01-30 03:00:00,Dongsi,14.0,8.617117571961689
2017-01-30 04:00:00,Dongsi,14.0,12.035338800679341
2017-01-30 05:00:00,Dongsi,12.0,12.742141261154329
2017-01-30 06:00:00,Dongsi,14.0,11.443801851735472
2017-01-30 07:00:00,Dongsi,14.0,13.73905933032391
2017-01-30 08:00:00,Dongsi,16.0,13.883123435050576
2017-01-30 09:00:00,Dongsi,27.0,15.129789983405553
2017-01-30 10:00:00,Dongsi,10.0,24.992905437777576
2017-01-30 11:00:00,Dongsi,10.0,11.547402325888154
2017-01-30 12:00:00,Dongsi,10.0,10.254844684209276
2017-01-30 13:00:00,Dongsi,12.0,12.807527962964878
2017-01-30 14:00:00,Dongsi,11.0,16.33841460017803
2017-01-30 15:00:00,Dongsi,9.0,16.345424726422674
2017-01-30 16:00:00,Dongsi,41.0,14.516025324890558
2017-01-30 17:00:00,Dongsi,125.0,47.28782388315607
2017-01-30 18:00:00,Dongsi,87.0,108.75940256770853
2017-01-30 19:00:00,Dongsi,70.0,76.56138930764472
2017-01-30 20:00:00,Dongsi,66.0,72.05773416046296
2017-01-30 21:00:00,Dongsi,66.0,69.26333636736749
2017-01-30 22:00:00,Dongsi,82.0,70.46433365156157
2017-01-30 23:00:00,Dongsi,95.0,86.17638960345926
2017-01-31 00:00:00,Dongsi,101.0,103.78772739709434
2017-01-31 01:00:00,Dongsi,98.0,99.73184912184273
2017-01-31 02:00:00,Dongsi,104.0,92.18958945438028
2017-01-31 03:00:00,Dongsi,103.0,98.45695404889729
2017-01-31 04:00:00,Dongsi,105.0,98.36346388000891
2017-01-31 05:00:00,Dongsi,106.0,103.34164325693874
2017-01-31 06:00:00,Dongsi,116.0,101.79080200909408
2017-01-31 07:00:00,Dongsi,113.0,114.50768877804404
2017-01-31 08:00:00,Dongsi,84.0,110.66242792908245
2017-01-31 09:00:00,Dongsi,69.0,74.62326636393612
2017-01-31 10:00:00,Dongsi,70.0,69.72453810976408
2017-01-31 11:00:00,Dongsi,70.0,73.13645260920218
2017-01-31 12:00:00,Dongsi,67.0,71.14897419621384
2017-01-31 13:00:00,Dongsi,85.0,69.09080025183627
2017-01-31 14:00:00,Dongsi,92.0,90.59419915746112
2017-01-31 15:00:00,Dongsi,80.0,97.64653926834421
2017-01-31 16:00:00,Dongsi,80.0,86.41381784828368
2017-01-31 17:00:00,Dongsi,82.0,85.68334039056224
2017-01-31 18:00:00,Dongsi,102.0,86.71872755769056
2017-01-31 19:00:00,Dongsi,115.0,115.70639596853616
2017-01-31 20:00:00,Dongsi,50.0,116.08386473892989
2017-01-31 21:00:00,Dongsi,15.0,42.92505803484284
2017-01-31 22:00:00,Dongsi,10.0,19.08919625077858
2017-01-31 23:00:00,Dongsi,10.0,17.017634403774085
2017-02-01 00:00:00,Dongsi,9.0,12.979877482336935
2017-02-01 01:00:00,Dongsi,9.0,10.232576425016001
2017-02-01 02:00:00,Dongsi,12.0,10.903160970300744
2017-02-01 03:00:00,Dongsi,7.0,13.835429746775665
2017-02-01 04:00:00,Dongsi,10.0,11.936643439422786
2017-02-01 05:00:00,Dongsi,7.0,12.463623205001909
2017-02-01 06:00:00,Dongsi,5.0,11.150907638488915
2017-02-01 07:00:00,Dongsi,6.0,12.330134419543127
2017-02-01 08:00:00,Dongsi,8.0,11.32398693737895
2017-02-01 09:00:00,Dongsi,7.0,10.313537686345716
2017-02-01 10:00:00,Dongsi,3.0,8.640398926840623
2017-02-01 11:00:00,Dongsi,3.0,6.779765099967989
2017-02-01 12:00:00,Dongsi,7.0,11.084997635448671
2017-02-01 13:00:00,Dongsi,11.0,8.075129028154803
2017-02-01 14:00:00,Dongsi,14.0,14.425009470463939
2017-02-01 15:00:00,Dongsi,15.0,17.577948958156092
2017-02-01 16:00:00,Dongsi,22.0,18.5711547112563
2017-02-01 17:00:00,Dongsi,57.0,28.826697825300798
2017-02-01 18:00:00,Dongsi,71.0,65.50998903619339
2017-02-01 19:00:00,Dongsi,109.0,77.21411244927737
2017-02-01 20:00:00,Dongsi,132.0,115.64311682894281
2017-02-01 21:00:00,Dongsi,134.0,140.2394670854216
2017-02-01 22:00:00,Dongsi,152.0,129.9429060175981
2017-02-01 23:00:00,Dongsi,185.0,154.84867135639539
2017-02-02 00:00:00,Dongsi,180.0,230.0202489279041
2017-02-02 01:00:00,Dongsi,142.0,176.37228633815087
2017-02-02 02:00:00,Dongsi,120.0,128.77074973147043
2017-02-02 03:00:00,Dongsi,70.0,103.29611883477237
2017-02-02 04:00:00,Dongsi,50.0,62.40948594921186
2017-02-02 05:00:00,Dongsi,39.0,50.5705139461988
2017-02-02 06:00:00,Dongsi,38.0,41.89558884261581
2017-02-02 07:00:00,Dongsi,38.0,40.020098574779155
2017-02-02 08:00:00,Dongsi,44.0,42.1133487855828
2017-02-02 17:00:00,Dongsi,3.0,73.71579066555485
2017-02-02 18:00:00,Dongsi,3.0,34.93525465342513
2017-02-02 19:00:00,Dongsi,122.0,39.39819079497847
2017-02-02 20:00:00,Dongsi,159.0,151.65117934134628
2017-02-02 21:00:00,Dongsi,171.0,166.88143182985766
2017-02-02 22:00:00,Dongsi,177.0,177.94225906956598
2017-02-02 23:00:00,Dongsi,189.0,177.23226440014182
2017-02-03 00:00:00,Dongsi,198.0,195.61176350942208
2017-02-03 01:00:00,Dongsi,149.0,197.1376503257515
2017-02-03 02:00:00,Dongsi,173.0,130.43354970613024
2017-02-03 03:00:00,Dongsi,207.0,171.49806931259056
2017-02-03 04:00:00,Dongsi,144.0,193.23789050121823
2017-02-03 05:00:00,Dongsi,82.0,116.01943843016686
2017-02-03 06:00:00,Dongsi,67.0,62.74004836768928
2017-02-03 07:00:00,Dongsi,70.0,67.88984139775982
2017-02-03 08:00:00,Dongsi,82.0,73.55623246317631
2017-02-03 09:00:00,Dongsi,61.0,82.4155441668532
2017-02-03 10:00:00,Dongsi,67.0,57.753259154234655
2017-02-03 11:00:00,Dongsi,83.0,66.40083675058541
2017-02-03 12:00:00,Dongsi,103.0,83.97489387715528
2017-02-03 13:00:00,Dongsi,118.0,114.30051669649816
2017-02-03 14:00:00,Dongsi,145.0,127.89648805554461
2017-02-03 15:00:00,Dongsi,206.0,163.04128979159285
2017-02-03 16:00:00,Dongsi,235.0,208.06243187892824
2017-02-03 17:00:00,Dongsi,250.0,246.51731057317738
2017-02-03 18:00:00,Dongsi,267.0,260.04589190484995
2017-02-03 19:00:00,Dongsi,297.0,270.53202896300945
2017-02-03 20:00:00,Dongsi,312.0,301.79356688586586
2017-02-03 21:00:00,Dongsi,326.0,310.8819611973771
2017-02-03 22:00:00,Dongsi,326.0,320.3742324772764
2017-02-03 23:00:00,Dongsi,320.0,319.5766001037365
2017-02-04 00:00:00,Dongsi,318.0,329.17122552413883
2017-02-04 01:00:00,Dongsi,319.0,311.81568236435555
2017-02-04 02:00:00,Dongsi,318.0,306.17614191948854
2017-02-04 03:00:00,Dongsi,338.0,301.4847098647821
2017-02-04 04:00:00,Dongsi,360.0,311.48934258129464
2017-02-04 05:00:00,Dongsi,363.0,346.48715518108366
2017-02-04 06:00:00,Dongsi,358.0,340.06038873477837
2017-02-04 07:00:00,Dongsi,359.0,336.9585961631621
2017-02-04 08:00:00,Dongsi,327.0,342.1911620179189
2017-02-04 09:00:00,Dongsi,294.0,316.2152136181584
2017-02-04 10:00:00,Dongsi,304.0,246.52836140165272
2017-02-04 11:00:00,Dongsi,315.0,270.9358787763005
2017-02-04 12:00:00,Dongsi,320.0,310.78889760187315
2017-02-04 13:00:00,Dongsi,281.0,314.12964783131815
2017-02-04 14:00:00,Dongsi,324.0,266.9399436285545
2017-02-04 15:00:00,Dongsi,366.0,324.5647781008548
2017-02-04 16:00:00,Dongsi,382.0,340.22068083745785
2017-02-04 17:00:00,Dongsi,379.0,377.8966433192408
2017-02-04 18:00:00,Dongsi,405.0,383.8746571452318
2017-02-04 19:00:00,Dongsi,186.0,352.96543986112147
2017-02-04 20:00:00,Dongsi,38.0,67.09916279405523
2017-02-04 21:00:00,Dongsi,17.0,15.91072040150296
2017-02-04 22:00:00,Dongsi,8.0,16.921264032297668
2017-02-04 23:00:00,Dongsi,15.0,11.084116377111854
2017-02-05 00:00:00,Dongsi,17.0,17.478676880964947
2017-02-05 01:00:00,Dongsi,20.0,20.686752603364628
2017-02-05 02:00:00,Dongsi,21.0,26.004765003417432
2017-02-05 03:00:00,Dongsi,22.0,23.125401283460995
2017-02-05 04:00:00,Dongsi,24.0,27.343999168979884
2017-02-05 05:00:00,Dongsi,22.0,26.104907832136895
2017-02-05 06:00:00,Dongsi,15.0,26.11078589920723
2017-02-05 07:00:00,Dongsi,15.0,13.976925294240326
2017-02-05 08:00:00,Dongsi,9.0,13.168850735195946
2017-02-05 09:00:00,Dongsi,10.0,9.267660158047544
2017-02-05 10:00:00,Dongsi,7.0,12.691390882639372
2017-02-05 11:00:00,Dongsi,9.0,7.332365821382384
2017-02-05 12:00:00,Dongsi,11.0,7.509538465390015
2017-02-05 13:00:00,Dongsi,8.0,9.103168060905578
2017-02-05 14:00:00,Dongsi,13.0,7.849937260030533
2017-02-05 15:00:00,Dongsi,17.0,10.816623330020516
2017-02-05 16:00:00,Dongsi,19.0,15.338901319787777
2017-02-05 17:00:00,Dongsi,14.0,17.462996164730427
2017-02-05 18:00:00,Dongsi,8.0,13.18725267673713
2017-02-05 19:00:00,Dongsi,9.0,9.757737720328022
2017-02-05 20:00:00,Dongsi,12.0,8.177239713280096
2017-02-05 21:00:00,Dongsi,8.0,14.579399171054957
2017-02-05 22:00:00,Dongsi,10.0,9.573520463960682
2017-02-05 23:00:00,Dongsi,10.0,9.205118452568904
2017-02-06 00:00:00,Dongsi,6.0,9.181674183136394
2017-02-06 01:00:00,Dongsi,6.0,6.594485752466441
2017-02-06 02:00:00,Dongsi,4.0,6.629177547764161
2017-02-06 03:00:00,Dongsi,3.0,6.437522022695272
2017-02-06 04:00:00,Dongsi,4.0,4.926664560591698
2017-02-06 05:00:00,Dongsi,6.0,5.473648187007663
2017-02-06 06:00:00,Dongsi,4.0,4.7580799226908095
2017-02-06 07:00:00,Dongsi,7.0,5.292090520257552
2017-02-06 08:00:00,Dongsi,4.0,10.522957515460442
2017-02-06 09:00:00,Dongsi,9.0,7.732162809848535
2017-02-06 10:00:00,Dongsi,4.0,7.7950213206236825
2017-02-06 11:00:00,Dongsi,3.0,7.164113341012856
2017-02-06 12:00:00,Dongsi,7.0,6.516691745655398
2017-02-06 13:00:00,Dongsi,3.0,6.998831494359438
2017-02-06 14:00:00,Dongsi,7.0,7.3312909689486885
2017-02-06 15:00:00,Dongsi,9.0,11.616182474194153
2017-02-06 16:00:00,Dongsi,11.0,14.537617184802452
2017-02-06 18:00:00,Dongsi,3.0,1.3800066816078282
2017-02-06 19:00:00,Dongsi,29.0,16.160562716376443
2017-02-06 20:00:00,Dongsi,47.0,34.16074431580716
2017-02-06 21:00:00,Dongsi,49.0,51.27080918469455
2017-02-06 22:00:00,Dongsi,50.0,51.8391907566833
2017-02-06 23:00:00,Dongsi,64.0,53.23411040316217
2017-02-07 00:00:00,Dongsi,75.0,68.00166807385719
2017-02-07 01:00:00,Dongsi,77.0,81.00386873245046
2017-02-07 02:00:00,Dongsi,77.0,80.20594831113965
2017-02-07 03:00:00,Dongsi,74.0,81.51318666206348
2017-02-07 04:00:00,Dongsi,79.0,79.51008326468452
2017-02-07 05:00:00,Dongsi,73.0,79.15184075005043
2017-02-07 06:00:00,Dongsi,74.0,71.33041091231807
2017-02-07 07:00:00,Dongsi,75.0,77.65294681576128
2017-02-07 08:00:00,Dongsi,83.0,77.65098686808643
2017-02-07 09:00:00,Dongsi,79.0,93.7569458685668
2017-02-07 10:00:00,Dongsi,53.0,85.63458413808644
2017-02-07 11:00:00,Dongsi,45.0,57.04583895560129
2017-02-07 12:00:00,Dongsi,46.0,50.4673503644838
2017-02-07 13:00:00,Dongsi,52.0,51.61929622450921
2017-02-07 14:00:00,Dongsi,53.0,57.29129240616865
2017-02-07 15:00:00,Dongsi,55.0,60.864511531671305
2017-02-07 16:00:00,Dongsi,93.0,69.92858160497876
2017-02-07 17:00:00,Dongsi,116.0,110.82339262660648
2017-02-07 18:00:00,Dongsi,115.0,131.49806887653415
2017-02-07 19:00:00,Dongsi,114.0,121.94959688567916
2017-02-07 20:00:00,Dongsi,123.0,118.41007599831157
2017-02-07 21:00:00,Dongsi,127.0,130.84161493989092
2017-02-07 22:00:00,Dongsi,116.0,136.84607442938227
2017-02-07 23:00:00,Dongsi,121.0,117.40050915191553
2017-02-08 00:00:00,Dongsi,122.0,131.65716824742424
2017-02-08 01:00:00,Dongsi,122.0,124.88870055999634
2017-02-08 02:00:00,Dongsi,125.0,124.47821834649672
2017-02-08 03:00:00,Dongsi,99.0,124.66953932351687
2017-02-08 04:00:00,Dongsi,104.0,88.55277908197239
2017-02-08 05:00:00,Dongsi,68.0,101.3640069703352
2017-02-08 06:00:00,Dongsi,18.0,51.54160649740917
2017-02-08 07:00:00,Dongsi,21.0,18.293303467355607
2017-02-08 08:00:00,Dongsi,18.0,21.796883611169086
2017-02-08 09:00:00,Dongsi,17.0,15.42478300337901
2017-02-08 10:00:00,Dongsi,19.0,14.353418858138346
2017-02-08 11:00:00,Dongsi,17.0,15.28238710280876
2017-02-08 12:00:00,Dongsi,20.0,14.65891834811358
2017-02-08 13:00:00,Dongsi,22.0,17.319276572106673
2017-02-08 14:00:00,Dongsi,16.0,18.324869677578803
2017-02-08 15:00:00,Dongsi,16.0,14.096491378376353
2017-02-08 16:00:00,Dongsi,17.0,14.637058921544225
2017-02-08 17:00:00,Dongsi,14.0,15.590570231206671
2017-02-08 18:00:00,Dongsi,18.0,13.327443877700993
2017-02-08 19:00:00,Dongsi,20.0,18.671047982019406
2017-02-08 20:00:00,Dongsi,18.0,20.038134092614616
2017-02-08 21:00:00,Dongsi,16.0,17.564609369548258
2017-02-08 22:00:00,Dongsi,20.0,16.662114334367953
2017-02-08 23:00:00,Dongsi,16.0,19.66745728068631
2017-02-09 00:00:00,Dongsi,14.0,16.516278447476928
2017-02-09 01:00:00,Dongsi,15.0,11.782005621382265
2017-02-09 03:00:00,Dongsi,14.0,-2.2323833383435767
2017-02-09 04:00:00,Dongsi,14.0,6.376524747796349
2017-02-09 05:00:00,Dongsi,12.0,11.307525700291235
2017-02-09 06:00:00,Dongsi,13.0,9.931354077847603
2017-02-09 07:00:00,Dongsi,15.0,10.394102721339202
2017-02-09 08:00:00,Dongsi,13.0,11.675462222021572
2017-02-09 09:00:00,Dongsi,12.0,10.651408049274362
2017-02-09 10:00:00,Dongsi,12.0,9.858027086204023
2017-02-09 11:00:00,Dongsi,12.0,9.84177087185433
2017-02-09 12:00:00,Dongsi,16.0,10.11890091957187
2017-02-09 13:00:00,Dongsi,16.0,13.452159934465577
2017-02-09 14:00:00,Dongsi,14.0,13.959398726560911
2017-02-09 15:00:00,Dongsi,13.0,12.444361933461966
2017-02-09 16:00:00,Dongsi,10.0,11.998128675513005
2017-02-09 17:00:00,Dongsi,13.0,10.386571524268966
2017-02-09 18:00:00,Dongsi,15.0,12.417935600714143
2017-02-09 19:00:00,Dongsi,15.0,13.806456128849172
2017-02-09 20:00:00,Dongsi,15.0,13.459742775147692
2017-02-09 21:00:00,Dongsi,12.0,13.1658478347003
2017-02-09 22:00:00,Dongsi,12.0,10.26020242639909
2017-02-09 23:00:00,Dongsi,12.0,9.870623456309769
2017-02-10 00:00:00,Dongsi,11.0,11.04341823231345
2017-02-10 01:00:00,Dongsi,12.0,10.20181782872148
2017-02-10 02:00:00,Dongsi,16.0,9.897438377996856
2017-02-10 03:00:00,Dongsi,13.0,12.773912903889146
2017-02-10 04:00:00,Dongsi,11.0,10.611515863631116
2017-02-10 05:00:00,Dongsi,14.0,8.647777050638044
2017-02-10 06:00:00,Dongsi,10.0,10.926734306041903
2017-02-10 07:00:00,Dongsi,11.0,8.845071419811562
2017-02-10 08:00:00,Dongsi,10.0,8.977967336190977
2017-02-10 09:00:00,Dongsi,11.0,8.489137263390328
2017-02-10 10:00:00,Dongsi,9.0,8.704502318710974
2017-02-10 11:00:00,Dongsi,13.0,7.519626591122213
2017-02-10 12:00:00,Dongsi,13.0,10.40221048398268
2017-02-10 13:00:00,Dongsi,13.0,13.28888286653726
2017-02-10 14:00:00,Dongsi,13.0,10.847685023313232
2017-02-10 15:00:00,Dongsi,13.0,11.00986586570944
2017-02-10 16:00:00,Dongsi,12.0,11.30006789601901
2017-02-10 17:00:00,Dongsi,10.0,11.606197302957952
2017-02-10 18:00:00,Dongsi,15.0,10.427739777441392
2017-02-10 19:00:00,Dongsi,17.0,13.931387627503051
2017-02-10 20:00:00,Dongsi,18.0,16.607105597939018
2017-02-10 21:00:00,Dongsi,20.0,16.98296007452922
2017-02-10 22:00:00,Dongsi,20.0,19.67579272108688
2017-02-10 23:00:00,Dongsi,23.0,19.14362509541387
2017-02-11 00:00:00,Dongsi,17.0,20.394342691792833
2017-02-11 01:00:00,Dongsi,20.0,18.97042106216536
2017-02-11 02:00:00,Dongsi,22.0,19.090194920229244
2017-02-11 03:00:00,Dongsi,20.0,20.761708394109156
2017-02-11 04:00:00,Dongsi,20.0,17.637985257643617
2017-02-11 05:00:00,Dongsi,19.0,22.407174881119726
2017-02-11 06:00:00,Dongsi,19.0,23.497866968725138
2017-02-11 07:00:00,Dongsi,22.0,20.092513187077085
2017-02-11 08:00:00,Dongsi,25.0,25.012370583709178
2017-02-11 09:00:00,Dongsi,26.0,27.36321156018973
2017-02-11 10:00:00,Dongsi,31.0,24.444431186842937
2017-02-11 11:00:00,Dongsi,21.0,31.753461618524216
2017-02-11 12:00:00,Dongsi,18.0,18.191995376157013
2017-02-11 13:00:00,Dongsi,17.0,16.22191076532204
2017-02-11 14:00:00,Dongsi,17.0,15.327094397039923
2017-02-11 15:00:00,Dongsi,22.0,18.57293988898674
2017-02-11 16:00:00,Dongsi,45.0,21.951155480625296
2017-02-11 17:00:00,Dongsi,59.0,53.60932031812078
2017-02-11 18:00:00,Dongsi,75.0,65.70838614845627
2017-02-11 19:00:00,Dongsi,110.0,86.51253114932372
2017-02-11 20:00:00,Dongsi,168.0,120.75393829523398
2017-02-11 21:00:00,Dongsi,245.0,175.09281992579304
2017-02-11 22:00:00,Dongsi,377.0,246.23718051739735
2017-02-11 23:00:00,Dongsi,303.0,403.70869326851084
2017-02-12 00:00:00,Dongsi,250.0,313.29109885827984
2017-02-12 01:00:00,Dongsi,266.0,257.28365080200814
2017-02-12 02:00:00,Dongsi,189.0,240.11166916674847
2017-02-12 03:00:00,Dongsi,107.0,136.93038833306667
2017-02-12 04:00:00,Dongsi,82.0,79.08408492001774
2017-02-12 05:00:00,Dongsi,58.0,71.48270009455268
2017-02-12 06:00:00,Dongsi,78.0,56.63691224462346
2017-02-12 07:00:00,Dongsi,154.0,84.00225400610923
2017-02-12 08:00:00,Dongsi,135.0,157.2636142936132
2017-02-12 09:00:00,Dongsi,136.0,124.4483482187042
2017-02-12 10:00:00,Dongsi,152.0,143.85061084071998
2017-02-12 11:00:00,Dongsi,157.0,147.11869099134083
2017-02-12 12:00:00,Dongsi,148.0,141.62069715590178
2017-02-12 13:00:00,Dongsi,153.0,141.71728279072403
2017-02-12 14:00:00,Dongsi,142.0,162.49058704053508
2017-02-12 15:00:00,Dongsi,127.0,139.60173225726228
2017-02-12 16:00:00,Dongsi,118.0,121.15595044275658
2017-02-12 17:00:00,Dongsi,128.0,122.02237601770514
2017-02-12 18:00:00,Dongsi,134.0,140.11567320172796
2017-02-12 19:00:00,Dongsi,124.0,145.83939995167592
2017-02-12 20:00:00,Dongsi,147.0,130.78937941602499
2017-02-12 21:00:00,Dongsi,155.0,159.96612305995754
2017-02-12 22:00:00,Dongsi,157.0,170.6918236944502
2017-02-12 23:00:00,Dongsi,162.0,167.2092268502499
2017-02-13 00:00:00,Dongsi,161.0,169.39379197551355
2017-02-13 01:00:00,Dongsi,209.0,180.65548323763784
2017-02-13 02:00:00,Dongsi,212.0,213.9614411712895
2017-02-13 03:00:00,Dongsi,202.0,199.60980462281375
2017-02-13 04:00:00,Dongsi,159.0,188.26719892397952
2017-02-13 05:00:00,Dongsi,106.0,138.83935135392454
2017-02-13 06:00:00,Dongsi,110.0,85.44089769263573
2017-02-13 07:00:00,Dongsi,108.0,116.6451402052383
2017-02-13 08:00:00,Dongsi,79.0,105.73952536056271
2017-02-13 09:00:00,Dongsi,58.0,71.74353024677238
2017-02-13 10:00:00,Dongsi,48.0,56.128770914422105
2017-02-13 11:00:00,Dongsi,30.0,46.013909416728076
2017-02-13 12:00:00,Dongsi,20.0,27.305417741496708
2017-02-13 13:00:00,Dongsi,20.0,19.015345482568215
2017-02-13 14:00:00,Dongsi,26.0,20.120572053004455
2017-02-13 15:00:00,Dongsi,23.0,25.04789932151264
2017-02-13 16:00:00,Dongsi,26.0,22.108580372791018
2017-02-13 17:00:00,Dongsi,28.0,32.50024005481284
2017-02-13 18:00:00,Dongsi,59.0,37.49871081468646
2017-02-13 19:00:00,Dongsi,113.0,86.78860258129826
2017-02-13 20:00:00,Dongsi,120.0,129.88498853292174
2017-02-13 21:00:00,Dongsi,178.0,132.26567228376393
2017-02-13 22:00:00,Dongsi,181.0,179.30917623371272
2017-02-13 23:00:00,Dongsi,138.0,185.8639199870158
2017-02-14 00:00:00,Dongsi,118.0,125.96887883312836
2017-02-14 01:00:00,Dongsi,153.0,118.30310902535558
2017-02-14 02:00:00,Dongsi,158.0,169.48694670965037
2017-02-14 03:00:00,Dongsi,155.0,162.5451177200238
2017-02-14 04:00:00,Dongsi,151.0,159.34274931944907
2017-02-14 05:00:00,Dongsi,139.0,155.03887096443427
2017-02-14 06:00:00,Dongsi,136.0,135.1231601703162
2017-02-14 07:00:00,Dongsi,145.0,143.71998047943063
2017-02-14 08:00:00,Dongsi,145.0,163.35397117888093
2017-02-14 09:00:00,Dongsi,168.0,162.88155460404982
2017-02-14 10:00:00,Dongsi,193.0,190.17702835267542
2017-02-14 11:00:00,Dongsi,218.0,215.7439883174272
2017-02-14 12:00:00,Dongsi,3.0,245.62990756388174
2017-02-14 13:00:00,Dongsi,3.0,61.02429629097805
2017-02-14 14:00:00,Dongsi,3.0,58.641072067324146
2017-02-14 15:00:00,Dongsi,169.0,107.21291119353798
2017-02-14 16:00:00,Dongsi,227.0,231.29692595401866
2017-02-14 17:00:00,Dongsi,216.0,249.50906568470975
2017-02-14 18:00:00,Dongsi,219.0,236.3349070007053
2017-02-14 19:00:00,Dongsi,228.0,238.4619265432284
2017-02-14 20:00:00,Dongsi,248.0,246.380920874519
2017-02-14 21:00:00,Dongsi,245.0,258.46538853450465
2017-02-14 22:00:00,Dongsi,259.0,243.13079402723443
2017-02-14 23:00:00,Dongsi,277.0,275.1672001947456
2017-02-15 00:00:00,Dongsi,278.0,309.2050628055641
2017-02-15 01:00:00,Dongsi,258.0,278.52931483115566
2017-02-15 02:00:00,Dongsi,251.0,251.90444386336145
2017-02-15 03:00:00,Dongsi,247.0,236.09370515293702
2017-02-15 04:00:00,Dongsi,256.0,228.35551286318088
2017-02-15 05:00:00,Dongsi,254.0,237.40493844446985
2017-02-15 06:00:00,Dongsi,238.0,238.84496521073945
2017-02-15 07:00:00,Dongsi,240.0,228.64317813738288
2017-02-15 08:00:00,Dongsi,248.0,235.65438113327488
2017-02-15 09:00:00,Dongsi,256.0,248.35791766177502
2017-02-15 10:00:00,Dongsi,265.0,255.42952043169663
2017-02-15 11:00:00,Dongsi,260.0,266.6441571949547
2017-02-15 12:00:00,Dongsi,3.0,266.68382000707095
2017-02-15 15:00:00,Dongsi,3.0,147.3151034532503
2017-02-15 16:00:00,Dongsi,206.0,68.80418224440308
2017-02-15 17:00:00,Dongsi,262.0,267.810548829837
2017-02-15 18:00:00,Dongsi,264.0,278.47101766218594
2017-02-15 19:00:00,Dongsi,280.0,251.8752073565175
2017-02-15 20:00:00,Dongsi,284.0,282.64525660193794
2017-02-15 21:00:00,Dongsi,282.0,295.19452290557484
2017-02-15 22:00:00,Dongsi,274.0,279.9329543040363
2017-02-15 23:00:00,Dongsi,263.0,281.8044450669706
2017-02-16 00:00:00,Dongsi,266.0,265.3906491668975
2017-02-16 01:00:00,Dongsi,277.0,264.3811684584455
2017-02-16 02:00:00,Dongsi,275.0,272.6788368795608
2017-02-16 03:00:00,Dongsi,278.0,271.096458978526
2017-02-16 04:00:00,Dongsi,268.0,269.8644731615433
2017-02-16 05:00:00,Dongsi,273.0,255.46222938855968
2017-02-16 06:00:00,Dongsi,265.0,254.85783109946772
2017-02-16 07:00:00,Dongsi,209.0,240.3273428972098
2017-02-16 08:00:00,Dongsi,157.0,177.13756869513387
2017-02-16 09:00:00,Dongsi,105.0,131.16386411529086
2017-02-16 10:00:00,Dongsi,30.0,61.92082934495598
2017-02-16 11:00:00,Dongsi,17.0,19.87474728512763
2017-02-16 12:00:00,Dongsi,16.0,20.313714756105682
2017-02-16 13:00:00,Dongsi,18.0,16.658993953451834
2017-02-16 14:00:00,Dongsi,15.0,15.594144581862512
2017-02-16 15:00:00,Dongsi,12.0,14.31446663208044
2017-02-16 16:00:00,Dongsi,13.0,12.075027606627327
2017-02-16 17:00:00,Dongsi,14.0,13.299886095477241
2017-02-16 18:00:00,Dongsi,13.0,13.913786842374037
2017-02-16 19:00:00,Dongsi,14.0,13.041014201727494
2017-02-16 20:00:00,Dongsi,9.0,12.469104853823344
2017-02-16 21:00:00,Dongsi,7.0,8.718462795467076
2017-02-16 22:00:00,Dongsi,8.0,7.476008677390186
2017-02-16 23:00:00,Dongsi,6.0,7.097047171079516
2017-02-17 00:00:00,Dongsi,7.0,6.663800296639979
2017-02-17 01:00:00,Dongsi,7.0,6.285231784684982
2017-02-17 02:00:00,Dongsi,6.0,6.119565576517741
2017-02-17 03:00:00,Dongsi,7.0,5.14883484592426
2017-02-17 04:00:00,Dongsi,10.0,8.711988399685463
2017-02-17 05:00:00,Dongsi,10.0,11.005099322002422
2017-02-17 06:00:00,Dongsi,6.0,11.491167283353084
2017-02-17 07:00:00,Dongsi,8.0,9.499434374787514
2017-02-17 08:00:00,Dongsi,8.0,10.748850270470777
2017-02-17 09:00:00,Dongsi,6.0,10.295716440517095
2017-02-17 10:00:00,Dongsi,5.0,5.954115570595555
2017-02-17 11:00:00,Dongsi,8.0,5.989353457245625
2017-02-17 12:00:00,Dongsi,3.0,7.129260066821648
2017-02-17 13:00:00,Dongsi,4.0,5.816937618859086
2017-02-17 14:00:00,Dongsi,6.0,5.383950431475204
2017-02-17 15:00:00,Dongsi,18.0,11.262788415523438
2017-02-17 16:00:00,Dongsi,41.0,21.08613659333199
2017-02-17 17:00:00,Dongsi,50.0,45.87746386235644
2017-02-17 18:00:00,Dongsi,69.0,56.142104219002015
2017-02-17 19:00:00,Dongsi,67.0,72.92472532130563
2017-02-17 20:00:00,Dongsi,63.0,70.49311103608986
2017-02-17 21:00:00,Dongsi,63.0,67.92460821293459
2017-02-17 22:00:00,Dongsi,61.0,64.04265413005456
2017-02-17 23:00:00,Dongsi,61.0,64.87732963549199
2017-02-18 00:00:00,Dongsi,70.0,76.94063001530576
2017-02-18 01:00:00,Dongsi,90.0,74.69226817356014
2017-02-18 02:00:00,Dongsi,102.0,92.49644842251794
2017-02-18 03:00:00,Dongsi,123.0,103.49345110243391
2017-02-18 04:00:00,Dongsi,87.0,124.92366328386389
2017-02-18 05:00:00,Dongsi,81.0,76.9310471624939
2017-02-18 06:00:00,Dongsi,79.0,83.22178593992801
2017-02-18 07:00:00,Dongsi,80.0,84.18470659680254
2017-02-18 08:00:00,Dongsi,76.0,84.59484688535912
2017-02-18 09:00:00,Dongsi,89.0,79.33320687197364
2017-02-18 10:00:00,Dongsi,103.0,92.36057093780359
2017-02-18 11:00:00,Dongsi,94.0,101.48379794581183
2017-02-18 12:00:00,Dongsi,93.0,97.10311013837543
2017-02-18 13:00:00,Dongsi,102.0,94.7757207228454
2017-02-18 14:00:00,Dongsi,94.0,103.94779534165312
2017-02-18 15:00:00,Dongsi,96.0,95.37789143431833
2017-02-18 16:00:00,Dongsi,76.0,103.77238570492199
2017-02-18 17:00:00,Dongsi,63.0,82.97710859584627
2017-02-18 18:00:00,Dongsi,71.0,73.99970921540586
2017-02-18 19:00:00,Dongsi,92.0,86.36622702021191
2017-02-18 20:00:00,Dongsi,117.0,106.44036827048468
2017-02-18 21:00:00,Dongsi,111.0,130.45146907857685
2017-02-18 22:00:00,Dongsi,125.0,129.07165290060385
2017-02-18 23:00:00,Dongsi,133.0,134.33375191797293
2017-02-19 00:00:00,Dongsi,137.0,140.73610001832398
2017-02-19 01:00:00,Dongsi,147.0,138.4293104623605
2017-02-19 02:00:00,Dongsi,158.0,149.2315660121579
2017-02-19 03:00:00,Dongsi,168.0,160.40754207375454
2017-02-19 04:00:00,Dongsi,169.0,168.0175261860776
2017-02-19 05:00:00,Dongsi,170.0,166.68731709382794
2017-02-19 06:00:00,Dongsi,166.0,179.21949956511872
2017-02-19 07:00:00,Dongsi,160.0,172.74980063672166
2017-02-19 08:00:00,Dongsi,155.0,170.75957758587327
2017-02-19 09:00:00,Dongsi,166.0,165.9107276516073
2017-02-19 10:00:00,Dongsi,170.0,166.1905211659378
2017-02-19 11:00:00,Dongsi,175.0,158.25667101955162
2017-02-19 12:00:00,Dongsi,177.0,163.67267876307477
2017-02-19 13:00:00,Dongsi,153.0,181.65665953781433
2017-02-19 14:00:00,Dongsi,73.0,148.58827955219283
2017-02-19 15:00:00,Dongsi,15.0,37.13114467112555
2017-02-19 16:00:00,Dongsi,13.0,12.41476308411675
2017-02-19 17:00:00,Dongsi,8.0,11.221394080358488
2017-02-19 18:00:00,Dongsi,14.0,11.071492801068718
2017-02-19 19:00:00,Dongsi,15.0,12.500020627639438
2017-02-19 20:00:00,Dongsi,10.0,15.061100510551821
2017-02-19 21:00:00,Dongsi,10.0,10.46475593920667
2017-02-19 22:00:00,Dongsi,4.0,11.25013797630018
2017-02-19 23:00:00,Dongsi,5.0,7.674334268361036
2017-02-20 00:00:00,Dongsi,6.0,6.878077591802554
2017-02-20 01:00:00,Dongsi,9.0,6.204179977567789
2017-02-20 02:00:00,Dongsi,13.0,7.248841217278647
2017-02-20 03:00:00,Dongsi,5.0,11.55922075921347
2017-02-20 04:00:00,Dongsi,3.0,8.14031700441665
2017-02-20 05:00:00,Dongsi,4.0,7.743655352502889
2017-02-20 06:00:00,Dongsi,3.0,5.660498529481897
2017-02-20 07:00:00,Dongsi,6.0,5.405727438767226
2017-02-20 08:00:00,Dongsi,8.0,9.228039520199806
2017-02-20 09:00:00,Dongsi,3.0,9.458044667977434
2017-02-20 10:00:00,Dongsi,4.0,8.902052711701463
2017-02-20 11:00:00,Dongsi,8.0,8.377925715840428
2017-02-20 12:00:00,Dongsi,10.0,7.398874448485142
2017-02-20 13:00:00,Dongsi,8.0,8.984459218854179
2017-02-20 16:00:00,Dongsi,7.0,6.662264054198465
2017-02-20 18:00:00,Dongsi,15.0,38.35213577201151
2017-02-20 19:00:00,Dongsi,20.0,21.3980196463557
2017-02-20 20:00:00,Dongsi,22.0,29.792654175325584
2017-02-20 21:00:00,Dongsi,28.0,26.789727953841943
2017-02-20 22:00:00,Dongsi,31.0,34.15647096855456
2017-02-21 01:00:00,Dongsi,38.0,79.45847869879583
2017-02-21 02:00:00,Dongsi,44.0,37.932054017086315
2017-02-21 05:00:00,Dongsi,89.0,52.11697525469636
2017-02-21 08:00:00,Dongsi,58.0,63.106751898432535
2017-02-21 09:00:00,Dongsi,56.0,63.70622115516146
2017-02-21 11:00:00,Dongsi,60.0,66.42114396501995
2017-02-21 13:00:00,Dongsi,46.0,84.18867384168975
2017-02-21 14:00:00,Dongsi,36.0,49.94204075110218
2017-02-21 15:00:00,Dongsi,32.0,45.278668800014614
2017-02-21 16:00:00,Dongsi,25.0,46.17907239619684
2017-02-21 17:00:00,Dongsi,32.0,33.521584393997934
2017-02-21 18:00:00,Dongsi,40.0,46.372468048751074
2017-02-21 19:00:00,Dongsi,66.0,62.38634863307352
2017-02-21 20:00:00,Dongsi,70.0,85.28260474553956
2017-02-21 21:00:00,Dongsi,53.0,83.10977414004475
2017-02-21 22:00:00,Dongsi,68.0,67.12341086186359
2017-02-21 23:00:00,Dongsi,69.0,70.04884437046073
2017-02-22 00:00:00,Dongsi,70.0,70.56054625536021
2017-02-22 01:00:00,Dongsi,84.0,73.0437710297449
2017-02-22 02:00:00,Dongsi,89.0,88.35557381020644
2017-02-22 03:00:00,Dongsi,94.0,91.75463888407414
2017-02-22 04:00:00,Dongsi,97.0,96.69317440358473
2017-02-22 05:00:00,Dongsi,98.0,101.0130377421462
2017-02-22 06:00:00,Dongsi,96.0,103.3186335885589
2017-02-22 07:00:00,Dongsi,106.0,93.47871321739913
2017-02-22 08:00:00,Dongsi,115.0,106.31776501475827
2017-02-22 09:00:00,Dongsi,129.0,124.17834993406585
2017-02-22 10:00:00,Dongsi,127.0,138.24952109555414
2017-02-22 11:00:00,Dongsi,133.0,141.60155017214785
2017-02-22 12:00:00,Dongsi,136.0,151.7817209689127
2017-02-22 13:00:00,Dongsi,128.0,148.78180168156135
2017-02-22 14:00:00,Dongsi,127.0,140.66165826281977
2017-02-22 17:00:00,Dongsi,8.0,22.273207792732176
2017-02-22 18:00:00,Dongsi,8.0,7.0692339551679995
2017-02-22 19:00:00,Dongsi,14.0,15.39265635542744
2017-02-22 20:00:00,Dongsi,11.0,19.176629110547786
2017-02-22 21:00:00,Dongsi,11.0,16.08458214845885
2017-02-22 22:00:00,Dongsi,8.0,15.940388126336053
2017-02-22 23:00:00,Dongsi,12.0,13.90353779768636
2017-02-23 00:00:00,Dongsi,10.0,15.653774408664574
2017-02-23 01:00:00,Dongsi,15.0,14.64205174154317
2017-02-23 02:00:00,Dongsi,9.0,14.683455688766715
2017-02-23 03:00:00,Dongsi,9.0,15.052521907231117
2017-02-23 04:00:00,Dongsi,13.0,10.942200299396317
2017-02-23 05:00:00,Dongsi,9.0,14.114537439694995
2017-02-23 06:00:00,Dongsi,11.0,13.071747601443086
2017-02-23 07:00:00,Dongsi,10.0,18.732628415217476
2017-02-23 08:00:00,Dongsi,8.0,22.18882349231749
2017-02-23 09:00:00,Dongsi,10.0,15.640945070600342
2017-02-23 10:00:00,Dongsi,12.0,18.53323867215468
2017-02-23 11:00:00,Dongsi,15.0,16.55406783011685
2017-02-23 12:00:00,Dongsi,13.0,18.074207985103246
2017-02-23 13:00:00,Dongsi,5.0,12.480149199612223
2017-02-23 14:00:00,Dongsi,11.0,7.203574285907936
2017-02-23 15:00:00,Dongsi,31.0,15.854539070040634
2017-02-23 16:00:00,Dongsi,34.0,41.779045860131184
2017-02-23 17:00:00,Dongsi,38.0,41.73478884017093
2017-02-23 18:00:00,Dongsi,34.0,51.27325808922239
2017-02-23 19:00:00,Dongsi,42.0,56.69701905520224
2017-02-23 20:00:00,Dongsi,35.0,55.73072703923148
2017-02-23 21:00:00,Dongsi,35.0,45.95267640691856
2017-02-23 22:00:00,Dongsi,48.0,45.51534448466211
2017-02-23 23:00:00,Dongsi,55.0,59.136660050837556
2017-02-24 00:00:00,Dongsi,64.0,66.43325212382686
2017-02-24 01:00:00,Dongsi,78.0,75.87506801838829
2017-02-24 02:00:00,Dongsi,89.0,81.36762719512501
2017-02-24 03:00:00,Dongsi,91.0,94.34775849401626
2017-02-24 04:00:00,Dongsi,52.0,87.81330761138628
2017-02-24 05:00:00,Dongsi,23.0,48.0546760162592
2017-02-24 06:00:00,Dongsi,21.0,24.411814193547887
2017-02-24 07:00:00,Dongsi,16.0,23.914806992219535
2017-02-24 08:00:00,Dongsi,19.0,24.060870735523718
2017-02-24 09:00:00,Dongsi,18.0,25.517776566734167
2017-02-24 10:00:00,Dongsi,19.0,23.88824873279083
2017-02-24 11:00:00,Dongsi,14.0,23.41703526513144
2017-02-24 12:00:00,Dongsi,16.0,19.470314591738614
2017-02-24 13:00:00,Dongsi,18.0,23.28941567785474
2017-02-24 14:00:00,Dongsi,22.0,21.4289273402844
2017-02-24 15:00:00,Dongsi,20.0,28.144821568813025
2017-02-24 16:00:00,Dongsi,11.0,23.69105452040318
2017-02-24 17:00:00,Dongsi,10.0,19.430690358295227
2017-02-24 18:00:00,Dongsi,14.0,18.331360771618762
2017-02-24 19:00:00,Dongsi,12.0,20.585890947908638
2017-02-24 20:00:00,Dongsi,10.0,17.780852673307184
2017-02-24 21:00:00,Dongsi,14.0,15.261123921240452
2017-02-24 22:00:00,Dongsi,14.0,19.566820866255057
2017-02-24 23:00:00,Dongsi,10.0,24.878015222027923
2017-02-25 00:00:00,Dongsi,8.0,20.002138452897054
2017-02-25 01:00:00,Dongsi,5.0,17.296303711823345
2017-02-25 02:00:00,Dongsi,3.0,17.843237554776923
2017-02-25 03:00:00,Dongsi,3.0,16.70471554499353
2017-02-25 04:00:00,Dongsi,5.0,16.415294214732807
2017-02-25 05:00:00,Dongsi,3.0,15.742373395543693
2017-02-25 06:00:00,Dongsi,3.0,18.253487063966347
2017-02-25 07:00:00,Dongsi,14.0,12.579835623957825
2017-02-25 08:00:00,Dongsi,10.0,19.116575878195047
2017-02-25 09:00:00,Dongsi,7.0,15.950943893110907
2017-02-25 10:00:00,Dongsi,13.0,11.538822414303263
2017-02-25 11:00:00,Dongsi,5.0,15.054964479727225
2017-02-25 12:00:00,Dongsi,12.0,12.190516564159854
2017-02-25 13:00:00,Dongsi,10.0,14.47190435943045
2017-02-25 14:00:00,Dongsi,12.0,14.305926008820236
2017-02-25 15:00:00,Dongsi,9.0,21.24623359701266
2017-02-25 16:00:00,Dongsi,11.0,17.07414263090676
2017-02-25 17:00:00,Dongsi,9.0,23.655427065781524
2017-02-25 18:00:00,Dongsi,12.0,14.041007852898277
2017-02-25 19:00:00,Dongsi,18.0,19.684530793151314
2017-02-25 20:00:00,Dongsi,20.0,23.955403315899847
2017-02-25 21:00:00,Dongsi,20.0,32.628335166055095
2017-02-25 22:00:00,Dongsi,20.0,25.647353354632056
2017-02-25 23:00:00,Dongsi,18.0,29.563332606815777
2017-02-26 00:00:00,Dongsi,17.0,23.381707345636595
2017-02-26 01:00:00,Dongsi,21.0,23.28714604687539
2017-02-26 02:00:00,Dongsi,19.0,25.73876770237986
2017-02-26 03:00:00,Dongsi,22.0,24.340352667149467
2017-02-26 04:00:00,Dongsi,20.0,23.434252049205547
2017-02-26 05:00:00,Dongsi,21.0,22.401739540954456
2017-02-26 06:00:00,Dongsi,17.0,25.083693818702685
2017-02-26 07:00:00,Dongsi,18.0,25.610165068700194
2017-02-26 08:00:00,Dongsi,19.0,26.727454778024835
2017-02-26 09:00:00,Dongsi,23.0,26.320399528588826
2017-02-26 10:00:00,Dongsi,24.0,28.736367883405688
2017-02-26 11:00:00,Dongsi,21.0,32.66328195075986
2017-02-26 12:00:00,Dongsi,21.0,25.340640513906738
2017-02-26 13:00:00,Dongsi,21.0,25.268170935372016
2017-02-26 14:00:00,Dongsi,28.0,26.821430764534664
2017-02-26 15:00:00,Dongsi,28.0,38.37018146085921
2017-02-26 16:00:00,Dongsi,29.0,38.95430387064491
2017-02-26 17:00:00,Dongsi,28.0,37.740913956782464
2017-02-26 18:00:00,Dongsi,37.0,37.3418888514541
2017-02-26 19:00:00,Dongsi,40.0,49.02314673543903
2017-02-26 20:00:00,Dongsi,45.0,52.180683774683686
2017-02-26 21:00:00,Dongsi,55.0,53.92712705607987
2017-02-26 22:00:00,Dongsi,59.0,63.898402249614755
2017-02-26 23:00:00,Dongsi,52.0,64.9532436165718
2017-02-27 00:00:00,Dongsi,50.0,60.22968412775807
2017-02-27 01:00:00,Dongsi,60.0,52.298483371265434
2017-02-27 02:00:00,Dongsi,76.0,68.46675965294997
2017-02-27 03:00:00,Dongsi,89.0,82.49028821313281
2017-02-27 04:00:00,Dongsi,121.0,93.82729979623824
2017-02-27 05:00:00,Dongsi,119.0,119.94302105309347
2017-02-27 06:00:00,Dongsi,102.0,120.49890195969714
2017-02-27 07:00:00,Dongsi,86.0,102.85484871259543
2017-02-27 08:00:00,Dongsi,84.0,88.25663106753572
2017-02-27 09:00:00,Dongsi,94.0,89.79791658659468
2017-02-27 10:00:00,Dongsi,109.0,101.22501867669287
2017-02-27 11:00:00,Dongsi,101.0,114.4588553396408
2017-02-27 12:00:00,Dongsi,106.0,111.79037351220371
2017-02-27 17:00:00,Dongsi,47.0,75.3995382676678
2017-02-27 18:00:00,Dongsi,48.0,59.19493649752185
2017-02-27 19:00:00,Dongsi,58.0,58.96023646955167
2017-02-27 20:00:00,Dongsi,56.0,73.75038680089915
2017-02-27 21:00:00,Dongsi,58.0,65.52206658534345
2017-02-27 22:00:00,Dongsi,65.0,64.05998007376401
2017-02-27 23:00:00,Dongsi,73.0,74.33824604098797
2017-02-28 00:00:00,Dongsi,31.0,76.08090566205178
2017-02-28 01:00:00,Dongsi,11.0,31.980394036745903
2017-02-28 02:00:00,Dongsi,11.0,16.04915611073996
2017-02-28 03:00:00,Dongsi,14.0,15.900784640697472
2017-02-28 04:00:00,Dongsi,10.0,19.438692854700278
2017-02-28 05:00:00,Dongsi,12.0,16.62441168189931
2017-02-28 06:00:00,Dongsi,10.0,16.151408158922614
2017-02-28 07:00:00,Dongsi,13.0,14.930162132837081
2017-02-28 08:00:00,Dongsi,8.0,19.003170578722056
2017-02-28 09:00:00,Dongsi,11.0,14.974509617390096
2017-02-28 10:00:00,Dongsi,11.0,14.28011027293408
2017-02-28 11:00:00,Dongsi,5.0,14.252679436473134
2017-02-28 12:00:00,Dongsi,9.0,7.244116108966894
2017-02-28 13:00:00,Dongsi,7.0,8.28137212859842
2017-02-28 14:00:00,Dongsi,8.0,7.719718878514059
2017-02-28 15:00:00,Dongsi,9.0,7.515839558003302
2017-02-28 16:00:00,Dongsi,12.0,9.004342762343509
2017-02-28 17:00:00,Dongsi,13.0,12.175420453731414
2017-02-28 18:00:00,Dongsi,16.0,16.458885571897778
2017-02-28 19:00:00,Dongsi,18.0,17.332948205694176
2017-02-28 20:00:00,Dongsi,23.0,23.30073635439222
2017-02-28 21:00:00,Dongsi,23.0,30.54567350093463
2017-02-28 22:00:00,Dongsi,30.0,31.140175585584995
2017-01-01 00:00:00,Guanyuan,476.0,473.75122472819453
2017-01-01 01:00:00,Guanyuan,454.0,475.2072934756559
2017-01-01 02:00:00,Guanyuan,451.0,417.97647696855535
2017-01-01 03:00:00,Guanyuan,443.0,397.4526080864137
2017-01-01 04:00:00,Guanyuan,433.0,411.65282611900847
2017-01-01 05:00:00,Guanyuan,418.0,361.0840045530996
2017-01-01 06:00:00,Guanyuan,437.0,377.47976952375075
2017-01-01 07:00:00,Guanyuan,461.0,429.79620931481713
2017-01-01 08:00:00,Guanyuan,470.0,477.46327259334754
2017-01-01 09:00:00,Guanyuan,487.0,479.6607905541522
2017-01-01 10:00:00,Guanyuan,503.0,522.4795336254973
2017-01-01 11:00:00,Guanyuan,530.0,555.6622904220999
2017-01-01 12:00:00,Guanyuan,570.0,543.0463665751353
2017-01-01 13:00:00,Guanyuan,575.0,554.0941510755245
2017-01-01 14:00:00,Guanyuan,545.0,539.8679155093189
2017-01-01 15:00:00,Guanyuan,550.0,525.5810964639294
2017-01-01 16:00:00,Guanyuan,531.0,504.44500458654437
2017-01-01 17:00:00,Guanyuan,533.0,496.1707964830468
2017-01-01 18:00:00,Guanyuan,522.0,514.7693999007524
2017-01-01 19:00:00,Guanyuan,507.0,502.59520806188226
2017-01-01 20:00:00,Guanyuan,485.0,485.4576027110749
2017-01-01 21:00:00,Guanyuan,476.0,489.9857500704659
2017-01-01 22:00:00,Guanyuan,500.0,490.7250932237794
2017-01-01 23:00:00,Guanyuan,500.0,511.8642040921237
2017-01-02 00:00:00,Guanyuan,480.0,523.8957310936721
2017-01-02 01:00:00,Guanyuan,435.0,514.9306028150091
2017-01-02 02:00:00,Guanyuan,266.0,371.92746913648506
2017-01-02 03:00:00,Guanyuan,229.0,195.61193021741747
2017-01-02 04:00:00,Guanyuan,192.0,194.91470508042394
2017-01-02 05:00:00,Guanyuan,60.0,170.48524657761357
2017-01-02 06:00:00,Guanyuan,31.0,57.47319606395038
2017-01-02 07:00:00,Guanyuan,12.0,37.172900015187324
2017-01-02 08:00:00,Guanyuan,24.0,15.816750073138905
2017-01-02 09:00:00,Guanyuan,17.0,25.955335651565644
2017-01-02 10:00:00,Guanyuan,74.0,22.147502446569256
2017-01-02 11:00:00,Guanyuan,252.0,64.1687608335053
2017-01-02 12:00:00,Guanyuan,241.0,295.9618291555264
2017-01-02 13:00:00,Guanyuan,239.0,199.168964613104
2017-01-02 14:00:00,Guanyuan,263.0,233.595400664598
2017-01-02 15:00:00,Guanyuan,232.0,256.592612261984
2017-01-02 16:00:00,Guanyuan,219.0,207.27586334061658
2017-01-02 17:00:00,Guanyuan,171.0,219.3413872762346
2017-01-02 18:00:00,Guanyuan,173.0,157.81816587610444
2017-01-02 19:00:00,Guanyuan,151.0,181.27771982263886
2017-01-02 20:00:00,Guanyuan,150.0,155.49247517728267
2017-01-02 21:00:00,Guanyuan,213.0,151.87096534524701
2017-01-02 22:00:00,Guanyuan,232.0,216.50027119726468
2017-01-02 23:00:00,Guanyuan,212.0,232.26759643483956
2017-01-03 00:00:00,Guanyuan,233.0,199.92357121680902
2017-01-03 01:00:00,Guanyuan,277.0,219.8647288393302
2017-01-03 02:00:00,Guanyuan,282.0,259.4445007652074
2017-01-03 03:00:00,Guanyuan,286.0,262.638798592261
2017-01-03 04:00:00,Guanyuan,282.0,272.6287846694444
2017-01-03 05:00:00,Guanyuan,285.0,259.3744628194575
2017-01-03 06:00:00,Guanyuan,286.0,273.25119319490796
2017-01-03 07:00:00,Guanyuan,239.0,269.95037815683855
2017-01-03 08:00:00,Guanyuan,213.0,224.06538956728912
2017-01-03 09:00:00,Guanyuan,188.0,202.97697158153503
2017-01-03 10:00:00,Guanyuan,209.0,192.03932589211942
2017-01-03 11:00:00,Guanyuan,241.0,208.3692873511451
2017-01-03 12:00:00,Guanyuan,241.0,248.83187979544772
2017-01-03 13:00:00,Guanyuan,223.0,248.4297048359633
2017-01-03 14:00:00,Guanyuan,232.0,228.79968565535046
2017-01-03 15:00:00,Guanyuan,379.0,253.52515804727858
2017-01-04 11:00:00,Guanyuan,223.0,204.62171587105118
2017-01-04 12:00:00,Guanyuan,141.0,265.78247483323054
2017-01-04 13:00:00,Guanyuan,251.0,124.62487510111046
2017-01-04 14:00:00,Guanyuan,296.0,279.7619963360601
2017-01-04 15:00:00,Guanyuan,300.0,307.1746981227494
2017-01-04 16:00:00,Guanyuan,353.0,304.8273857855402
2017-01-04 17:00:00,Guanyuan,364.0,394.8247636830948
2017-01-04 18:00:00,Guanyuan,349.0,363.5038278066694
2017-01-04 19:00:00,Guanyuan,360.0,367.2613085879424
2017-01-04 20:00:00,Guanyuan,378.0,355.4239999488017
2017-01-04 21:00:00,Guanyuan,382.0,359.2301972016281
2017-01-04 22:00:00,Guanyuan,370.0,349.64392495745767
2017-01-04 23:00:00,Guanyuan,267.0,337.51323979479383
2017-01-05 00:00:00,Guanyuan,189.0,212.56555084097158
2017-01-05 01:00:00,Guanyuan,173.0,167.40818633896393
2017-01-05 02:00:00,Guanyuan,171.0,179.10456856306737
2017-01-05 03:00:00,Guanyuan,188.0,176.9107963930592
2017-01-05 04:00:00,Guanyuan,262.0,194.2668890428986
2017-01-05 05:00:00,Guanyuan,326.0,273.328776202032
2017-01-05 06:00:00,Guanyuan,291.0,341.744740465226
2017-01-05 07:00:00,Guanyuan,278.0,289.03468106104464
2017-01-05 08:00:00,Guanyuan,260.0,292.3240310231558
2017-01-05 09:00:00,Guanyuan,268.0,275.5425438251926
2017-01-05 10:00:00,Guanyuan,255.0,291.02631845168133
2017-01-05 11:00:00,Guanyuan,232.0,281.3028737873113
2017-01-05 12:00:00,Guanyuan,205.0,253.70429607488035
2017-01-05 13:00:00,Guanyuan,199.0,215.4487663800674
2017-01-05 14:00:00,Guanyuan,183.0,213.98606898488848
2017-01-05 15:00:00,Guanyuan,195.0,197.1238492202675
2017-01-05 16:00:00,Guanyuan,180.0,216.81870243829516
2017-01-05 17:00:00,Guanyuan,171.0,201.89915565992231
2017-01-05 18:00:00,Guanyuan,195.0,193.84115039918314
2017-01-05 19:00:00,Guanyuan,215.0,218.1227324724154
2017-01-05 20:00:00,Guanyuan,210.0,226.95985433632563
2017-01-05 21:00:00,Guanyuan,201.0,219.52906025613106
2017-01-05 22:00:00,Guanyuan,196.0,198.3701888781861
2017-01-05 23:00:00,Guanyuan,199.0,194.816840705382
2017-01-06 00:00:00,Guanyuan,184.0,209.23250952928692
2017-01-06 01:00:00,Guanyuan,184.0,178.65729319571327
2017-01-06 02:00:00,Guanyuan,205.0,186.07357317090947
2017-01-06 03:00:00,Guanyuan,197.0,215.6194549695416
2017-01-06 04:00:00,Guanyuan,179.0,195.43234283830546
2017-01-06 05:00:00,Guanyuan,170.0,183.8491703951424
2017-01-06 06:00:00,Guanyuan,179.0,183.9015709160819
2017-01-06 07:00:00,Guanyuan,168.0,188.3369107271944
2017-01-06 08:00:00,Guanyuan,169.0,178.96715783806516
2017-01-06 09:00:00,Guanyuan,178.0,189.12314829148585
2017-01-06 10:00:00,Guanyuan,167.0,201.7995396978127
2017-01-06 11:00:00,Guanyuan,207.0,198.5646443019092
2017-01-06 12:00:00,Guanyuan,226.0,240.4883782827925
2017-01-06 13:00:00,Guanyuan,225.0,253.88099563207982
2017-01-06 14:00:00,Guanyuan,235.0,238.65409813562692
2017-01-06 15:00:00,Guanyuan,244.0,251.6837680603481
2017-01-06 16:00:00,Guanyuan,222.0,261.8851341980624
2017-01-06 17:00:00,Guanyuan,220.0,239.32134354351314
2017-01-06 18:00:00,Guanyuan,215.0,237.4047460970503
2017-01-06 19:00:00,Guanyuan,213.0,233.93163364269705
2017-01-06 20:00:00,Guanyuan,222.0,224.3027663303247
2017-01-06 21:00:00,Guanyuan,207.0,236.77387443509616
2017-01-06 22:00:00,Guanyuan,223.0,215.42644363806522
2017-01-06 23:00:00,Guanyuan,227.0,236.57723151739373
2017-01-07 00:00:00,Guanyuan,229.0,238.69932233365017
2017-01-07 01:00:00,Guanyuan,226.0,235.24740615763739
2017-01-07 02:00:00,Guanyuan,218.0,231.0239109076018
2017-01-07 03:00:00,Guanyuan,214.0,217.47834900169954
2017-01-07 04:00:00,Guanyuan,206.0,212.32685330172086
2017-01-07 05:00:00,Guanyuan,196.0,206.977828247974
2017-01-07 06:00:00,Guanyuan,191.0,202.03860779435468
2017-01-07 07:00:00,Guanyuan,188.0,196.5142913308041
2017-01-07 08:00:00,Guanyuan,183.0,197.01682689051546
2017-01-07 09:00:00,Guanyuan,181.0,193.9044100031792
2017-01-07 10:00:00,Guanyuan,153.0,187.92215868230548
2017-01-07 11:00:00,Guanyuan,163.0,167.36225752370677
2017-01-07 12:00:00,Guanyuan,167.0,184.95723759007228
2017-01-07 13:00:00,Guanyuan,123.0,183.63063360156053
2017-01-07 14:00:00,Guanyuan,116.0,129.85045110394003
2017-01-07 15:00:00,Guanyuan,100.0,136.553427745207
2017-01-07 16:00:00,Guanyuan,108.0,115.95508207340772
2017-01-07 17:00:00,Guanyuan,116.0,127.63975078175937
2017-01-07 18:00:00,Guanyuan,111.0,140.01596866575926
2017-01-07 19:00:00,Guanyuan,111.0,131.18867235075012
2017-01-07 20:00:00,Guanyuan,108.0,130.75089493102624
2017-01-07 21:00:00,Guanyuan,106.0,127.78460658733887
2017-01-07 22:00:00,Guanyuan,155.0,126.68478120884747
2017-01-07 23:00:00,Guanyuan,186.0,181.01452371497115
2017-01-08 00:00:00,Guanyuan,71.0,170.197439676294
2017-01-08 01:00:00,Guanyuan,58.0,60.15837126580679
2017-01-08 02:00:00,Guanyuan,26.0,49.4157206725477
2017-01-08 03:00:00,Guanyuan,17.0,25.222742946099267
2017-01-08 04:00:00,Guanyuan,22.0,19.13191319135419
2017-01-08 05:00:00,Guanyuan,22.0,22.68752093666631
2017-01-08 06:00:00,Guanyuan,18.0,23.01208290675565
2017-01-08 07:00:00,Guanyuan,18.0,20.080491329753325
2017-01-08 08:00:00,Guanyuan,28.0,20.74470789084251
2017-01-08 09:00:00,Guanyuan,19.0,28.980511010051856
2017-01-08 10:00:00,Guanyuan,33.0,21.972655786206843
2017-01-08 11:00:00,Guanyuan,31.0,33.14822217812512
2017-01-08 12:00:00,Guanyuan,21.0,32.592183737034766
2017-01-08 13:00:00,Guanyuan,8.0,23.12366839661643
2017-01-08 14:00:00,Guanyuan,35.0,14.10927951589016
2017-01-08 15:00:00,Guanyuan,3.0,36.54987467262831
2017-01-08 16:00:00,Guanyuan,12.0,14.308302397796043
2017-01-08 17:00:00,Guanyuan,18.0,17.643467725454336
2017-01-08 18:00:00,Guanyuan,23.0,23.678014110681513
2017-01-08 19:00:00,Guanyuan,14.0,25.442943026066484
2017-01-08 20:00:00,Guanyuan,17.0,17.33210790552749
2017-01-08 21:00:00,Guanyuan,8.0,19.022729061019255
2017-01-08 22:00:00,Guanyuan,17.0,12.887586359922766
2017-01-08 23:00:00,Guanyuan,14.0,18.318793292942683
2017-01-09 00:00:00,Guanyuan,12.0,17.00156649829294
2017-01-09 01:00:00,Guanyuan,13.0,14.850697266401362
2017-01-09 02:00:00,Guanyuan,8.0,15.726132676400693
2017-01-09 03:00:00,Guanyuan,11.0,11.721062442602799
2017-01-09 04:00:00,Guanyuan,9.0,13.186410003548671
2017-01-09 05:00:00,Guanyuan,7.0,7.948938356982485
2017-01-09 06:00:00,Guanyuan,9.0,7.059246869686262
2017-01-09 07:00:00,Guanyuan,9.0,7.686851420207439
2017-01-09 08:00:00,Guanyuan,12.0,8.802072868714172
2017-01-09 09:00:00,Guanyuan,8.0,10.126051162500833
2017-01-09 10:00:00,Guanyuan,14.0,8.130671141765834
2017-01-09 11:00:00,Guanyuan,9.0,11.899907649183096
2017-01-09 12:00:00,Guanyuan,18.0,10.849009242398996
2017-01-09 13:00:00,Guanyuan,15.0,22.31764836884073
2017-01-09 15:00:00,Guanyuan,3.0,9.303338149380995
2017-01-09 16:00:00,Guanyuan,47.0,22.713711715550435
2017-01-09 17:00:00,Guanyuan,47.0,63.11112191111673
2017-01-09 18:00:00,Guanyuan,76.0,69.06461072651724
2017-01-09 19:00:00,Guanyuan,106.0,91.89492387772553
2017-01-09 20:00:00,Guanyuan,131.0,113.15338849322785
2017-01-09 21:00:00,Guanyuan,142.0,133.7654017445735
2017-01-09 22:00:00,Guanyuan,103.0,127.04434355201845
2017-01-09 23:00:00,Guanyuan,20.0,72.86122768270532
2017-01-10 00:00:00,Guanyuan,4.0,18.789327249231825
2017-01-10 01:00:00,Guanyuan,7.0,7.272751013877096
2017-01-10 02:00:00,Guanyuan,8.0,5.767397299776783
2017-01-10 03:00:00,Guanyuan,6.0,7.8110088224914636
2017-01-10 04:00:00,Guanyuan,6.0,5.55081041311438
2017-01-10 05:00:00,Guanyuan,5.0,5.088143826016682
2017-01-10 06:00:00,Guanyuan,6.0,5.750808717817314
2017-01-10 07:00:00,Guanyuan,8.0,5.065227274039972
2017-01-10 08:00:00,Guanyuan,5.0,26.726210614698445
2017-01-10 09:00:00,Guanyuan,10.0,8.456369336308978
2017-01-10 10:00:00,Guanyuan,12.0,10.55175234209588
2017-01-10 11:00:00,Guanyuan,10.0,9.987184729866852
2017-01-10 12:00:00,Guanyuan,6.0,8.706293790934383
2017-01-10 13:00:00,Guanyuan,8.0,6.988166018279444
2017-01-10 14:00:00,Guanyuan,5.0,7.452639430453869
2017-01-10 15:00:00,Guanyuan,8.0,10.982899068380508
2017-01-10 16:00:00,Guanyuan,8.0,12.847231998716138
2017-01-10 17:00:00,Guanyuan,43.0,15.869175260791021
2017-01-10 18:00:00,Guanyuan,87.0,70.73453689967322
2017-01-10 19:00:00,Guanyuan,99.0,106.20814484981447
2017-01-10 20:00:00,Guanyuan,97.0,115.85709108052646
2017-01-10 21:00:00,Guanyuan,93.0,103.50258422077114
2017-01-10 22:00:00,Guanyuan,94.0,98.98752252226505
2017-01-10 23:00:00,Guanyuan,105.0,107.65162163221149
2017-01-11 00:00:00,Guanyuan,106.0,151.91984161996893
2017-01-11 01:00:00,Guanyuan,101.0,128.19590141899963
2017-01-11 02:00:00,Guanyuan,104.0,105.53886823245209
2017-01-11 03:00:00,Guanyuan,97.0,105.13600257375178
2017-01-11 04:00:00,Guanyuan,88.0,93.10191522776522
2017-01-11 05:00:00,Guanyuan,61.0,83.51171656614079
2017-01-11 06:00:00,Guanyuan,47.0,56.676951356230944
2017-01-11 07:00:00,Guanyuan,63.0,54.18809795315643
2017-01-11 08:00:00,Guanyuan,69.0,74.69404929351603
2017-01-11 09:00:00,Guanyuan,56.0,81.78546869271602
2017-01-11 10:00:00,Guanyuan,49.0,63.594086978543444
2017-01-11 11:00:00,Guanyuan,61.0,65.30607072286323
2017-01-11 12:00:00,Guanyuan,68.0,73.46478425258569
2017-01-11 13:00:00,Guanyuan,65.0,72.2267929901852
2017-01-11 14:00:00,Guanyuan,50.0,73.5619633852471
2017-01-11 15:00:00,Guanyuan,93.0,56.75532055085198
2017-01-11 16:00:00,Guanyuan,110.0,115.83358304958499
2017-01-11 17:00:00,Guanyuan,102.0,127.99979603495746
2017-01-11 18:00:00,Guanyuan,93.0,122.53995294771677
2017-01-11 19:00:00,Guanyuan,111.0,106.42343633306653
2017-01-11 20:00:00,Guanyuan,99.0,125.65041532283448
2017-01-11 21:00:00,Guanyuan,42.0,108.75995548033522
2017-01-11 22:00:00,Guanyuan,35.0,45.36506855858977
2017-01-11 23:00:00,Guanyuan,21.0,33.2686143649258
2017-01-12 00:00:00,Guanyuan,20.0,22.005544891324043
2017-01-12 01:00:00,Guanyuan,14.0,21.456157185987383
2017-01-12 02:00:00,Guanyuan,26.0,15.893560090376825
2017-01-12 03:00:00,Guanyuan,23.0,25.21398213786879
2017-01-12 04:00:00,Guanyuan,29.0,27.988211625274918
2017-01-12 05:00:00,Guanyuan,16.0,28.273636654262607
2017-01-12 06:00:00,Guanyuan,28.0,18.974957025692486
2017-01-12 07:00:00,Guanyuan,25.0,31.34555686161349
2017-01-12 08:00:00,Guanyuan,30.0,27.236433090453524
2017-01-12 09:00:00,Guanyuan,28.0,35.82871029732322
2017-01-12 10:00:00,Guanyuan,23.0,39.580452415427956
2017-01-12 11:00:00,Guanyuan,39.0,32.20028660752969
2017-01-12 12:00:00,Guanyuan,81.0,46.47245655751009
2017-01-12 13:00:00,Guanyuan,90.0,81.53357825991988
2017-01-12 14:00:00,Guanyuan,93.0,90.43191043547802
2017-01-12 15:00:00,Guanyuan,92.0,96.90872733574157
2017-01-12 16:00:00,Guanyuan,103.0,93.82715817237371
2017-01-12 17:00:00,Guanyuan,103.0,117.87371795533913
2017-01-12 18:00:00,Guanyuan,144.0,119.57090027899756
2017-01-12 19:00:00,Guanyuan,153.0,165.518803529298
2017-01-12 20:00:00,Guanyuan,68.0,165.74008931814643
2017-01-12 21:00:00,Guanyuan,10.0,69.94971200634845
2017-01-12 22:00:00,Guanyuan,5.0,13.79744452176365
2017-01-12 23:00:00,Guanyuan,7.0,4.14495070899908
2017-01-13 00:00:00,Guanyuan,17.0,7.772826991022042
2017-01-13 01:00:00,Guanyuan,11.0,13.63013744055458
2017-01-13 02:00:00,Guanyuan,10.0,9.555200089260715
2017-01-13 03:00:00,Guanyuan,4.0,9.159455129491777
2017-01-13 04:00:00,Guanyuan,4.0,7.1458195941160225
2017-01-13 05:00:00,Guanyuan,11.0,7.917670694341976
2017-01-13 06:00:00,Guanyuan,19.0,11.151151074075072
2017-01-13 07:00:00,Guanyuan,19.0,21.58822768945633
2017-01-13 08:00:00,Guanyuan,23.0,16.687635846737706
2017-01-13 09:00:00,Guanyuan,12.0,20.088928203566592
2017-01-13 10:00:00,Guanyuan,18.0,11.563077840314536
2017-01-13 11:00:00,Guanyuan,13.0,15.425226652256642
2017-01-13 12:00:00,Guanyuan,17.0,11.89582090818529
2017-01-13 13:00:00,Guanyuan,9.0,14.925877902315811
2017-01-13 14:00:00,Guanyuan,10.0,13.60551872202501
2017-01-13 15:00:00,Guanyuan,14.0,13.522813708036132
2017-01-13 16:00:00,Guanyuan,15.0,12.185529691823932
2017-01-13 17:00:00,Guanyuan,16.0,14.292511346571787
2017-01-13 18:00:00,Guanyuan,17.0,16.538956747733206
2017-01-13 19:00:00,Guanyuan,20.0,16.146643508033087
2017-01-13 20:00:00,Guanyuan,13.0,19.290594966602615
2017-01-13 21:00:00,Guanyuan,25.0,12.648339952025626
2017-01-13 22:00:00,Guanyuan,16.0,21.546189046632616
2017-01-13 23:00:00,Guanyuan,24.0,13.4597848175176
2017-01-14 00:00:00,Guanyuan,24.0,25.93320547021673
2017-01-14 01:00:00,Guanyuan,9.0,21.15319838569677
2017-01-14 02:00:00,Guanyuan,19.0,10.681687152896918
2017-01-14 03:00:00,Guanyuan,19.0,16.228951484817436
2017-01-14 04:00:00,Guanyuan,22.0,16.21040162476375
2017-01-14 05:00:00,Guanyuan,7.0,22.12650912885686
2017-01-14 06:00:00,Guanyuan,10.0,8.79368594535569
2017-01-14 07:00:00,Guanyuan,25.0,13.525942044745161
2017-01-14 08:00:00,Guanyuan,29.0,26.99518987980311
2017-01-14 09:00:00,Guanyuan,27.0,32.20044183572394
2017-01-14 10:00:00,Guanyuan,28.0,27.40640326082833
2017-01-14 11:00:00,Guanyuan,17.0,27.729131432081676
2017-01-14 12:00:00,Guanyuan,9.0,19.19245045519751
2017-01-14 13:00:00,Guanyuan,19.0,10.826857738656853
2017-01-14 14:00:00,Guanyuan,20.0,21.48803301337962
2017-01-14 15:00:00,Guanyuan,10.0,23.858068846536582
2017-01-14 16:00:00,Guanyuan,27.0,11.655350731097265
2017-01-14 17:00:00,Guanyuan,25.0,33.67746463484354
2017-01-14 18:00:00,Guanyuan,33.0,36.31270561915683
2017-01-14 19:00:00,Guanyuan,47.0,46.02635358901956
2017-01-14 20:00:00,Guanyuan,50.0,57.250546305614726
2017-01-14 21:00:00,Guanyuan,41.0,72.90704901491101
2017-01-14 22:00:00,Guanyuan,23.0,50.73725165982155
2017-01-14 23:00:00,Guanyuan,26.0,32.93487501694957
2017-01-15 00:00:00,Guanyuan,44.0,33.76266855478537
2017-01-15 01:00:00,Guanyuan,33.0,50.263822803407805
2017-01-15 02:00:00,Guanyuan,35.0,37.81344718973502
2017-01-15 03:00:00,Guanyuan,45.0,37.01425512960417
2017-01-15 04:00:00,Guanyuan,22.0,47.04603380579163
2017-01-15 05:00:00,Guanyuan,25.0,24.551657359840004
2017-01-15 06:00:00,Guanyuan,34.0,30.260425597511134
2017-01-15 07:00:00,Guanyuan,22.0,39.588061885543816
2017-01-15 08:00:00,Guanyuan,30.0,29.585967533222682
2017-01-15 09:00:00,Guanyuan,30.0,36.17089231309136
2017-01-15 10:00:00,Guanyuan,35.0,37.66513184680319
2017-01-15 11:00:00,Guanyuan,50.0,45.33489334325722
2017-01-15 12:00:00,Guanyuan,42.0,57.77885113070598
2017-01-15 13:00:00,Guanyuan,57.0,51.84656814441188
2017-01-15 14:00:00,Guanyuan,53.0,64.54063920171117
2017-01-15 15:00:00,Guanyuan,61.0,62.57284599031024
2017-01-15 16:00:00,Guanyuan,63.0,73.44010076081176
2017-01-15 17:00:00,Guanyuan,77.0,78.55581784193652
2017-01-15 18:00:00,Guanyuan,73.0,91.70727302314688
2017-01-15 19:00:00,Guanyuan,83.0,90.23694300035355
2017-01-15 20:00:00,Guanyuan,78.0,86.70114293040331
2017-01-15 21:00:00,Guanyuan,83.0,79.28630898526815
2017-01-15 22:00:00,Guanyuan,85.0,85.92727400728256
2017-01-15 23:00:00,Guanyuan,85.0,90.82864378559803
2017-01-16 00:00:00,Guanyuan,84.0,90.7078632096134
2017-01-16 01:00:00,Guanyuan,92.0,90.61300808857739
2017-01-16 02:00:00,Guanyuan,85.0,94.4896353945975
2017-01-16 03:00:00,Guanyuan,88.0,84.97582193545259
2017-01-16 04:00:00,Guanyuan,86.0,86.05777076970287
2017-01-16 05:00:00,Guanyuan,82.0,82.43561583653278
2017-01-16 06:00:00,Guanyuan,91.0,83.34442097787739
2017-01-16 07:00:00,Guanyuan,87.0,95.13275346596066
2017-01-16 08:00:00,Guanyuan,93.0,94.5452516486102
2017-01-16 09:00:00,Guanyuan,65.0,97.23622977029342
2017-01-16 10:00:00,Guanyuan,68.0,68.77492605447559
2017-01-16 11:00:00,Guanyuan,92.0,78.49413215971016
2017-01-16 12:00:00,Guanyuan,81.0,105.40249888265295
2017-01-16 13:00:00,Guanyuan,75.0,79.62715577949635
2017-01-16 14:00:00,Guanyuan,88.0,82.91689979597437
2017-01-16 15:00:00,Guanyuan,98.0,93.95051843430005
2017-01-16 16:00:00,Guanyuan,118.0,105.20175036863303
2017-01-16 17:00:00,Guanyuan,117.0,120.0080805078627
2017-01-16 18:00:00,Guanyuan,121.0,128.8228337880653
2017-01-16 19:00:00,Guanyuan,117.0,132.17062970449464
2017-01-16 20:00:00,Guanyuan,127.0,125.83744545171832
2017-01-16 21:00:00,Guanyuan,123.0,136.22141989363163
2017-01-16 22:00:00,Guanyuan,118.0,127.48098012398131
2017-01-16 23:00:00,Guanyuan,110.0,122.04493642171417
2017-01-17 00:00:00,Guanyuan,119.0,112.80235442049567
2017-01-17 01:00:00,Guanyuan,139.0,123.69165330555516
2017-01-17 02:00:00,Guanyuan,145.0,144.332032952364
2017-01-17 03:00:00,Guanyuan,134.0,144.3938619530972
2017-01-17 04:00:00,Guanyuan,138.0,134.1871311207609
2017-01-17 05:00:00,Guanyuan,111.0,132.177697005802
2017-01-17 06:00:00,Guanyuan,127.0,106.94056264770856
2017-01-17 07:00:00,Guanyuan,140.0,136.25703696320826
2017-01-17 08:00:00,Guanyuan,145.0,149.87656473944497
2017-01-17 09:00:00,Guanyuan,156.0,154.3797582981503
2017-01-17 10:00:00,Guanyuan,150.0,163.92223162212787
2017-01-17 11:00:00,Guanyuan,143.0,154.44395602988848
2017-01-17 12:00:00,Guanyuan,157.0,151.79539978115776
2017-01-17 14:00:00,Guanyuan,2.0,71.26435646107124
2017-01-17 15:00:00,Guanyuan,109.0,41.698918572852385
2017-01-17 16:00:00,Guanyuan,176.0,140.45863793753196
2017-01-17 17:00:00,Guanyuan,178.0,192.4545786981034
2017-01-17 18:00:00,Guanyuan,180.0,200.0290420801105
2017-01-17 19:00:00,Guanyuan,179.0,189.83381078415118
2017-01-17 20:00:00,Guanyuan,179.0,178.61607022800155
2017-01-17 21:00:00,Guanyuan,173.0,185.39005744681512
2017-01-17 22:00:00,Guanyuan,150.0,179.73994536465057
2017-01-17 23:00:00,Guanyuan,75.0,151.35691354368362
2017-01-18 00:00:00,Guanyuan,27.0,73.48350813807039
2017-01-18 01:00:00,Guanyuan,27.0,29.895445183368338
2017-01-18 02:00:00,Guanyuan,54.0,31.338943758103955
2017-01-18 03:00:00,Guanyuan,43.0,53.497503567143276
2017-01-18 04:00:00,Guanyuan,36.0,42.00806846108767
2017-01-18 05:00:00,Guanyuan,20.0,33.37868310098388
2017-01-18 06:00:00,Guanyuan,24.0,20.342200102160145
2017-01-18 07:00:00,Guanyuan,29.0,24.426743804356914
2017-01-18 08:00:00,Guanyuan,29.0,30.513919443489577
2017-01-18 09:00:00,Guanyuan,27.0,28.56715104003463
2017-01-18 10:00:00,Guanyuan,26.0,27.328981031566464
2017-01-18 11:00:00,Guanyuan,22.0,25.761609315196004
2017-01-18 12:00:00,Guanyuan,25.0,21.95282528805844
2017-01-18 13:00:00,Guanyuan,26.0,26.791160682510206
2017-01-18 14:00:00,Guanyuan,42.0,31.234520772143576
2017-01-18 15:00:00,Guanyuan,61.0,47.58903626981434
2017-01-18 16:00:00,Guanyuan,67.0,74.24283902808382
2017-01-18 17:00:00,Guanyuan,56.0,77.82608844607242
2017-01-18 18:00:00,Guanyuan,50.0,66.11629192347807
2017-01-18 19:00:00,Guanyuan,42.0,59.729736109547375
2017-01-18 20:00:00,Guanyuan,43.0,49.107128296561136
2017-01-18 21:00:00,Guanyuan,47.0,47.62183649210425
2017-01-18 22:00:00,Guanyuan,56.0,52.98766595058865
2017-01-18 23:00:00,Guanyuan,62.0,61.39161486142191
2017-01-19 00:00:00,Guanyuan,91.0,69.16063205524792
2017-01-19 01:00:00,Guanyuan,99.0,103.0827935101445
2017-01-19 02:00:00,Guanyuan,98.0,105.30885382293673
2017-01-19 03:00:00,Guanyuan,97.0,111.48358765652543
2017-01-19 04:00:00,Guanyuan,108.0,114.65395042641927
2017-01-19 05:00:00,Guanyuan,114.0,121.75827984074678
2017-01-19 06:00:00,Guanyuan,121.0,118.68630722008992
2017-01-19 07:00:00,Guanyuan,104.0,132.81199539717363
2017-01-19 08:00:00,Guanyuan,93.0,117.01252091971594
2017-01-19 09:00:00,Guanyuan,59.0,92.86212768871727
2017-01-19 10:00:00,Guanyuan,16.0,39.07561652297889
2017-01-19 11:00:00,Guanyuan,20.0,11.085881991216619
2017-01-19 12:00:00,Guanyuan,10.0,14.970792050468974
2017-01-19 13:00:00,Guanyuan,7.0,9.478765635130966
2017-01-19 14:00:00,Guanyuan,12.0,7.368970249185954
2017-01-19 15:00:00,Guanyuan,11.0,9.854398410301158
2017-01-19 16:00:00,Guanyuan,17.0,10.10362716379283
2017-01-19 17:00:00,Guanyuan,10.0,17.874013374400423
2017-01-19 18:00:00,Guanyuan,10.0,14.813429083041022
2017-01-19 19:00:00,Guanyuan,10.0,12.4851800908242
2017-01-19 20:00:00,Guanyuan,7.0,11.675107419319135
2017-01-19 21:00:00,Guanyuan,7.0,9.191751974232954
2017-01-19 22:00:00,Guanyuan,7.0,8.651894038709932
2017-01-19 23:00:00,Guanyuan,10.0,8.492699037031766
2017-01-20 00:00:00,Guanyuan,6.0,10.342098594071985
2017-01-20 01:00:00,Guanyuan,9.0,9.481433110099903
2017-01-20 02:00:00,Guanyuan,6.0,9.454068030259513
2017-01-20 03:00:00,Guanyuan,10.0,8.730462362524152
2017-01-20 04:00:00,Guanyuan,7.0,9.663319531074263
2017-01-20 05:00:00,Guanyuan,5.0,9.163005540906344
2017-01-20 06:00:00,Guanyuan,7.0,8.398964947310828
2017-01-20 07:00:00,Guanyuan,6.0,10.50656807429865
2017-01-20 08:00:00,Guanyuan,8.0,12.024453161869882
2017-01-20 09:00:00,Guanyuan,15.0,13.351821212817269
2017-01-20 10:00:00,Guanyuan,14.0,17.587240870509795
2017-01-20 11:00:00,Guanyuan,18.0,16.627431458580926
2017-01-20 12:00:00,Guanyuan,19.0,21.913239736560516
2017-01-20 13:00:00,Guanyuan,17.0,21.29170611268958
2017-01-20 14:00:00,Guanyuan,28.0,21.22982709492528
2017-01-20 15:00:00,Guanyuan,20.0,31.012933210647027
2017-01-20 16:00:00,Guanyuan,28.0,24.945648652065334
2017-01-20 17:00:00,Guanyuan,31.0,32.87122404750944
2017-01-20 18:00:00,Guanyuan,45.0,36.708336635082524
2017-01-20 19:00:00,Guanyuan,53.0,50.31365646405919
2017-01-20 20:00:00,Guanyuan,53.0,56.793967336230075
2017-01-20 21:00:00,Guanyuan,67.0,56.08188710173268
2017-01-20 22:00:00,Guanyuan,65.0,71.52465815511603
2017-01-20 23:00:00,Guanyuan,71.0,67.70098912522495
2017-01-21 00:00:00,Guanyuan,68.0,71.6802550676889
2017-01-21 01:00:00,Guanyuan,81.0,68.40924853447527
2017-01-21 02:00:00,Guanyuan,78.0,84.90085043258203
2017-01-21 03:00:00,Guanyuan,88.0,78.16184050524458
2017-01-21 04:00:00,Guanyuan,75.0,87.58858334898827
2017-01-21 05:00:00,Guanyuan,31.0,69.45540046028123
2017-01-21 06:00:00,Guanyuan,13.0,25.98688657931397
2017-01-21 07:00:00,Guanyuan,5.0,12.716752049767225
2017-01-21 08:00:00,Guanyuan,3.0,8.055339486835315
2017-01-21 09:00:00,Guanyuan,6.0,6.333002459408069
2017-01-21 10:00:00,Guanyuan,10.0,6.034080935114289
2017-01-21 11:00:00,Guanyuan,9.0,7.796328401556113
2017-01-21 12:00:00,Guanyuan,13.0,7.494588154587448
2017-01-21 13:00:00,Guanyuan,13.0,10.284441782511982
2017-01-21 14:00:00,Guanyuan,6.0,11.139506737744163
2017-01-21 15:00:00,Guanyuan,4.0,7.328391406657132
2017-01-21 16:00:00,Guanyuan,6.0,6.917225014861666
2017-01-21 17:00:00,Guanyuan,5.0,9.806465463547367
2017-01-21 18:00:00,Guanyuan,8.0,9.836602194418438
2017-01-21 19:00:00,Guanyuan,13.0,9.837568070894687
2017-01-21 20:00:00,Guanyuan,7.0,13.253580044757383
2017-01-21 21:00:00,Guanyuan,7.0,9.897377912056275
2017-01-21 22:00:00,Guanyuan,12.0,10.633788660100917
2017-01-21 23:00:00,Guanyuan,8.0,14.091948021101919
2017-01-22 00:00:00,Guanyuan,8.0,10.225007414260718
2017-01-22 01:00:00,Guanyuan,7.0,8.520279900894952
2017-01-22 02:00:00,Guanyuan,11.0,8.821060309570793
2017-01-22 03:00:00,Guanyuan,9.0,10.753029671550788
2017-01-22 04:00:00,Guanyuan,11.0,9.093130565331506
2017-01-22 05:00:00,Guanyuan,8.0,10.909859864152686
2017-01-22 06:00:00,Guanyuan,13.0,10.330880499508089
2017-01-22 07:00:00,Guanyuan,15.0,11.418288679016351
2017-01-22 08:00:00,Guanyuan,12.0,13.487521539633068
2017-01-22 09:00:00,Guanyuan,17.0,13.672765656661813
2017-01-22 10:00:00,Guanyuan,12.0,14.507407050922513
2017-01-22 11:00:00,Guanyuan,23.0,14.516509183914009
2017-01-22 12:00:00,Guanyuan,21.0,23.222200361785944
2017-01-22 13:00:00,Guanyuan,20.0,24.969351967523824
2017-01-22 14:00:00,Guanyuan,28.0,25.96274636401599
2017-01-22 15:00:00,Guanyuan,44.0,34.33904891855104
2017-01-22 16:00:00,Guanyuan,54.0,51.64927311664179
2017-01-22 17:00:00,Guanyuan,68.0,65.01252748718483
2017-01-22 18:00:00,Guanyuan,78.0,82.67964150452487
2017-01-22 19:00:00,Guanyuan,76.0,87.98170468481277
2017-01-22 20:00:00,Guanyuan,47.0,78.02554143811527
2017-01-22 21:00:00,Guanyuan,37.0,42.892536703855015
2017-01-22 22:00:00,Guanyuan,27.0,37.41668009268113
2017-01-22 23:00:00,Guanyuan,21.0,24.30000525821262
2017-01-23 00:00:00,Guanyuan,20.0,20.63237197282412
2017-01-23 01:00:00,Guanyuan,16.0,20.42741817785087
2017-01-23 02:00:00,Guanyuan,16.0,15.914404810256162
2017-01-23 03:00:00,Guanyuan,13.0,15.883963597247357
2017-01-23 04:00:00,Guanyuan,10.0,12.415691162775714
2017-01-23 05:00:00,Guanyuan,8.0,10.63994025634469
2017-01-23 06:00:00,Guanyuan,10.0,9.938156361667755
2017-01-23 07:00:00,Guanyuan,9.0,12.604694628750606
2017-01-23 08:00:00,Guanyuan,9.0,11.417385597764985
2017-01-23 09:00:00,Guanyuan,17.0,11.807836980379493
2017-01-23 10:00:00,Guanyuan,21.0,17.317819207333876
2017-01-23 11:00:00,Guanyuan,19.0,20.050858800244228
2017-01-23 12:00:00,Guanyuan,21.0,17.915818874457283
2017-01-23 13:00:00,Guanyuan,24.0,23.37953199351557
2017-01-23 14:00:00,Guanyuan,32.0,24.726788597000212
2017-01-23 15:00:00,Guanyuan,40.0,35.72283326307083
2017-01-23 16:00:00,Guanyuan,45.0,43.03191154688654
2017-01-23 17:00:00,Guanyuan,45.0,48.386695971402574
2017-01-23 18:00:00,Guanyuan,51.0,47.36548451122006
2017-01-23 19:00:00,Guanyuan,64.0,56.819949671029065
2017-01-23 20:00:00,Guanyuan,74.0,67.77265642006276
2017-01-23 21:00:00,Guanyuan,86.0,76.13867494622347
2017-01-23 22:00:00,Guanyuan,80.0,91.4285691172072
2017-01-23 23:00:00,Guanyuan,79.0,84.22871989845339
2017-01-24 00:00:00,Guanyuan,82.0,82.82375388510161
2017-01-24 01:00:00,Guanyuan,83.0,100.17820428850112
2017-01-24 02:00:00,Guanyuan,78.0,83.1431609849242
2017-01-24 03:00:00,Guanyuan,63.0,72.91004948188102
2017-01-24 04:00:00,Guanyuan,82.0,59.71294854448225
2017-01-24 05:00:00,Guanyuan,95.0,81.64135557582833
2017-01-24 06:00:00,Guanyuan,91.0,90.58632677286275
2017-01-24 07:00:00,Guanyuan,61.0,88.30694217788229
2017-01-24 08:00:00,Guanyuan,33.0,50.451501647103065
2017-01-24 09:00:00,Guanyuan,30.0,31.422299607606384
2017-01-24 10:00:00,Guanyuan,40.0,26.12644957681196
2017-01-24 11:00:00,Guanyuan,58.0,42.70685090300648
2017-01-24 12:00:00,Guanyuan,73.0,59.88616152808836
2017-01-24 13:00:00,Guanyuan,83.0,72.81390355132918
2017-01-24 14:00:00,Guanyuan,95.0,85.79536798759193
2017-01-24 15:00:00,Guanyuan,120.0,101.65977860638526
2017-01-24 16:00:00,Guanyuan,128.0,135.7538072219533
2017-01-24 17:00:00,Guanyuan,128.0,145.7934638841038
2017-01-24 18:00:00,Guanyuan,136.0,154.2449353877583
2017-01-24 19:00:00,Guanyuan,136.0,164.6434575196753
2017-01-24 20:00:00,Guanyuan,116.0,152.48526139100747
2017-01-24 21:00:00,Guanyuan,128.0,129.91388359832797
2017-01-24 22:00:00,Guanyuan,143.0,144.5917517358536
2017-01-24 23:00:00,Guanyuan,141.0,151.22058614163166
2017-01-25 00:00:00,Guanyuan,142.0,158.4431152117791
2017-01-25 01:00:00,Guanyuan,153.0,138.05933662055048
2017-01-25 02:00:00,Guanyuan,163.0,148.74555264777163
2017-01-25 03:00:00,Guanyuan,174.0,152.63632500077287
2017-01-25 04:00:00,Guanyuan,191.0,180.59619613162457
2017-01-25 05:00:00,Guanyuan,205.0,178.01736728292911
2017-01-25 06:00:00,Guanyuan,190.0,191.43258387959133
2017-01-25 07:00:00,Guanyuan,161.0,182.01145133139647
2017-01-25 08:00:00,Guanyuan,155.0,144.5181594783412
2017-01-25 09:00:00,Guanyuan,157.0,153.8720063103586
2017-01-25 10:00:00,Guanyuan,158.0,157.1625633464385
2017-01-25 11:00:00,Guanyuan,156.0,148.49069798628153
2017-01-25 12:00:00,Guanyuan,148.0,151.47579375866107
2017-01-25 14:00:00,Guanyuan,165.0,137.89778673835175
2017-01-25 15:00:00,Guanyuan,169.0,200.0539001930963
2017-01-25 16:00:00,Guanyuan,193.0,176.81815272173736
2017-01-25 17:00:00,Guanyuan,208.0,213.3666522804098
2017-01-25 18:00:00,Guanyuan,196.0,226.83205071311184
2017-01-25 19:00:00,Guanyuan,208.0,213.53733631929032
2017-01-25 20:00:00,Guanyuan,225.0,213.33416842756034
2017-01-25 21:00:00,Guanyuan,233.0,232.31720344376353
2017-01-25 22:00:00,Guanyuan,249.0,232.8955098247079
2017-01-25 23:00:00,Guanyuan,258.0,237.44832134345202
2017-01-26 00:00:00,Guanyuan,261.0,247.72886084552178
2017-01-26 01:00:00,Guanyuan,263.0,254.7000540141256
2017-01-26 02:00:00,Guanyuan,310.0,247.88814509008375
2017-01-26 03:00:00,Guanyuan,291.0,302.41165739064814
2017-01-26 04:00:00,Guanyuan,289.0,266.64958930012693
2017-01-26 05:00:00,Guanyuan,296.0,269.494150796972
2017-01-26 06:00:00,Guanyuan,272.0,282.9912431654553
2017-01-26 07:00:00,Guanyuan,258.0,250.3742635885626
2017-01-26 08:00:00,Guanyuan,255.0,244.47868404715337
2017-01-26 09:00:00,Guanyuan,254.0,243.5592572406737
2017-01-26 10:00:00,Guanyuan,253.0,251.0861715664004
2017-01-26 11:00:00,Guanyuan,254.0,248.13360515024718
2017-01-26 12:00:00,Guanyuan,179.0,253.9209468816247
2017-01-26 13:00:00,Guanyuan,110.0,148.66669997563295
2017-01-26 14:00:00,Guanyuan,3.0,70.407052690718
2017-01-26 15:00:00,Guanyuan,3.0,19.374859004838648
2017-01-26 16:00:00,Guanyuan,4.0,8.606378910273545
2017-01-26 17:00:00,Guanyuan,11.0,9.535114531730432
2017-01-26 18:00:00,Guanyuan,10.0,12.210346384768743
2017-01-26 19:00:00,Guanyuan,11.0,11.444232396559794
2017-01-26 20:00:00,Guanyuan,9.0,10.52575221656766
2017-01-26 21:00:00,Guanyuan,8.0,9.08850312391366
2017-01-26 22:00:00,Guanyuan,9.0,8.601098699568217
2017-01-26 23:00:00,Guanyuan,9.0,9.440800594443722
2017-01-27 00:00:00,Guanyuan,12.0,10.612079547776927
2017-01-27 01:00:00,Guanyuan,9.0,31.306892954910925
2017-01-27 02:00:00,Guanyuan,3.0,12.936581498206582
2017-01-27 03:00:00,Guanyuan,3.0,8.081212272246814
2017-01-27 04:00:00,Guanyuan,3.0,11.322606001667724
2017-01-27 05:00:00,Guanyuan,6.0,11.561981215744998
2017-01-27 06:00:00,Guanyuan,8.0,10.002656278033166
2017-01-27 07:00:00,Guanyuan,9.0,16.75750256274678
2017-01-27 08:00:00,Guanyuan,17.0,17.22574531312959
2017-01-27 09:00:00,Guanyuan,30.0,23.29325830848173
2017-01-27 10:00:00,Guanyuan,40.0,33.57559484866838
2017-01-27 11:00:00,Guanyuan,38.0,40.51857503547878
2017-01-27 12:00:00,Guanyuan,46.0,39.91040143704271
2017-01-27 13:00:00,Guanyuan,41.0,69.66522188687968
2017-01-27 14:00:00,Guanyuan,49.0,64.40639797954422
2017-01-27 15:00:00,Guanyuan,53.0,69.20070571642539
2017-01-27 16:00:00,Guanyuan,54.0,56.06209764708341
2017-01-27 17:00:00,Guanyuan,66.0,58.22661289271581
2017-01-27 18:00:00,Guanyuan,90.0,76.45172240141783
2017-01-27 19:00:00,Guanyuan,123.0,100.46839730681171
2017-01-27 20:00:00,Guanyuan,195.0,130.4822841873293
2017-01-27 21:00:00,Guanyuan,257.0,196.78460454303033
2017-01-27 22:00:00,Guanyuan,318.0,268.3133602223783
2017-01-27 23:00:00,Guanyuan,353.0,322.9642541335805
2017-01-28 00:00:00,Guanyuan,462.0,409.03216159138026
2017-01-28 01:00:00,Guanyuan,664.0,510.0065497247722
2017-01-28 02:00:00,Guanyuan,581.0,503.1138958248348
2017-01-28 03:00:00,Guanyuan,370.0,508.54669574617594
2017-01-28 04:00:00,Guanyuan,475.0,247.4392244947908
2017-01-28 05:00:00,Guanyuan,567.0,468.7210751448279
2017-01-28 06:00:00,Guanyuan,663.0,453.7291319674959
2017-01-28 07:00:00,Guanyuan,463.0,469.7640660086653
2017-01-28 08:00:00,Guanyuan,397.0,439.9086176676814
2017-01-28 09:00:00,Guanyuan,330.0,354.98364886745236
2017-01-28 10:00:00,Guanyuan,299.0,331.33720861739545
2017-01-28 11:00:00,Guanyuan,259.0,279.21914696345084
2017-01-28 12:00:00,Guanyuan,238.0,254.851904222694
2017-01-28 13:00:00,Guanyuan,231.0,245.76428766895572
2017-01-28 14:00:00,Guanyuan,237.0,235.48273767331045
2017-01-28 15:00:00,Guanyuan,231.0,225.80719038450783
2017-01-28 16:00:00,Guanyuan,242.0,241.63492275193278
2017-01-28 17:00:00,Guanyuan,244.0,242.96706320194818
2017-01-28 18:00:00,Guanyuan,242.0,259.8346103700675
2017-01-28 19:00:00,Guanyuan,258.0,243.9518954161171
2017-01-28 20:00:00,Guanyuan,267.0,258.3775727527009
2017-01-28 21:00:00,Guanyuan,271.0,262.80554979867463
2017-01-28 22:00:00,Guanyuan,286.0,268.15003912624553
2017-01-28 23:00:00,Guanyuan,293.0,286.7441480068471
2017-01-29 00:00:00,Guanyuan,261.0,292.9344627304417
2017-01-29 01:00:00,Guanyuan,179.0,270.26806262025616
2017-01-29 02:00:00,Guanyuan,16.0,92.38195909598186
2017-01-29 03:00:00,Guanyuan,3.0,-0.24382820417702902
2017-01-29 04:00:00,Guanyuan,5.0,10.591581763872064
2017-01-29 05:00:00,Guanyuan,10.0,8.774301322676878
2017-01-29 06:00:00,Guanyuan,11.0,13.65016383576777
2017-01-29 07:00:00,Guanyuan,11.0,13.534834205880239
2017-01-29 08:00:00,Guanyuan,10.0,12.659953117706209
2017-01-29 09:00:00,Guanyuan,10.0,11.766402642073636
2017-01-29 10:00:00,Guanyuan,9.0,11.669100581254561
2017-01-29 11:00:00,Guanyuan,12.0,8.999307501231266
2017-01-29 12:00:00,Guanyuan,12.0,12.758834431551197
2017-01-29 13:00:00,Guanyuan,13.0,11.918359321110849
2017-01-29 14:00:00,Guanyuan,13.0,17.340920556302812
2017-01-29 15:00:00,Guanyuan,15.0,12.906343386491761
2017-01-29 16:00:00,Guanyuan,12.0,15.229776367841792
2017-01-29 17:00:00,Guanyuan,12.0,6.933167411731888
2017-01-29 18:00:00,Guanyuan,15.0,14.017867272847216
2017-01-29 19:00:00,Guanyuan,10.0,15.014064178180218
2017-01-29 20:00:00,Guanyuan,14.0,10.458628290093296
2017-01-29 21:00:00,Guanyuan,10.0,17.074800028510097
2017-01-29 22:00:00,Guanyuan,11.0,14.965603863461453
2017-01-29 23:00:00,Guanyuan,8.0,14.643813560585393
2017-01-30 00:00:00,Guanyuan,11.0,8.874316301126292
2017-01-30 01:00:00,Guanyuan,7.0,9.776820647989647
2017-01-30 02:00:00,Guanyuan,6.0,7.650087472741586
2017-01-30 03:00:00,Guanyuan,6.0,6.931326207612947
2017-01-30 04:00:00,Guanyuan,10.0,7.0000931743886605
2017-01-30 05:00:00,Guanyuan,7.0,9.306185282426428
2017-01-30 06:00:00,Guanyuan,10.0,8.146286199454865
2017-01-30 07:00:00,Guanyuan,9.0,10.814149510684468
2017-01-30 08:00:00,Guanyuan,7.0,10.966315118155944
2017-01-30 09:00:00,Guanyuan,14.0,10.032027478508327
2017-01-30 10:00:00,Guanyuan,14.0,13.63635925800098
2017-01-30 11:00:00,Guanyuan,5.0,14.667789161008795
2017-01-30 12:00:00,Guanyuan,9.0,8.527892158592426
2017-01-30 13:00:00,Guanyuan,14.0,11.285807189730814
2017-01-30 14:00:00,Guanyuan,12.0,17.81443940506297
2017-01-30 15:00:00,Guanyuan,9.0,18.333096198932513
2017-01-30 16:00:00,Guanyuan,67.0,14.97083371220956
2017-01-30 17:00:00,Guanyuan,113.0,61.92268621780945
2017-01-30 18:00:00,Guanyuan,65.0,115.81821414726524
2017-01-30 19:00:00,Guanyuan,63.0,59.970072379940206
2017-01-30 20:00:00,Guanyuan,62.0,65.9567733714162
2017-01-30 21:00:00,Guanyuan,72.0,68.2432209781942
2017-01-30 22:00:00,Guanyuan,79.0,76.57453145648518
2017-01-30 23:00:00,Guanyuan,83.0,83.26225004057255
2017-01-31 00:00:00,Guanyuan,92.0,97.70682834310232
2017-01-31 01:00:00,Guanyuan,97.0,104.95286733301741
2017-01-31 02:00:00,Guanyuan,103.0,92.33639437789404
2017-01-31 03:00:00,Guanyuan,104.0,97.86903778611895
2017-01-31 04:00:00,Guanyuan,110.0,100.26491518792415
2017-01-31 05:00:00,Guanyuan,115.0,108.27042903700715
2017-01-31 06:00:00,Guanyuan,116.0,108.45254032791264
2017-01-31 07:00:00,Guanyuan,100.0,111.1959350564278
2017-01-31 08:00:00,Guanyuan,71.0,92.95390980043032
2017-01-31 09:00:00,Guanyuan,68.0,67.45112687568864
2017-01-31 10:00:00,Guanyuan,67.0,68.91924836124159
2017-01-31 11:00:00,Guanyuan,104.0,70.29259368136101
2017-01-31 12:00:00,Guanyuan,98.0,104.47259521221184
2017-01-31 13:00:00,Guanyuan,101.0,94.15212150271812
2017-01-31 14:00:00,Guanyuan,89.0,100.33360592222755
2017-01-31 15:00:00,Guanyuan,82.0,85.45060436665878
2017-01-31 16:00:00,Guanyuan,75.0,83.65186897497064
2017-01-31 17:00:00,Guanyuan,86.0,77.85420704615845
2017-01-31 18:00:00,Guanyuan,103.0,93.87869913239778
2017-01-31 19:00:00,Guanyuan,111.0,113.47063936587837
2017-01-31 20:00:00,Guanyuan,86.0,113.91200412809432
2017-01-31 21:00:00,Guanyuan,15.0,76.74649547125706
2017-01-31 22:00:00,Guanyuan,11.0,19.49691768632488
2017-01-31 23:00:00,Guanyuan,6.0,18.47511482192014
2017-02-01 00:00:00,Guanyuan,8.0,10.530201401578763
2017-02-01 01:00:00,Guanyuan,12.0,10.363982480812368
2017-02-01 02:00:00,Guanyuan,11.0,13.967568880619968
2017-02-01 03:00:00,Guanyuan,7.0,13.579858682105044
2017-02-01 05:00:00,Guanyuan,8.0,20.62844404161811
2017-02-01 06:00:00,Guanyuan,8.0,9.975978875713473
2017-02-01 07:00:00,Guanyuan,3.0,12.962481392895185
2017-02-01 08:00:00,Guanyuan,5.0,11.281878362152314
2017-02-01 09:00:00,Guanyuan,3.0,9.400361560966061
2017-02-01 10:00:00,Guanyuan,3.0,8.623038055409822
2017-02-01 11:00:00,Guanyuan,12.0,6.942638805924568
2017-02-01 12:00:00,Guanyuan,14.0,9.636895411853846
2017-02-01 13:00:00,Guanyuan,12.0,13.301385092929923
2017-02-01 14:00:00,Guanyuan,15.0,16.715526309601696
2017-02-01 15:00:00,Guanyuan,16.0,19.690650792825686
2017-02-01 16:00:00,Guanyuan,25.0,21.156055995987387
2017-02-01 17:00:00,Guanyuan,56.0,31.790262604412703
2017-02-01 18:00:00,Guanyuan,65.0,62.29696037325119
2017-02-01 19:00:00,Guanyuan,91.0,73.92552230582511
2017-02-01 20:00:00,Guanyuan,159.0,95.87535192906516
2017-02-01 21:00:00,Guanyuan,154.0,164.19130797490592
2017-02-01 22:00:00,Guanyuan,184.0,147.8865885070063
2017-02-01 23:00:00,Guanyuan,188.0,176.93398978357703
2017-02-02 00:00:00,Guanyuan,133.0,241.7562554212474
2017-02-02 01:00:00,Guanyuan,81.0,142.85888989727522
2017-02-02 02:00:00,Guanyuan,94.0,69.60948275606535
2017-02-02 03:00:00,Guanyuan,96.0,91.13041427231076
2017-02-02 04:00:00,Guanyuan,68.0,91.46680332036391
2017-02-02 05:00:00,Guanyuan,46.0,62.1578361832134
2017-02-02 06:00:00,Guanyuan,44.0,45.26559275255107
2017-02-02 07:00:00,Guanyuan,30.0,43.809429468472416
2017-02-02 08:00:00,Guanyuan,30.0,32.77144789219386
2017-02-02 09:00:00,Guanyuan,50.0,32.0713069816148
2017-02-02 10:00:00,Guanyuan,58.0,51.15921756670539
2017-02-02 11:00:00,Guanyuan,64.0,59.18226729507317
2017-02-02 12:00:00,Guanyuan,62.0,61.5733358887214
2017-02-02 13:00:00,Guanyuan,61.0,57.45688471039779
2017-02-02 14:00:00,Guanyuan,71.0,64.44472347044609
2017-02-02 15:00:00,Guanyuan,75.0,72.68123643649045
2017-02-02 16:00:00,Guanyuan,87.0,83.12685845934014
2017-02-02 17:00:00,Guanyuan,105.0,97.4455735336238
2017-02-02 18:00:00,Guanyuan,125.0,122.26540953684678
2017-02-02 19:00:00,Guanyuan,150.0,138.60777487201793
2017-02-02 20:00:00,Guanyuan,147.0,159.88297738898942
2017-02-02 21:00:00,Guanyuan,144.0,154.53213986020515
2017-02-02 22:00:00,Guanyuan,148.0,150.78758926290695
2017-02-02 23:00:00,Guanyuan,149.0,146.39908326581843
2017-02-03 00:00:00,Guanyuan,141.0,158.55085214009708
2017-02-03 01:00:00,Guanyuan,120.0,139.2095139999438
2017-02-03 02:00:00,Guanyuan,133.0,111.47522265991911
2017-02-03 03:00:00,Guanyuan,156.0,130.26352800801345
2017-02-03 04:00:00,Guanyuan,132.0,146.73399598416665
2017-02-03 05:00:00,Guanyuan,90.0,118.34910003084882
2017-02-03 06:00:00,Guanyuan,87.0,71.7581267166633
2017-02-03 07:00:00,Guanyuan,86.0,84.58035915183537
2017-02-03 08:00:00,Guanyuan,88.0,89.6234552713789
2017-02-03 09:00:00,Guanyuan,88.0,88.86543236420285
2017-02-03 10:00:00,Guanyuan,74.0,83.68244945381443
2017-02-03 11:00:00,Guanyuan,84.0,67.99156444584102
2017-02-03 12:00:00,Guanyuan,114.0,82.5353663974903
2017-02-03 13:00:00,Guanyuan,121.0,124.02648915158674
2017-02-03 14:00:00,Guanyuan,132.0,121.16325742821344
2017-02-03 15:00:00,Guanyuan,199.0,153.3226606246478
2017-02-03 16:00:00,Guanyuan,226.0,202.81047532263545
2017-02-03 17:00:00,Guanyuan,241.0,241.9578298901033
2017-02-03 18:00:00,Guanyuan,254.0,246.82281206876002
2017-02-03 19:00:00,Guanyuan,285.0,262.6637464730237
2017-02-03 20:00:00,Guanyuan,325.0,284.61324995842654
2017-02-03 21:00:00,Guanyuan,337.0,322.9824727009063
2017-02-03 22:00:00,Guanyuan,321.0,320.66475350833264
2017-02-03 23:00:00,Guanyuan,321.0,301.30861298066884
2017-02-04 00:00:00,Guanyuan,296.0,321.4383034150554
2017-02-04 01:00:00,Guanyuan,235.0,296.7810291502778
2017-02-04 02:00:00,Guanyuan,254.0,204.65066995385453
2017-02-04 03:00:00,Guanyuan,273.0,236.5510520895747
2017-02-04 04:00:00,Guanyuan,296.0,248.70398576985315
2017-02-04 05:00:00,Guanyuan,306.0,289.26035699716886
2017-02-04 06:00:00,Guanyuan,315.0,282.0066787587398
2017-02-04 07:00:00,Guanyuan,323.0,300.49124180638466
2017-02-04 08:00:00,Guanyuan,316.0,303.2556303165431
2017-02-04 09:00:00,Guanyuan,297.0,307.25090970128286
2017-02-04 10:00:00,Guanyuan,276.0,273.5519277230046
2017-02-04 11:00:00,Guanyuan,283.0,245.79559127687963
2017-02-04 12:00:00,Guanyuan,274.0,281.11901256739844
2017-02-04 15:00:00,Guanyuan,341.0,151.5175005868783
2017-02-04 16:00:00,Guanyuan,346.0,365.9917998925484
2017-02-04 17:00:00,Guanyuan,365.0,330.3929703988848
2017-02-04 18:00:00,Guanyuan,341.0,361.377533908518
2017-02-04 19:00:00,Guanyuan,198.0,305.6357051505901
2017-02-04 20:00:00,Guanyuan,25.0,81.34698279798165
2017-02-04 21:00:00,Guanyuan,18.0,9.747546274084447
2017-02-04 22:00:00,Guanyuan,10.0,16.313455881945703
2017-02-04 23:00:00,Guanyuan,13.0,12.311816903789552
2017-02-05 00:00:00,Guanyuan,24.0,16.498793950148237
2017-02-05 01:00:00,Guanyuan,23.0,26.020604256154744
2017-02-05 02:00:00,Guanyuan,15.0,26.731103124395457
2017-02-05 03:00:00,Guanyuan,23.0,16.393164298402304
2017-02-05 04:00:00,Guanyuan,23.0,27.894292455556787
2017-02-05 05:00:00,Guanyuan,16.0,24.740513586654526
2017-02-05 06:00:00,Guanyuan,13.0,20.852495159563027
2017-02-05 07:00:00,Guanyuan,5.0,11.938126434852473
2017-02-05 08:00:00,Guanyuan,6.0,7.4427781528899475
2017-02-05 09:00:00,Guanyuan,11.0,7.0682780317720395
2017-02-05 10:00:00,Guanyuan,6.0,12.881608647341631
2017-02-05 11:00:00,Guanyuan,3.0,6.719411659459523
2017-02-05 12:00:00,Guanyuan,7.0,6.508205689386049
2017-02-05 13:00:00,Guanyuan,8.0,7.383805273473157
2017-02-05 14:00:00,Guanyuan,11.0,7.51597907244531
2017-02-05 15:00:00,Guanyuan,10.0,9.434830695622736
2017-02-05 16:00:00,Guanyuan,20.0,10.382845999294881
2017-02-05 17:00:00,Guanyuan,14.0,19.94712536634598
2017-02-05 18:00:00,Guanyuan,8.0,14.671559614013491
2017-02-05 19:00:00,Guanyuan,4.0,10.700157896936087
2017-02-05 20:00:00,Guanyuan,4.0,7.816093304114415
2017-02-05 21:00:00,Guanyuan,7.0,10.600955803821252
2017-02-05 22:00:00,Guanyuan,8.0,7.860884472600304
2017-02-05 23:00:00,Guanyuan,4.0,7.0240434326548
2017-02-06 00:00:00,Guanyuan,10.0,6.218516006246986
2017-02-06 01:00:00,Guanyuan,4.0,7.925435881771815
2017-02-06 02:00:00,Guanyuan,5.0,6.623785053931063
2017-02-06 03:00:00,Guanyuan,3.0,5.4700390327084145
2017-02-06 04:00:00,Guanyuan,5.0,5.943186798790226
2017-02-06 05:00:00,Guanyuan,4.0,6.133240210431775
2017-02-06 06:00:00,Guanyuan,3.0,4.708557261805822
2017-02-06 07:00:00,Guanyuan,4.0,5.293027699038305
2017-02-06 08:00:00,Guanyuan,6.0,10.294105729652163
2017-02-06 09:00:00,Guanyuan,8.0,7.675079630672154
2017-02-06 10:00:00,Guanyuan,6.0,7.280458157798159
2017-02-06 11:00:00,Guanyuan,5.0,6.802043569054874
2017-02-06 12:00:00,Guanyuan,3.0,6.51849670261703
2017-02-06 13:00:00,Guanyuan,3.0,7.420945736925984
2017-02-06 14:00:00,Guanyuan,4.0,13.509215316114645
2017-02-06 15:00:00,Guanyuan,5.0,12.118850757578137
2017-02-06 16:00:00,Guanyuan,15.0,16.82489114968585
2017-02-06 17:00:00,Guanyuan,17.0,18.539761996033604
2017-02-06 18:00:00,Guanyuan,26.0,23.225502243011483
2017-02-06 19:00:00,Guanyuan,35.0,33.01814673900216
2017-02-06 20:00:00,Guanyuan,36.0,40.576029030896265
2017-02-06 21:00:00,Guanyuan,42.0,39.59087156993485
2017-02-06 22:00:00,Guanyuan,39.0,44.06330533332348
2017-02-06 23:00:00,Guanyuan,45.0,39.820814757414965
2017-02-07 00:00:00,Guanyuan,67.0,46.54360604843163
2017-02-07 01:00:00,Guanyuan,67.0,73.93227172357177
2017-02-07 02:00:00,Guanyuan,69.0,70.01209571838064
2017-02-07 03:00:00,Guanyuan,81.0,72.98837440736496
2017-02-07 04:00:00,Guanyuan,76.0,84.1435378004311
2017-02-07 05:00:00,Guanyuan,77.0,75.09195508806022
2017-02-07 06:00:00,Guanyuan,75.0,77.6751252507745
2017-02-07 07:00:00,Guanyuan,82.0,77.7420163545995
2017-02-07 08:00:00,Guanyuan,82.0,85.96612956789649
2017-02-07 09:00:00,Guanyuan,80.0,92.0637454614569
2017-02-07 10:00:00,Guanyuan,41.0,82.81262818962554
2017-02-07 11:00:00,Guanyuan,35.0,44.51738627841505
2017-02-07 12:00:00,Guanyuan,40.0,41.38143972298418
2017-02-07 13:00:00,Guanyuan,54.0,47.380952458413915
2017-02-07 14:00:00,Guanyuan,46.0,57.207719399127065
2017-02-07 15:00:00,Guanyuan,47.0,53.96749836840388
2017-02-07 16:00:00,Guanyuan,90.0,63.8899700540904
2017-02-07 17:00:00,Guanyuan,94.0,113.5314184119869
2017-02-07 18:00:00,Guanyuan,125.0,109.26681898269436
2017-02-07 19:00:00,Guanyuan,110.0,130.70400173128624
2017-02-07 20:00:00,Guanyuan,109.0,113.19106764468317
2017-02-07 21:00:00,Guanyuan,105.0,114.36246036579085
2017-02-07 22:00:00,Guanyuan,114.0,112.16751108610453
2017-02-07 23:00:00,Guanyuan,108.0,118.4864733434308
2017-02-08 00:00:00,Guanyuan,106.0,110.44593560501042
2017-02-08 01:00:00,Guanyuan,106.0,105.52044003020401
2017-02-08 02:00:00,Guanyuan,99.0,104.4970733565554
2017-02-08 03:00:00,Guanyuan,96.0,98.64816948258077
2017-02-08 04:00:00,Guanyuan,54.0,92.34914216130497
2017-02-08 05:00:00,Guanyuan,22.0,46.432898784023465
2017-02-08 06:00:00,Guanyuan,15.0,18.627978796798182
2017-02-08 07:00:00,Guanyuan,13.0,14.836933704286963
2017-02-08 08:00:00,Guanyuan,8.0,15.067006817011505
2017-02-08 09:00:00,Guanyuan,8.0,7.989598064478232
2017-02-08 10:00:00,Guanyuan,9.0,7.7719454332703455
2017-02-08 11:00:00,Guanyuan,14.0,8.342474172737987
2017-02-08 12:00:00,Guanyuan,11.0,12.586494700043396
2017-02-08 13:00:00,Guanyuan,15.0,11.161972902761429
2017-02-08 14:00:00,Guanyuan,13.0,13.190395259097992
2017-02-08 15:00:00,Guanyuan,13.0,12.620130450330356
2017-02-08 16:00:00,Guanyuan,8.0,12.819486373501134
2017-02-08 17:00:00,Guanyuan,13.0,12.036502507613037
2017-02-08 18:00:00,Guanyuan,12.0,13.281105784622913
2017-02-08 19:00:00,Guanyuan,10.0,13.632776560940057
2017-02-08 20:00:00,Guanyuan,10.0,11.377730432961634
2017-02-08 21:00:00,Guanyuan,10.0,11.367329465506842
2017-02-08 22:00:00,Guanyuan,9.0,10.880714840090445
2017-02-08 23:00:00,Guanyuan,9.0,10.911081173708334
2017-02-09 00:00:00,Guanyuan,6.0,11.170619460851814
2017-02-09 01:00:00,Guanyuan,7.0,7.172905062629237
2017-02-09 03:00:00,Guanyuan,5.0,-1.8211263997785578
2017-02-09 04:00:00,Guanyuan,7.0,0.7062904071818764
2017-02-09 05:00:00,Guanyuan,6.0,6.256796285301558
2017-02-09 06:00:00,Guanyuan,6.0,6.574866885750676
2017-02-09 07:00:00,Guanyuan,7.0,6.243619269085289
2017-02-09 08:00:00,Guanyuan,3.0,6.854578316340223
2017-02-09 09:00:00,Guanyuan,5.0,5.3722826660252325
2017-02-09 10:00:00,Guanyuan,13.0,5.172874119698628
2017-02-09 11:00:00,Guanyuan,3.0,10.438817955730176
2017-02-09 12:00:00,Guanyuan,9.0,6.44817970507651
2017-02-09 13:00:00,Guanyuan,8.0,7.808357577973781
2017-02-09 14:00:00,Guanyuan,6.0,8.36659213272315
2017-02-09 15:00:00,Guanyuan,10.0,7.053356610099165
2017-02-09 16:00:00,Guanyuan,3.0,9.616456461455552
2017-02-09 17:00:00,Guanyuan,7.0,7.793307138327774
2017-02-09 18:00:00,Guanyuan,9.0,8.32230931786055
2017-02-09 19:00:00,Guanyuan,8.0,10.681133573315577
2017-02-09 20:00:00,Guanyuan,6.0,9.725769966180172
2017-02-09 21:00:00,Guanyuan,4.0,6.890308702366311
2017-02-09 22:00:00,Guanyuan,3.0,5.9460015097962025
2017-02-09 23:00:00,Guanyuan,8.0,5.60298171179866
2017-02-10 00:00:00,Guanyuan,3.0,7.099513945356972
2017-02-10 01:00:00,Guanyuan,7.0,6.004785264459038
2017-02-10 02:00:00,Guanyuan,6.0,4.638373529596341
2017-02-10 03:00:00,Guanyuan,3.0,6.26134846729176
2017-02-10 04:00:00,Guanyuan,4.0,5.461570433947274
2017-02-10 05:00:00,Guanyuan,4.0,5.047602666304484
2017-02-10 06:00:00,Guanyuan,3.0,5.528887490430938
2017-02-10 07:00:00,Guanyuan,6.0,5.135162143655039
2017-02-10 08:00:00,Guanyuan,4.0,5.209356618967147
2017-02-10 09:00:00,Guanyuan,7.0,5.228095120873376
2017-02-10 10:00:00,Guanyuan,3.0,5.293079325185328
2017-02-10 11:00:00,Guanyuan,8.0,5.969663670267063
2017-02-10 12:00:00,Guanyuan,6.0,6.730778601982055
2017-02-10 13:00:00,Guanyuan,4.0,9.177131761139954
2017-02-10 14:00:00,Guanyuan,3.0,6.165342857202428
2017-02-10 15:00:00,Guanyuan,5.0,6.488199984855845
2017-02-10 16:00:00,Guanyuan,6.0,6.340057336351649
2017-02-10 17:00:00,Guanyuan,7.0,6.387566561316216
2017-02-10 18:00:00,Guanyuan,10.0,6.880368048827321
2017-02-10 19:00:00,Guanyuan,11.0,9.575707865629072
2017-02-10 20:00:00,Guanyuan,13.0,11.126246010470004
2017-02-10 21:00:00,Guanyuan,11.0,11.193318265460995
2017-02-10 22:00:00,Guanyuan,14.0,11.146803707908031
2017-02-10 23:00:00,Guanyuan,11.0,11.766214234935019
2017-02-11 00:00:00,Guanyuan,23.0,10.167700845069167
2017-02-11 01:00:00,Guanyuan,12.0,22.896301111827178
2017-02-11 02:00:00,Guanyuan,9.0,11.624558043434412
2017-02-11 03:00:00,Guanyuan,13.0,8.963296085857529
2017-02-11 04:00:00,Guanyuan,10.0,11.264402343271179
2017-02-11 05:00:00,Guanyuan,16.0,14.275493702450857
2017-02-11 06:00:00,Guanyuan,17.0,19.121978539489525
2017-02-11 07:00:00,Guanyuan,16.0,19.64546292773776
2017-02-11 08:00:00,Guanyuan,21.0,16.43606545516889
2017-02-11 09:00:00,Guanyuan,21.0,24.458674435981067
2017-02-11 10:00:00,Guanyuan,15.0,20.69827543837618
2017-02-11 11:00:00,Guanyuan,16.0,15.376623885080628
2017-02-11 12:00:00,Guanyuan,16.0,14.510327079809459
2017-02-11 13:00:00,Guanyuan,11.0,14.713048233948458
2017-02-11 14:00:00,Guanyuan,11.0,10.951442430763912
2017-02-11 15:00:00,Guanyuan,23.0,13.266048009384019
2017-02-11 16:00:00,Guanyuan,48.0,23.865054297806576
2017-02-11 17:00:00,Guanyuan,44.0,56.044911456837426
2017-02-11 18:00:00,Guanyuan,59.0,50.305821283267626
2017-02-11 19:00:00,Guanyuan,103.0,67.23591204570415
2017-02-11 20:00:00,Guanyuan,160.0,112.46739958943961
2017-02-11 21:00:00,Guanyuan,283.0,171.44935576126863
2017-02-11 22:00:00,Guanyuan,217.0,300.1399680797535
2017-02-11 23:00:00,Guanyuan,169.0,189.94163084380233
2017-02-12 00:00:00,Guanyuan,203.0,157.2539843259121
2017-02-12 01:00:00,Guanyuan,167.0,207.25743498666424
2017-02-12 02:00:00,Guanyuan,118.0,154.27217041261767
2017-02-12 03:00:00,Guanyuan,57.0,89.9335495207673
2017-02-12 04:00:00,Guanyuan,45.0,48.545379915344725
2017-02-12 05:00:00,Guanyuan,68.0,43.53869561775677
2017-02-12 06:00:00,Guanyuan,29.0,64.43225592029695
2017-02-12 07:00:00,Guanyuan,79.0,30.519416650543295
2017-02-12 08:00:00,Guanyuan,126.0,84.91199591470527
2017-02-12 09:00:00,Guanyuan,115.0,126.42086148811696
2017-02-12 10:00:00,Guanyuan,117.0,119.87029464398064
2017-02-12 11:00:00,Guanyuan,108.0,116.90378036846823
2017-02-12 12:00:00,Guanyuan,105.0,107.24145212676139
2017-02-12 13:00:00,Guanyuan,96.0,114.80855980369196
2017-02-12 14:00:00,Guanyuan,99.0,103.74250691846
2017-02-12 15:00:00,Guanyuan,91.0,107.0738447800717
2017-02-12 16:00:00,Guanyuan,90.0,90.24573290902639
2017-02-12 17:00:00,Guanyuan,115.0,102.13326784602903
2017-02-12 18:00:00,Guanyuan,100.0,129.2644577742555
2017-02-12 19:00:00,Guanyuan,110.0,114.8911028365143
2017-02-12 20:00:00,Guanyuan,136.0,119.6779087341994
2017-02-12 21:00:00,Guanyuan,143.0,151.051918481448
2017-02-12 22:00:00,Guanyuan,137.0,155.5605747469831
2017-02-12 23:00:00,Guanyuan,146.0,145.5194770964252
2017-02-13 00:00:00,Guanyuan,169.0,157.08807555933376
2017-02-13 01:00:00,Guanyuan,189.0,187.62560745850584
2017-02-13 02:00:00,Guanyuan,203.0,186.22066950094938
2017-02-13 03:00:00,Guanyuan,197.0,196.71307447446242
2017-02-13 04:00:00,Guanyuan,173.0,189.29832360587804
2017-02-13 05:00:00,Guanyuan,151.0,163.78032687674954
2017-02-13 06:00:00,Guanyuan,120.0,141.61604383913482
2017-02-13 07:00:00,Guanyuan,104.0,111.54849027917781
2017-02-13 08:00:00,Guanyuan,82.0,100.03173598686111
2017-02-13 09:00:00,Guanyuan,61.0,80.76543462091372
2017-02-13 10:00:00,Guanyuan,41.0,62.81651279527657
2017-02-13 11:00:00,Guanyuan,24.0,37.87781880001632
2017-02-13 12:00:00,Guanyuan,16.0,22.057007225888025
2017-02-13 13:00:00,Guanyuan,17.0,16.29959665969777
2017-02-13 14:00:00,Guanyuan,12.0,17.401260546205794
2017-02-13 15:00:00,Guanyuan,15.0,13.099495388324142
2017-02-13 16:00:00,Guanyuan,20.0,14.25626579464694
2017-02-13 17:00:00,Guanyuan,22.0,26.106940797861252
2017-02-13 18:00:00,Guanyuan,24.0,28.99176326535861
2017-02-13 19:00:00,Guanyuan,74.0,40.14580575181455
2017-02-13 20:00:00,Guanyuan,108.0,92.88524296781459
2017-02-13 21:00:00,Guanyuan,139.0,121.6641470770546
2017-02-13 22:00:00,Guanyuan,180.0,145.13514956053228
2017-02-13 23:00:00,Guanyuan,172.0,191.59046047524953
2017-02-14 00:00:00,Guanyuan,144.0,177.29796688875598
2017-02-14 01:00:00,Guanyuan,118.0,141.87381289971844
2017-02-14 02:00:00,Guanyuan,146.0,115.00998853176895
2017-02-14 03:00:00,Guanyuan,150.0,151.77476973733474
2017-02-14 04:00:00,Guanyuan,147.0,152.24940260532966
2017-02-14 05:00:00,Guanyuan,151.0,149.24874910932007
2017-02-14 06:00:00,Guanyuan,181.0,156.4138629595069
2017-02-14 07:00:00,Guanyuan,178.0,186.2273467085196
2017-02-14 08:00:00,Guanyuan,172.0,190.81480126949623
2017-02-14 09:00:00,Guanyuan,160.0,190.7847738558637
2017-02-14 10:00:00,Guanyuan,161.0,177.79415795062891
2017-02-14 11:00:00,Guanyuan,167.0,179.71124917972563
2017-02-14 12:00:00,Guanyuan,190.0,189.9134375826632
2017-02-14 13:00:00,Guanyuan,204.0,205.35548741912714
2017-02-14 14:00:00,Guanyuan,226.0,222.59463222959698
2017-02-14 15:00:00,Guanyuan,225.0,246.2395899616755
2017-02-14 16:00:00,Guanyuan,214.0,241.93005511880978
2017-02-14 17:00:00,Guanyuan,200.0,228.69422451609927
2017-02-14 18:00:00,Guanyuan,205.0,213.15063911601612
2017-02-14 19:00:00,Guanyuan,207.0,226.17030800906878
2017-02-14 20:00:00,Guanyuan,216.0,221.78442672390682
2017-02-14 21:00:00,Guanyuan,217.0,227.05761569135262
2017-02-14 22:00:00,Guanyuan,242.0,217.32851792335808
2017-02-14 23:00:00,Guanyuan,233.0,257.8487004279084
2017-02-15 00:00:00,Guanyuan,233.0,232.71214231024655
2017-02-15 01:00:00,Guanyuan,227.0,228.19600882729966
2017-02-15 02:00:00,Guanyuan,226.0,218.0456707644962
2017-02-15 03:00:00,Guanyuan,225.0,216.36891973866858
2017-02-15 04:00:00,Guanyuan,225.0,212.07639105028514
2017-02-15 05:00:00,Guanyuan,231.0,213.41357900845523
2017-02-15 06:00:00,Guanyuan,228.0,223.3435855070094
2017-02-15 07:00:00,Guanyuan,230.0,219.6926854378912
2017-02-15 08:00:00,Guanyuan,237.0,225.98354245137202
2017-02-15 09:00:00,Guanyuan,3.0,244.92997827542192
2017-02-15 10:00:00,Guanyuan,3.0,86.01813248390482
2017-02-15 11:00:00,Guanyuan,154.0,98.75547537667654
2017-02-15 12:00:00,Guanyuan,239.0,234.96809721778575
2017-02-15 13:00:00,Guanyuan,241.0,235.50320361158555
2017-02-15 14:00:00,Guanyuan,255.0,232.60157346662385
2017-02-15 15:00:00,Guanyuan,248.0,254.29205174427383
2017-02-15 16:00:00,Guanyuan,258.0,249.37993298479046
2017-02-15 17:00:00,Guanyuan,267.0,259.7041740105075
2017-02-15 18:00:00,Guanyuan,268.0,274.9903747074042
2017-02-15 19:00:00,Guanyuan,286.0,278.8609716792148
2017-02-15 20:00:00,Guanyuan,274.0,294.54836873968037
2017-02-15 21:00:00,Guanyuan,257.0,284.1440486836402
2017-02-15 22:00:00,Guanyuan,249.0,265.932571539584
2017-02-15 23:00:00,Guanyuan,267.0,250.89069419440173
2017-02-16 00:00:00,Guanyuan,262.0,275.96591943659143
2017-02-16 01:00:00,Guanyuan,262.0,257.9841834901308
2017-02-16 02:00:00,Guanyuan,259.0,255.71739842210877
2017-02-16 03:00:00,Guanyuan,260.0,254.18468764825303
2017-02-16 04:00:00,Guanyuan,252.0,251.38851350119793
2017-02-16 05:00:00,Guanyuan,250.0,242.3307022026254
2017-02-16 06:00:00,Guanyuan,239.0,242.10475315986187
2017-02-16 07:00:00,Guanyuan,226.0,207.60653322597517
2017-02-16 08:00:00,Guanyuan,185.0,211.74519670966887
2017-02-16 09:00:00,Guanyuan,103.0,156.65223270907853
2017-02-16 10:00:00,Guanyuan,48.0,48.744770762123615
2017-02-16 11:00:00,Guanyuan,24.0,32.27047542981991
2017-02-16 12:00:00,Guanyuan,14.0,25.31779279163663
2017-02-16 13:00:00,Guanyuan,17.0,15.11780464803814
2017-02-16 14:00:00,Guanyuan,10.0,14.477194201994008
2017-02-16 15:00:00,Guanyuan,9.0,10.998742079500875
2017-02-16 16:00:00,Guanyuan,11.0,14.8488384690945
2017-02-16 17:00:00,Guanyuan,9.0,11.484789204887592
2017-02-16 18:00:00,Guanyuan,15.0,10.088873614547488
2017-02-16 19:00:00,Guanyuan,6.0,13.341803209471255
2017-02-16 20:00:00,Guanyuan,8.0,7.574559391768252
2017-02-16 21:00:00,Guanyuan,10.0,6.918570703828155
2017-02-16 22:00:00,Guanyuan,7.0,8.018478839221709
2017-02-16 23:00:00,Guanyuan,4.0,5.857142625344051
2017-02-17 00:00:00,Guanyuan,5.0,5.464881941141587
2017-02-17 01:00:00,Guanyuan,4.0,5.260066865192385
2017-02-17 02:00:00,Guanyuan,8.0,5.488551282826138
2017-02-17 03:00:00,Guanyuan,9.0,5.8142812433916164
2017-02-17 04:00:00,Guanyuan,8.0,9.353369740162899
2017-02-17 05:00:00,Guanyuan,9.0,9.515821391995965
2017-02-17 06:00:00,Guanyuan,11.0,10.756451729416087
2017-02-17 07:00:00,Guanyuan,15.0,12.028152913678808
2017-02-17 08:00:00,Guanyuan,8.0,15.622454160183139
2017-02-17 09:00:00,Guanyuan,6.0,11.255252204763705
2017-02-17 10:00:00,Guanyuan,3.0,5.854513420721319
2017-02-17 11:00:00,Guanyuan,4.0,5.561980203210232
2017-02-17 12:00:00,Guanyuan,6.0,5.881897916472859
2017-02-17 13:00:00,Guanyuan,10.0,5.4075623501355174
2017-02-17 14:00:00,Guanyuan,13.0,7.702803193598076
2017-02-17 15:00:00,Guanyuan,21.0,15.070994098025425
2017-02-17 16:00:00,Guanyuan,37.0,24.722005807208138
2017-02-17 17:00:00,Guanyuan,53.0,46.192889656240574
2017-02-17 18:00:00,Guanyuan,67.0,63.85116988758258
2017-02-17 19:00:00,Guanyuan,59.0,75.16577567204432
2017-02-17 20:00:00,Guanyuan,58.0,63.65433247487669
2017-02-17 21:00:00,Guanyuan,58.0,62.516764954155136
2017-02-17 22:00:00,Guanyuan,54.0,61.563435375241106
2017-02-17 23:00:00,Guanyuan,61.0,58.35040513981741
2017-02-18 00:00:00,Guanyuan,75.0,67.61105959874955
2017-02-18 01:00:00,Guanyuan,83.0,78.33601250234969
2017-02-18 02:00:00,Guanyuan,96.0,84.86720606620143
2017-02-18 03:00:00,Guanyuan,107.0,97.65819071600663
2017-02-18 04:00:00,Guanyuan,75.0,106.27425951857796
2017-02-18 05:00:00,Guanyuan,76.0,70.4741963603266
2017-02-18 06:00:00,Guanyuan,76.0,77.01433433339474
2017-02-18 07:00:00,Guanyuan,69.0,79.15097773546994
2017-02-18 08:00:00,Guanyuan,75.0,70.5862918936132
2017-02-18 09:00:00,Guanyuan,80.0,79.08601417143143
2017-02-18 10:00:00,Guanyuan,83.0,83.44413672272724
2017-02-18 11:00:00,Guanyuan,85.0,82.71415399983478
2017-02-18 12:00:00,Guanyuan,87.0,88.7144079255811
2017-02-18 13:00:00,Guanyuan,101.0,88.58217136546737
2017-02-18 14:00:00,Guanyuan,98.0,104.15537269553205
2017-02-18 15:00:00,Guanyuan,98.0,100.36886329410274
2017-02-18 16:00:00,Guanyuan,79.0,105.0398693186958
2017-02-18 17:00:00,Guanyuan,63.0,84.35219739693031
2017-02-18 18:00:00,Guanyuan,76.0,71.4879428906306
2017-02-18 19:00:00,Guanyuan,100.0,91.64498940560873
2017-02-18 20:00:00,Guanyuan,117.0,113.2773359981176
2017-02-18 21:00:00,Guanyuan,114.0,128.72761502777112
2017-02-18 22:00:00,Guanyuan,110.0,125.96230192031844
2017-02-18 23:00:00,Guanyuan,123.0,115.20535913540253
2017-02-19 00:00:00,Guanyuan,130.0,128.76292431154795
2017-02-19 01:00:00,Guanyuan,138.0,131.77849883777301
2017-02-19 02:00:00,Guanyuan,146.0,141.93793137461444
2017-02-19 03:00:00,Guanyuan,146.0,144.08661702007953
2017-02-19 04:00:00,Guanyuan,160.0,146.90929778778295
2017-02-19 05:00:00,Guanyuan,164.0,160.51465532301307
2017-02-19 06:00:00,Guanyuan,162.0,169.07989215507115
2017-02-19 07:00:00,Guanyuan,154.0,167.96936225941872
2017-02-19 08:00:00,Guanyuan,149.0,162.62819131711746
2017-02-19 09:00:00,Guanyuan,161.0,157.13160648812266
2017-02-19 10:00:00,Guanyuan,169.0,161.67880293481252
2017-02-19 11:00:00,Guanyuan,174.0,154.2894148913686
2017-02-19 12:00:00,Guanyuan,181.0,161.6817489405398
2017-02-19 13:00:00,Guanyuan,132.0,183.06257663775494
2017-02-19 14:00:00,Guanyuan,95.0,111.6701472456115
2017-02-19 15:00:00,Guanyuan,23.0,47.26553184784169
2017-02-19 16:00:00,Guanyuan,14.0,12.728148388006888
2017-02-19 17:00:00,Guanyuan,13.0,13.090839691163964
2017-02-19 18:00:00,Guanyuan,7.0,12.515656626582702
2017-02-19 19:00:00,Guanyuan,12.0,9.369598077571736
2017-02-19 20:00:00,Guanyuan,11.0,10.983767273257957
2017-02-19 21:00:00,Guanyuan,5.0,9.868717422338586
2017-02-19 22:00:00,Guanyuan,6.0,7.745481594859721
2017-02-19 23:00:00,Guanyuan,4.0,6.078463332531375
2017-02-20 00:00:00,Guanyuan,4.0,6.071390005286717
2017-02-20 01:00:00,Guanyuan,5.0,6.037508052264064
2017-02-20 02:00:00,Guanyuan,3.0,5.155839246182438
2017-02-20 03:00:00,Guanyuan,3.0,6.9021846788485925
2017-02-20 04:00:00,Guanyuan,8.0,6.9021846788485925
2017-02-20 05:00:00,Guanyuan,8.0,7.764487157510447
2017-02-20 06:00:00,Guanyuan,7.0,6.167044018318761
2017-02-20 07:00:00,Guanyuan,7.0,5.684414157890379
2017-02-20 08:00:00,Guanyuan,9.0,9.440329859372588
2017-02-20 09:00:00,Guanyuan,11.0,10.49276538056235
2017-02-20 10:00:00,Guanyuan,5.0,11.559029577317574
2017-02-20 11:00:00,Guanyuan,11.0,9.006132287379327
2017-02-20 12:00:00,Guanyuan,9.0,8.776251383833008
2017-02-20 13:00:00,Guanyuan,12.0,8.0051346814142
2017-02-20 16:00:00,Guanyuan,11.0,12.33638029663175
2017-02-20 18:00:00,Guanyuan,11.0,38.887746249014924
2017-02-20 19:00:00,Guanyuan,11.0,18.85775867442778
2017-02-20 20:00:00,Guanyuan,17.0,19.423448200578186
2017-02-20 21:00:00,Guanyuan,19.0,21.27910098290218
2017-02-20 22:00:00,Guanyuan,36.0,24.21719136236298
2017-02-21 01:00:00,Guanyuan,49.0,76.53720548613364
2017-02-21 02:00:00,Guanyuan,42.0,49.37718688995012
2017-02-21 05:00:00,Guanyuan,97.0,54.99477099384343
2017-02-21 08:00:00,Guanyuan,70.0,62.76884859383945
2017-02-21 09:00:00,Guanyuan,69.0,78.49843762318032
2017-02-21 11:00:00,Guanyuan,70.0,66.84438842765597
2017-02-21 13:00:00,Guanyuan,39.0,88.39471499261417
2017-02-21 14:00:00,Guanyuan,24.0,40.838794587264076
2017-02-21 15:00:00,Guanyuan,25.0,39.53479581749975
2017-02-21 17:00:00,Guanyuan,22.0,56.9078890212824
2017-02-21 18:00:00,Guanyuan,33.0,32.4311285276687
2017-02-21 19:00:00,Guanyuan,46.0,51.063944322346146
2017-02-21 20:00:00,Guanyuan,68.0,62.8893024789991
2017-02-21 21:00:00,Guanyuan,62.0,79.73672625417754
2017-02-21 22:00:00,Guanyuan,49.0,73.33636459620313
2017-02-21 23:00:00,Guanyuan,61.0,51.32241702883205
2017-02-22 00:00:00,Guanyuan,72.0,64.11641810676
2017-02-22 01:00:00,Guanyuan,84.0,75.18643384691269
2017-02-22 02:00:00,Guanyuan,82.0,86.64843874105416
2017-02-22 03:00:00,Guanyuan,89.0,83.66238441443609
2017-02-22 04:00:00,Guanyuan,93.0,91.08414191615444
2017-02-22 05:00:00,Guanyuan,91.0,97.10656538190499
2017-02-22 06:00:00,Guanyuan,89.0,94.51555506762898
2017-02-22 07:00:00,Guanyuan,94.0,86.32893158391177
2017-02-22 08:00:00,Guanyuan,100.0,93.75816925936745
2017-02-22 09:00:00,Guanyuan,116.0,109.05186956355146
2017-02-22 10:00:00,Guanyuan,128.0,125.66933438844794
2017-02-22 11:00:00,Guanyuan,122.0,145.4035990611414
2017-02-22 12:00:00,Guanyuan,134.0,139.6474223387713
2017-02-22 13:00:00,Guanyuan,167.0,147.884048372884
2017-02-22 14:00:00,Guanyuan,148.0,179.48228344994158
2017-02-22 15:00:00,Guanyuan,122.0,150.0399359927525
2017-02-22 16:00:00,Guanyuan,65.0,125.1392051438809
2017-02-22 17:00:00,Guanyuan,10.0,34.570514980147806
2017-02-22 18:00:00,Guanyuan,12.0,11.453273486204226
2017-02-22 19:00:00,Guanyuan,10.0,11.475652000799583
2017-02-22 20:00:00,Guanyuan,8.0,13.884980504674127
2017-02-22 21:00:00,Guanyuan,7.0,12.161240107547206
2017-02-22 22:00:00,Guanyuan,15.0,11.50833030080313
2017-02-22 23:00:00,Guanyuan,12.0,16.314740455569122
2017-02-23 00:00:00,Guanyuan,18.0,15.430057515640115
2017-02-23 01:00:00,Guanyuan,16.0,20.226807381489092
2017-02-23 02:00:00,Guanyuan,12.0,16.036214786384082
2017-02-23 03:00:00,Guanyuan,10.0,16.074971804240278
2017-02-23 04:00:00,Guanyuan,14.0,10.745783262545052
2017-02-23 05:00:00,Guanyuan,16.0,13.817070468805714
2017-02-23 06:00:00,Guanyuan,13.0,17.513710014027797
2017-02-23 07:00:00,Guanyuan,16.0,22.51325700816956
2017-02-23 08:00:00,Guanyuan,18.0,26.681899532749537
2017-02-23 09:00:00,Guanyuan,16.0,23.970524714233242
2017-02-23 10:00:00,Guanyuan,13.0,22.811825237736844
2017-02-23 11:00:00,Guanyuan,4.0,16.534989677805125
2017-02-23 12:00:00,Guanyuan,16.0,11.94552528558634
2017-02-23 13:00:00,Guanyuan,11.0,13.599128113765772
2017-02-23 14:00:00,Guanyuan,25.0,10.839567327763296
2017-02-23 15:00:00,Guanyuan,30.0,27.732168955039434
2017-02-23 16:00:00,Guanyuan,27.0,38.01077041152483
2017-02-23 17:00:00,Guanyuan,39.0,37.764910427420816
2017-02-23 18:00:00,Guanyuan,15.0,47.99338646857874
2017-02-23 19:00:00,Guanyuan,36.0,35.25508550583366
2017-02-23 20:00:00,Guanyuan,38.0,47.507280817246865
2017-02-23 21:00:00,Guanyuan,46.0,47.06456574792598
2017-02-23 22:00:00,Guanyuan,46.0,53.08992859967321
2017-02-23 23:00:00,Guanyuan,46.0,54.85096064901869
2017-02-24 00:00:00,Guanyuan,64.0,58.39850625384055
2017-02-24 01:00:00,Guanyuan,73.0,75.55063993163162
2017-02-24 02:00:00,Guanyuan,69.0,75.29729158008824
2017-02-24 03:00:00,Guanyuan,73.0,71.65657483870434
2017-02-24 04:00:00,Guanyuan,64.0,72.77009152524421
2017-02-24 05:00:00,Guanyuan,41.0,62.274129318505494
2017-02-24 06:00:00,Guanyuan,18.0,39.069110642835305
2017-02-24 07:00:00,Guanyuan,30.0,23.241148090185334
2017-02-24 08:00:00,Guanyuan,20.0,37.25632193459686
2017-02-24 09:00:00,Guanyuan,17.0,26.26949908652945
2017-02-24 10:00:00,Guanyuan,7.0,23.078446829914842
2017-02-24 11:00:00,Guanyuan,12.0,14.889296434015257
2017-02-24 12:00:00,Guanyuan,10.0,16.578936226312745
2017-02-24 13:00:00,Guanyuan,22.0,18.949703217943064
2017-02-24 14:00:00,Guanyuan,27.0,23.634561515251313
2017-02-24 15:00:00,Guanyuan,21.0,33.785811209429085
2017-02-24 16:00:00,Guanyuan,17.0,23.543735774044702
2017-02-24 17:00:00,Guanyuan,15.0,23.827873585138384
2017-02-24 18:00:00,Guanyuan,13.0,22.404406157473524
2017-02-24 19:00:00,Guanyuan,19.0,20.754192584302007
2017-02-24 20:00:00,Guanyuan,13.0,21.486036102193403
2017-02-24 21:00:00,Guanyuan,10.0,16.402966236854557
2017-02-24 22:00:00,Guanyuan,18.0,15.64534458801187
2017-02-24 23:00:00,Guanyuan,6.0,25.863848733195272
2017-02-25 00:00:00,Guanyuan,6.0,16.646299254627415
2017-02-25 01:00:00,Guanyuan,3.0,15.360956950320519
2017-02-25 02:00:00,Guanyuan,4.0,17.234712337834527
2017-02-25 03:00:00,Guanyuan,9.0,14.94559891105576
2017-02-25 04:00:00,Guanyuan,5.0,17.068483979278767
2017-02-25 05:00:00,Guanyuan,5.0,15.79896384073447
2017-02-25 06:00:00,Guanyuan,7.0,18.00186443976511
2017-02-25 07:00:00,Guanyuan,8.0,11.31520322808454
2017-02-25 08:00:00,Guanyuan,5.0,13.809056043324192
2017-02-25 09:00:00,Guanyuan,12.0,13.070152154394586
2017-02-25 10:00:00,Guanyuan,6.0,14.896016590858384
2017-02-25 11:00:00,Guanyuan,12.0,11.75660851456764
2017-02-25 12:00:00,Guanyuan,22.0,13.790675694131968
2017-02-25 13:00:00,Guanyuan,9.0,22.59472497405678
2017-02-25 14:00:00,Guanyuan,6.0,12.574351073642719
2017-02-25 15:00:00,Guanyuan,11.0,18.224188012511334
2017-02-25 16:00:00,Guanyuan,12.0,17.156522493719727
2017-02-25 17:00:00,Guanyuan,6.0,24.4286256010782
2017-02-25 18:00:00,Guanyuan,10.0,12.343301873976774
2017-02-25 19:00:00,Guanyuan,21.0,17.34777547438403
2017-02-25 20:00:00,Guanyuan,14.0,25.50575044975296
2017-02-25 21:00:00,Guanyuan,21.0,25.190867991827243
2017-02-25 22:00:00,Guanyuan,16.0,25.4192556832084
2017-02-25 23:00:00,Guanyuan,17.0,24.418419221743907
2017-02-26 00:00:00,Guanyuan,17.0,22.008983807145245
2017-02-26 01:00:00,Guanyuan,25.0,23.16521408561833
2017-02-26 02:00:00,Guanyuan,24.0,30.892314604251425
2017-02-26 03:00:00,Guanyuan,14.0,28.92666804164762
2017-02-26 04:00:00,Guanyuan,22.0,16.722033265391484
2017-02-26 05:00:00,Guanyuan,26.0,22.6145295361815
2017-02-26 06:00:00,Guanyuan,21.0,31.634031436025992
2017-02-26 07:00:00,Guanyuan,27.0,30.42092408928447
2017-02-26 08:00:00,Guanyuan,26.0,35.018570728731845
2017-02-26 09:00:00,Guanyuan,24.0,34.1716543692329
2017-02-26 10:00:00,Guanyuan,23.0,29.870384084052528
2017-02-26 11:00:00,Guanyuan,20.0,30.70063246598715
2017-02-26 12:00:00,Guanyuan,25.0,25.33859762818572
2017-02-26 13:00:00,Guanyuan,22.0,29.76511209415634
2017-02-26 14:00:00,Guanyuan,25.0,27.287269877147235
2017-02-26 15:00:00,Guanyuan,31.0,35.30839873731769
2017-02-26 16:00:00,Guanyuan,32.0,38.63833911610049
2017-02-26 17:00:00,Guanyuan,26.0,40.628602583376484
2017-02-26 18:00:00,Guanyuan,37.0,35.67114177070703
2017-02-26 19:00:00,Guanyuan,36.0,48.99057966938105
2017-02-26 20:00:00,Guanyuan,48.0,47.71224899503318
2017-02-26 21:00:00,Guanyuan,57.0,57.01534413045623
2017-02-26 22:00:00,Guanyuan,56.0,66.18079414976118
2017-02-26 23:00:00,Guanyuan,54.0,64.5136964316266
2017-02-27 00:00:00,Guanyuan,53.0,62.389120341296106
2017-02-27 01:00:00,Guanyuan,52.0,53.90754420685374
2017-02-27 02:00:00,Guanyuan,61.0,58.57560418121083
2017-02-27 03:00:00,Guanyuan,71.0,67.55102757428817
2017-02-27 04:00:00,Guanyuan,93.0,76.26860157369366
2017-02-27 05:00:00,Guanyuan,90.0,98.50954202327382
2017-02-27 06:00:00,Guanyuan,75.0,90.87089177369548
2017-02-27 07:00:00,Guanyuan,75.0,74.94962004516793
2017-02-27 08:00:00,Guanyuan,74.0,78.8795650210121
2017-02-27 09:00:00,Guanyuan,65.0,78.07598716967266
2017-02-27 10:00:00,Guanyuan,66.0,67.52846404418437
2017-02-27 11:00:00,Guanyuan,104.0,68.16284879364018
2017-02-27 12:00:00,Guanyuan,104.0,115.6397246304452
2017-02-27 13:00:00,Guanyuan,119.0,112.80286891973536
2017-02-27 14:00:00,Guanyuan,105.0,124.1902971272283
2017-02-27 15:00:00,Guanyuan,68.0,102.15610598347251
2017-02-28 07:00:00,Guanyuan,6.0,37.887961785643085
2017-02-28 08:00:00,Guanyuan,11.0,9.18426015144759
2017-02-28 09:00:00,Guanyuan,7.0,16.24680987423659
2017-02-28 10:00:00,Guanyuan,4.0,12.672807818345282
2017-02-28 11:00:00,Guanyuan,12.0,10.400552512911974
2017-02-28 12:00:00,Guanyuan,3.0,9.833741084183869
2017-02-28 13:00:00,Guanyuan,3.0,8.551964481903848
2017-02-28 14:00:00,Guanyuan,8.0,7.535401182606767
2017-02-28 15:00:00,Guanyuan,8.0,7.999048162685807
2017-02-28 16:00:00,Guanyuan,11.0,7.677306628440925
2017-02-28 17:00:00,Guanyuan,10.0,9.768934779265733
2017-02-28 18:00:00,Guanyuan,13.0,13.996683928968888
2017-02-28 19:00:00,Guanyuan,20.0,14.773153232750388
2017-02-28 20:00:00,Guanyuan,16.0,24.679777838090285
2017-02-28 21:00:00,Guanyuan,11.0,21.07150030697581
2017-02-28 22:00:00,Guanyuan,15.0,17.095814180674587
2017-01-01 00:00:00,Gucheng,476.0,484.23302688515355
2017-01-01 01:00:00,Gucheng,475.0,471.6321570790426
2017-01-01 02:00:00,Gucheng,447.0,457.1922476347204
2017-01-01 03:00:00,Gucheng,432.0,454.0361263423497
2017-01-01 04:00:00,Gucheng,420.0,380.31670940265155
2017-01-01 05:00:00,Gucheng,410.0,371.03340080247153
2017-01-01 06:00:00,Gucheng,423.0,370.56930746934336
2017-01-01 07:00:00,Gucheng,432.0,376.8918191249417
2017-01-01 08:00:00,Gucheng,421.0,372.0744132742266
2017-01-01 09:00:00,Gucheng,438.0,389.9448644898391
2017-01-01 10:00:00,Gucheng,444.0,471.62222513470863
2017-01-01 11:00:00,Gucheng,509.0,471.5470009881748
2017-01-01 12:00:00,Gucheng,572.0,544.0577353425941
2017-01-01 13:00:00,Gucheng,577.0,561.7530672422232
2017-01-01 14:00:00,Gucheng,597.0,558.0748140558145
2017-01-01 15:00:00,Gucheng,608.0,553.4455004740025
2017-01-01 16:00:00,Gucheng,593.0,513.7232665070314
2017-01-01 17:00:00,Gucheng,550.0,506.92166114250995
2017-01-01 18:00:00,Gucheng,564.0,509.2043204614904
2017-01-01 19:00:00,Gucheng,558.0,499.0251527907365
2017-01-01 20:00:00,Gucheng,533.0,494.03009903054897
2017-01-01 21:00:00,Gucheng,500.0,500.95841775509615
2017-01-01 22:00:00,Gucheng,490.0,514.6045001095198
2017-01-01 23:00:00,Gucheng,513.0,491.7086386281445
2017-01-02 00:00:00,Gucheng,528.0,532.7429199004131
2017-01-02 01:00:00,Gucheng,297.0,532.6151659427304
2017-01-02 02:00:00,Gucheng,23.0,202.3718064617496
2017-01-02 03:00:00,Gucheng,13.0,17.120732145193987
2017-01-02 04:00:00,Gucheng,11.0,25.710302253307823
2017-01-02 05:00:00,Gucheng,10.0,12.54370691349345
2017-01-02 06:00:00,Gucheng,14.0,13.460615353399113
2017-01-02 07:00:00,Gucheng,34.0,18.93564437393061
2017-01-02 08:00:00,Gucheng,28.0,31.745427100422194
2017-01-02 09:00:00,Gucheng,24.0,31.445719716602813
2017-01-02 10:00:00,Gucheng,207.0,27.43006424053428
2017-01-02 11:00:00,Gucheng,254.0,206.30815397624207
2017-01-02 12:00:00,Gucheng,307.0,238.3497966010403
2017-01-02 13:00:00,Gucheng,317.0,274.3611247567817
2017-01-02 14:00:00,Gucheng,314.0,292.4466982274227
2017-01-02 15:00:00,Gucheng,307.0,300.04673562147343
2017-01-02 16:00:00,Gucheng,225.0,280.11271281939077
2017-01-02 17:00:00,Gucheng,208.0,164.0362783551883
2017-01-02 18:00:00,Gucheng,222.0,208.14551169224055
2017-01-02 19:00:00,Gucheng,167.0,236.35063734499036
2017-01-02 20:00:00,Gucheng,193.0,141.97819477091343
2017-01-02 21:00:00,Gucheng,205.0,194.55273073101046
2017-01-02 22:00:00,Gucheng,232.0,202.9388363199312
2017-01-02 23:00:00,Gucheng,237.0,223.63823689071177
2017-01-03 00:00:00,Gucheng,238.0,212.73297155215417
2017-01-03 01:00:00,Gucheng,249.0,214.12400822388494
2017-01-03 02:00:00,Gucheng,250.0,226.53334328466966
2017-01-03 03:00:00,Gucheng,218.0,223.31533531895
2017-01-03 04:00:00,Gucheng,198.0,181.8920065699965
2017-01-03 05:00:00,Gucheng,200.0,172.40635643774957
2017-01-03 06:00:00,Gucheng,181.0,192.89913977372376
2017-01-03 07:00:00,Gucheng,157.0,175.15650137290473
2017-01-03 08:00:00,Gucheng,161.0,153.4735458503301
2017-01-03 09:00:00,Gucheng,180.0,168.07666627730168
2017-01-03 10:00:00,Gucheng,205.0,187.95770174518512
2017-01-03 11:00:00,Gucheng,206.0,208.7416054176952
2017-01-03 12:00:00,Gucheng,206.0,212.2025461857249
2017-01-03 13:00:00,Gucheng,227.0,211.28595884346853
2017-01-03 14:00:00,Gucheng,314.0,229.57128225281642
2017-01-03 15:00:00,Gucheng,397.0,324.90091932512127
2017-01-03 16:00:00,Gucheng,501.0,392.8459946657456
2017-01-03 17:00:00,Gucheng,452.0,464.9595814290008
2017-01-03 18:00:00,Gucheng,426.0,428.31745455917587
2017-01-03 19:00:00,Gucheng,530.0,389.2802982950935
2017-01-03 20:00:00,Gucheng,610.0,534.6637195139632
2017-01-03 21:00:00,Gucheng,626.0,547.9459134130698
2017-01-03 22:00:00,Gucheng,640.0,559.31113940534
2017-01-03 23:00:00,Gucheng,677.0,537.3226785257151
2017-01-04 00:00:00,Gucheng,658.0,524.8290606138486
2017-01-04 01:00:00,Gucheng,628.0,517.0280491725736
2017-01-04 02:00:00,Gucheng,617.0,522.8051558309918
2017-01-04 03:00:00,Gucheng,561.0,509.887412811998
2017-01-04 04:00:00,Gucheng,507.0,505.1123966738032
2017-01-04 05:00:00,Gucheng,378.0,469.9566900478855
2017-01-04 06:00:00,Gucheng,376.0,318.3421447905623
2017-01-04 07:00:00,Gucheng,257.0,352.91984748276246
2017-01-04 08:00:00,Gucheng,176.0,223.86091705093307
2017-01-04 09:00:00,Gucheng,292.0,171.76594445382773
2017-01-04 10:00:00,Gucheng,340.0,316.58527105766984
2017-01-04 11:00:00,Gucheng,338.0,336.12580268108735
2017-01-04 12:00:00,Gucheng,353.0,327.1501614925082
2017-01-04 13:00:00,Gucheng,568.0,353.7234977747036
2017-01-04 14:00:00,Gucheng,513.0,496.23832741155843
2017-01-04 15:00:00,Gucheng,222.0,465.9781241843696
2017-01-04 16:00:00,Gucheng,341.0,165.6457417703606
2017-01-04 17:00:00,Gucheng,523.0,330.54532679846494
2017-01-04 18:00:00,Gucheng,571.0,514.2088029094879
2017-01-04 19:00:00,Gucheng,586.0,527.2134992796681
2017-01-04 20:00:00,Gucheng,559.0,519.6259130801063
2017-01-04 21:00:00,Gucheng,468.0,515.7842489827373
2017-01-04 22:00:00,Gucheng,434.0,463.35538573070187
2017-01-04 23:00:00,Gucheng,415.0,421.2576851534493
2017-01-05 00:00:00,Gucheng,351.0,397.1848581351233
2017-01-05 01:00:00,Gucheng,262.0,332.981470547801
2017-01-05 02:00:00,Gucheng,291.0,189.51857522432118
2017-01-05 03:00:00,Gucheng,266.0,273.646850288105
2017-01-05 04:00:00,Gucheng,346.0,253.60930219350902
2017-01-05 05:00:00,Gucheng,325.0,342.82375615117564
2017-01-05 06:00:00,Gucheng,277.0,331.7492565083484
2017-01-05 07:00:00,Gucheng,266.0,277.53500518853696
2017-01-05 08:00:00,Gucheng,274.0,280.94257855464605
2017-01-05 09:00:00,Gucheng,262.0,296.4755312461646
2017-01-05 10:00:00,Gucheng,274.0,276.35851420620855
2017-01-05 11:00:00,Gucheng,289.0,304.6883676673327
2017-01-05 12:00:00,Gucheng,244.0,311.02273295683716
2017-01-05 13:00:00,Gucheng,228.0,265.41733279509
2017-01-05 14:00:00,Gucheng,203.0,235.7676467930426
2017-01-05 15:00:00,Gucheng,179.0,213.69339878673193
2017-01-05 16:00:00,Gucheng,187.0,182.57352190322985
2017-01-05 17:00:00,Gucheng,186.0,196.944801310039
2017-01-05 18:00:00,Gucheng,192.0,190.22607262008188
2017-01-05 19:00:00,Gucheng,184.0,196.60860547559054
2017-01-05 20:00:00,Gucheng,187.0,176.1564966196808
2017-01-05 21:00:00,Gucheng,193.0,189.2701870657117
2017-01-05 22:00:00,Gucheng,188.0,191.8594655684222
2017-01-05 23:00:00,Gucheng,188.0,190.7445751161139
2017-01-06 00:00:00,Gucheng,189.0,192.50016227762652
2017-01-06 01:00:00,Gucheng,181.0,195.65898830647623
2017-01-06 02:00:00,Gucheng,184.0,186.96051269706933
2017-01-06 03:00:00,Gucheng,179.0,195.74934592038662
2017-01-06 04:00:00,Gucheng,174.0,183.0905895590073
2017-01-06 05:00:00,Gucheng,169.0,179.53295464236118
2017-01-06 06:00:00,Gucheng,165.0,169.25944526049307
2017-01-06 07:00:00,Gucheng,167.0,182.2628222545603
2017-01-06 08:00:00,Gucheng,168.0,180.50481240755886
2017-01-06 09:00:00,Gucheng,165.0,185.5501763200802
2017-01-06 10:00:00,Gucheng,174.0,185.04301043456599
2017-01-06 11:00:00,Gucheng,187.0,192.4352252731752
2017-01-06 12:00:00,Gucheng,196.0,200.3262304105206
2017-01-06 13:00:00,Gucheng,195.0,210.67162547051316
2017-01-06 14:00:00,Gucheng,201.0,208.8955760668367
2017-01-06 15:00:00,Gucheng,200.0,212.84289388494184
2017-01-06 16:00:00,Gucheng,213.0,213.49939503735314
2017-01-06 17:00:00,Gucheng,210.0,230.36390295232067
2017-01-06 18:00:00,Gucheng,221.0,225.1366115095651
2017-01-06 19:00:00,Gucheng,228.0,238.27706490300855
2017-01-06 20:00:00,Gucheng,225.0,233.2151470487501
2017-01-06 21:00:00,Gucheng,225.0,233.70232081329144
2017-01-06 22:00:00,Gucheng,225.0,233.31556101237544
2017-01-06 23:00:00,Gucheng,223.0,232.16198658551224
2017-01-07 00:00:00,Gucheng,218.0,227.44797247685153
2017-01-07 01:00:00,Gucheng,222.0,216.8825431517522
2017-01-07 02:00:00,Gucheng,220.0,225.42039443555169
2017-01-07 03:00:00,Gucheng,218.0,218.23242772881997
2017-01-07 04:00:00,Gucheng,218.0,218.52575149100153
2017-01-07 05:00:00,Gucheng,234.0,213.46132145595615
2017-01-07 06:00:00,Gucheng,222.0,234.66083586864193
2017-01-07 07:00:00,Gucheng,218.0,225.0708659885903
2017-01-07 08:00:00,Gucheng,224.0,222.92497290310638
2017-01-07 09:00:00,Gucheng,256.0,235.16036823456122
2017-01-07 10:00:00,Gucheng,227.0,265.6774381807304
2017-01-07 11:00:00,Gucheng,218.0,233.85565149578932
2017-01-07 12:00:00,Gucheng,196.0,225.85937190472515
2017-01-07 13:00:00,Gucheng,178.0,201.51144430464393
2017-01-07 14:00:00,Gucheng,161.0,164.84602257010926
2017-01-07 15:00:00,Gucheng,119.0,170.26884346261895
2017-01-07 17:00:00,Gucheng,69.0,135.3232830914632
2017-01-07 18:00:00,Gucheng,104.0,102.67576141130418
2017-01-07 19:00:00,Gucheng,116.0,143.56569334939124
2017-01-07 20:00:00,Gucheng,135.0,137.25935029542586
2017-01-07 21:00:00,Gucheng,143.0,156.0091491868568
2017-01-07 22:00:00,Gucheng,173.0,158.97803170482106
2017-01-07 23:00:00,Gucheng,152.0,183.5795773489086
2017-01-08 00:00:00,Gucheng,77.0,158.13045157548677
2017-01-08 01:00:00,Gucheng,21.0,75.04892755377277
2017-01-08 02:00:00,Gucheng,21.0,27.505095200033395
2017-01-08 03:00:00,Gucheng,21.0,27.75166306980951
2017-01-08 04:00:00,Gucheng,23.0,26.05656900316488
2017-01-08 05:00:00,Gucheng,34.0,25.69963203798034
2017-01-08 06:00:00,Gucheng,25.0,41.99859810086949
2017-01-08 07:00:00,Gucheng,26.0,30.538217436138304
2017-01-08 08:00:00,Gucheng,25.0,28.47337978094697
2017-01-08 09:00:00,Gucheng,29.0,30.781779774430074
2017-01-08 10:00:00,Gucheng,26.0,33.545223901003205
2017-01-08 11:00:00,Gucheng,49.0,28.082568274600348
2017-01-08 12:00:00,Gucheng,104.0,60.88923079132297
2017-01-08 13:00:00,Gucheng,126.0,115.88259885871123
2017-01-08 14:00:00,Gucheng,137.0,129.65145043712533
2017-01-08 15:00:00,Gucheng,142.0,145.7383762376935
2017-01-08 16:00:00,Gucheng,84.0,148.447478098714
2017-01-08 17:00:00,Gucheng,26.0,51.53164137243817
2017-01-08 18:00:00,Gucheng,26.0,20.40004056408547
2017-01-08 19:00:00,Gucheng,8.0,26.700354976555573
2017-01-08 20:00:00,Gucheng,10.0,13.552645389284118
2017-01-08 21:00:00,Gucheng,10.0,14.895983783494993
2017-01-08 22:00:00,Gucheng,9.0,13.950729090485394
2017-01-08 23:00:00,Gucheng,10.0,7.830033112556067
2017-01-09 00:00:00,Gucheng,10.0,9.073487745115301
2017-01-09 01:00:00,Gucheng,7.0,9.208238217680337
2017-01-09 02:00:00,Gucheng,9.0,8.32807005262869
2017-01-09 03:00:00,Gucheng,8.0,7.279057337916036
2017-01-09 04:00:00,Gucheng,9.0,8.391506371449164
2017-01-09 05:00:00,Gucheng,9.0,10.343148222211331
2017-01-09 06:00:00,Gucheng,11.0,11.339971485320422
2017-01-09 07:00:00,Gucheng,15.0,11.734571650507505
2017-01-09 08:00:00,Gucheng,17.0,12.73319252542581
2017-01-09 09:00:00,Gucheng,19.0,14.433023008382493
2017-01-09 10:00:00,Gucheng,14.0,20.58637595182263
2017-01-09 11:00:00,Gucheng,16.0,20.152165153712126
2017-01-09 12:00:00,Gucheng,22.0,21.133805073159092
2017-01-09 13:00:00,Gucheng,30.0,28.77675461571766
2017-01-09 14:00:00,Gucheng,42.0,37.686016730430296
2017-01-09 15:00:00,Gucheng,47.0,55.116979805890715
2017-01-09 16:00:00,Gucheng,49.0,54.294372030405526
2017-01-09 17:00:00,Gucheng,56.0,59.9695320215784
2017-01-09 18:00:00,Gucheng,81.0,72.61822047702023
2017-01-09 19:00:00,Gucheng,87.0,100.35139050176657
2017-01-09 20:00:00,Gucheng,98.0,87.06290847232484
2017-01-09 21:00:00,Gucheng,107.0,99.40007024422634
2017-01-09 22:00:00,Gucheng,132.0,113.15719521835874
2017-01-09 23:00:00,Gucheng,23.0,107.54453661950373
2017-01-10 00:00:00,Gucheng,7.0,7.489718470152524
2017-01-10 01:00:00,Gucheng,9.0,6.507506314374099
2017-01-10 02:00:00,Gucheng,3.0,6.1628912535520035
2017-01-10 03:00:00,Gucheng,3.0,6.763005181877693
2017-01-10 04:00:00,Gucheng,4.0,6.51547789560269
2017-01-10 05:00:00,Gucheng,5.0,6.468268776510275
2017-01-10 06:00:00,Gucheng,7.0,6.383282877436293
2017-01-10 07:00:00,Gucheng,6.0,7.253238388376147
2017-01-10 08:00:00,Gucheng,6.0,25.89581012012811
2017-01-10 09:00:00,Gucheng,6.0,6.8835676998055675
2017-01-10 10:00:00,Gucheng,6.0,6.531558357077006
2017-01-10 11:00:00,Gucheng,8.0,6.6579296299094
2017-01-10 12:00:00,Gucheng,8.0,7.0005506518457015
2017-01-10 13:00:00,Gucheng,11.0,8.412817593522195
2017-01-10 14:00:00,Gucheng,8.0,14.430175541831451
2017-01-10 15:00:00,Gucheng,9.0,14.147617103553433
2017-01-10 16:00:00,Gucheng,44.0,19.932117005468093
2017-01-10 17:00:00,Gucheng,86.0,62.192300789474366
2017-01-10 18:00:00,Gucheng,118.0,118.99317761273456
2017-01-10 19:00:00,Gucheng,124.0,132.26783894115678
2017-01-10 20:00:00,Gucheng,124.0,133.66615897946545
2017-01-10 21:00:00,Gucheng,130.0,134.3905980942136
2017-01-10 22:00:00,Gucheng,96.0,140.0434106814113
2017-01-10 23:00:00,Gucheng,47.0,97.66222266279223
2017-01-11 00:00:00,Gucheng,35.0,41.55697395433234
2017-01-11 01:00:00,Gucheng,29.0,39.846276395135575
2017-01-11 02:00:00,Gucheng,19.0,27.9318219420329
2017-01-11 03:00:00,Gucheng,23.0,16.83156537418509
2017-01-11 04:00:00,Gucheng,22.0,21.095904886220545
2017-01-11 05:00:00,Gucheng,24.0,21.094145852455046
2017-01-11 06:00:00,Gucheng,24.0,23.346303785846345
2017-01-11 07:00:00,Gucheng,33.0,27.778374102764563
2017-01-11 08:00:00,Gucheng,37.0,38.63690154299043
2017-01-11 09:00:00,Gucheng,62.0,42.725886981693286
2017-01-11 10:00:00,Gucheng,71.0,70.0973427431678
2017-01-11 11:00:00,Gucheng,85.0,81.85765344827021
2017-01-11 12:00:00,Gucheng,99.0,99.39924170002311
2017-01-11 13:00:00,Gucheng,76.0,109.59751002686059
2017-01-11 14:00:00,Gucheng,83.0,76.95987087939811
2017-01-11 15:00:00,Gucheng,93.0,90.96604320945694
2017-01-11 16:00:00,Gucheng,82.0,103.12561655481018
2017-01-11 17:00:00,Gucheng,87.0,94.49280343806696
2017-01-11 18:00:00,Gucheng,96.0,107.81545430854213
2017-01-11 19:00:00,Gucheng,114.0,116.58871513757818
2017-01-11 20:00:00,Gucheng,51.0,128.40181413478615
2017-01-11 21:00:00,Gucheng,34.0,24.769625222277053
2017-01-11 22:00:00,Gucheng,29.0,29.236392892105794
2017-01-11 23:00:00,Gucheng,27.0,26.549785047158277
2017-01-12 00:00:00,Gucheng,29.0,30.854573318390834
2017-01-12 01:00:00,Gucheng,31.0,29.511547684939103
2017-01-12 02:00:00,Gucheng,30.0,32.38896490688109
2017-01-12 03:00:00,Gucheng,22.0,29.179493686092965
2017-01-12 04:00:00,Gucheng,16.0,23.215793834309757
2017-01-12 05:00:00,Gucheng,17.0,18.049330454018122
2017-01-12 06:00:00,Gucheng,27.0,19.07306076611869
2017-01-12 07:00:00,Gucheng,17.0,25.42319299184622
2017-01-12 08:00:00,Gucheng,20.0,16.559619488640045
2017-01-12 09:00:00,Gucheng,21.0,31.673742105919633
2017-01-12 10:00:00,Gucheng,31.0,33.04601624231689
2017-01-12 11:00:00,Gucheng,82.0,42.929140422779696
2017-01-12 12:00:00,Gucheng,100.0,96.54423441997665
2017-01-12 13:00:00,Gucheng,106.0,105.38955916687601
2017-01-12 14:00:00,Gucheng,112.0,100.06358735439262
2017-01-12 15:00:00,Gucheng,101.0,115.1608799127347
2017-01-12 16:00:00,Gucheng,111.0,101.39166459521728
2017-01-12 17:00:00,Gucheng,138.0,122.06196201301765
2017-01-12 18:00:00,Gucheng,162.0,153.166067757154
2017-01-12 19:00:00,Gucheng,149.0,174.80574558201832
2017-01-12 20:00:00,Gucheng,106.0,155.3848106987095
2017-01-12 21:00:00,Gucheng,11.0,76.96460733362777
2017-01-12 22:00:00,Gucheng,14.0,8.695095238337975
2017-01-12 23:00:00,Gucheng,20.0,12.070786778046067
2017-01-13 00:00:00,Gucheng,18.0,17.932367811672044
2017-01-13 01:00:00,Gucheng,16.0,15.628684229478553
2017-01-13 02:00:00,Gucheng,4.0,14.472881137060872
2017-01-13 03:00:00,Gucheng,17.0,9.64618231603682
2017-01-13 04:00:00,Gucheng,14.0,14.979640756804718
2017-01-13 05:00:00,Gucheng,19.0,13.997527884476005
2017-01-13 06:00:00,Gucheng,18.0,16.561196511978164
2017-01-13 07:00:00,Gucheng,19.0,15.659667152229103
2017-01-13 08:00:00,Gucheng,8.0,19.356050959777555
2017-01-13 09:00:00,Gucheng,13.0,11.231159096384294
2017-01-13 10:00:00,Gucheng,11.0,14.311286471010684
2017-01-13 11:00:00,Gucheng,10.0,11.45403705064301
2017-01-13 12:00:00,Gucheng,14.0,12.433296058447404
2017-01-13 13:00:00,Gucheng,7.0,11.386565769763644
2017-01-13 14:00:00,Gucheng,11.0,7.631198765486716
2017-01-13 15:00:00,Gucheng,7.0,8.833711167224335
2017-01-13 16:00:00,Gucheng,13.0,7.590118669207606
2017-01-13 17:00:00,Gucheng,14.0,11.591098661212337
2017-01-13 18:00:00,Gucheng,18.0,14.282076235043847
2017-01-13 19:00:00,Gucheng,21.0,17.60474799090681
2017-01-13 20:00:00,Gucheng,18.0,18.662691432019408
2017-01-13 21:00:00,Gucheng,19.0,15.480945982197918
2017-01-13 22:00:00,Gucheng,14.0,16.080888513236832
2017-01-13 23:00:00,Gucheng,14.0,13.751760804530385
2017-01-14 00:00:00,Gucheng,20.0,13.78524701228841
2017-01-14 01:00:00,Gucheng,11.0,20.721909016414344
2017-01-14 02:00:00,Gucheng,12.0,15.795311681858754
2017-01-14 03:00:00,Gucheng,12.0,15.90444329222681
2017-01-14 04:00:00,Gucheng,17.0,14.030523942750525
2017-01-14 05:00:00,Gucheng,12.0,17.774209816217166
2017-01-14 06:00:00,Gucheng,24.0,15.970426510254715
2017-01-14 07:00:00,Gucheng,23.0,25.601370242118637
2017-01-14 08:00:00,Gucheng,25.0,31.132965581641017
2017-01-14 09:00:00,Gucheng,28.0,32.52465816535977
2017-01-14 10:00:00,Gucheng,30.0,32.2335437864075
2017-01-14 11:00:00,Gucheng,23.0,28.504888543953275
2017-01-14 12:00:00,Gucheng,36.0,29.579307950913222
2017-01-14 13:00:00,Gucheng,28.0,39.882597057051285
2017-01-14 14:00:00,Gucheng,28.0,31.47954686328572
2017-01-14 15:00:00,Gucheng,30.0,35.27796172504273
2017-01-14 16:00:00,Gucheng,17.0,37.179560593316424
2017-01-14 17:00:00,Gucheng,33.0,27.979641561047533
2017-01-14 18:00:00,Gucheng,35.0,46.41060154433741
2017-01-14 19:00:00,Gucheng,48.0,51.24995237566893
2017-01-14 20:00:00,Gucheng,60.0,60.74581414530762
2017-01-14 21:00:00,Gucheng,48.0,67.0839834854129
2017-01-14 22:00:00,Gucheng,62.0,53.52396892540319
2017-01-14 23:00:00,Gucheng,54.0,69.7549801659501
2017-01-15 00:00:00,Gucheng,49.0,65.61891581267766
2017-01-15 01:00:00,Gucheng,38.0,53.13440183093483
2017-01-15 02:00:00,Gucheng,35.0,43.00635033030887
2017-01-15 03:00:00,Gucheng,39.0,40.3102104495505
2017-01-15 04:00:00,Gucheng,33.0,40.160619987292286
2017-01-15 05:00:00,Gucheng,42.0,35.53097915903417
2017-01-15 06:00:00,Gucheng,30.0,45.40196755710894
2017-01-15 07:00:00,Gucheng,34.0,33.768791954068554
2017-01-15 08:00:00,Gucheng,42.0,38.58959845180272
2017-01-15 09:00:00,Gucheng,35.0,49.12959669516585
2017-01-15 10:00:00,Gucheng,51.0,44.831112094465155
2017-01-15 11:00:00,Gucheng,55.0,59.146664492475914
2017-01-15 12:00:00,Gucheng,70.0,61.69064827840857
2017-01-15 13:00:00,Gucheng,76.0,76.885393259151
2017-01-15 14:00:00,Gucheng,85.0,85.89282363515429
2017-01-15 15:00:00,Gucheng,81.0,95.47068397483383
2017-01-15 16:00:00,Gucheng,84.0,95.25665503375328
2017-01-15 17:00:00,Gucheng,90.0,97.24098029393508
2017-01-15 18:00:00,Gucheng,95.0,108.77114594221864
2017-01-15 19:00:00,Gucheng,89.0,112.05167327123193
2017-01-15 20:00:00,Gucheng,75.0,93.7016688259187
2017-01-15 21:00:00,Gucheng,74.0,73.07641832290484
2017-01-15 22:00:00,Gucheng,86.0,72.81612997443794
2017-01-15 23:00:00,Gucheng,86.0,89.37607478766573
2017-01-16 00:00:00,Gucheng,80.0,85.98831046380333
2017-01-16 01:00:00,Gucheng,90.0,81.35682942500628
2017-01-16 02:00:00,Gucheng,91.0,97.84173600192203
2017-01-16 03:00:00,Gucheng,94.0,93.27604624319234
2017-01-16 04:00:00,Gucheng,94.0,95.80955748313441
2017-01-16 05:00:00,Gucheng,101.0,94.7835764870616
2017-01-16 06:00:00,Gucheng,103.0,103.03319549468426
2017-01-16 07:00:00,Gucheng,104.0,105.93612385867112
2017-01-16 08:00:00,Gucheng,100.0,105.47416137752171
2017-01-16 09:00:00,Gucheng,92.0,111.896921590425
2017-01-16 10:00:00,Gucheng,103.0,103.05499633097973
2017-01-16 11:00:00,Gucheng,114.0,114.67982559838065
2017-01-16 12:00:00,Gucheng,111.0,130.41074015261782
2017-01-16 13:00:00,Gucheng,122.0,125.19977407103528
2017-01-16 14:00:00,Gucheng,133.0,137.07778508173536
2017-01-16 15:00:00,Gucheng,134.0,148.1439339791897
2017-01-16 16:00:00,Gucheng,134.0,140.88350121990075
2017-01-16 17:00:00,Gucheng,119.0,136.06191832174758
2017-01-16 18:00:00,Gucheng,126.0,126.74918258375955
2017-01-16 19:00:00,Gucheng,132.0,133.13488591646646
2017-01-16 20:00:00,Gucheng,134.0,141.66112823308947
2017-01-16 21:00:00,Gucheng,141.0,138.14115400785766
2017-01-16 22:00:00,Gucheng,129.0,147.35529273796396
2017-01-16 23:00:00,Gucheng,130.0,131.70496842925735
2017-01-17 00:00:00,Gucheng,132.0,142.2264462215412
2017-01-17 01:00:00,Gucheng,129.0,132.36703037227505
2017-01-17 02:00:00,Gucheng,129.0,128.01262943700303
2017-01-17 03:00:00,Gucheng,139.0,132.21907259808472
2017-01-17 04:00:00,Gucheng,144.0,142.9050563933912
2017-01-17 05:00:00,Gucheng,147.0,144.9511641114933
2017-01-17 06:00:00,Gucheng,144.0,153.34375884303407
2017-01-17 07:00:00,Gucheng,139.0,146.15492533245282
2017-01-17 08:00:00,Gucheng,147.0,134.03920540245176
2017-01-17 09:00:00,Gucheng,141.0,151.00950102754592
2017-01-17 10:00:00,Gucheng,140.0,128.09873191211705
2017-01-17 11:00:00,Gucheng,146.0,134.85560403495813
2017-01-17 12:00:00,Gucheng,158.0,151.61375643919968
2017-01-17 13:00:00,Gucheng,157.0,165.89779445524448
2017-01-17 14:00:00,Gucheng,153.0,165.13238646337254
2017-01-17 15:00:00,Gucheng,157.0,167.19269013372804
2017-01-17 16:00:00,Gucheng,156.0,167.08038561013836
2017-01-17 17:00:00,Gucheng,164.0,169.1583123018372
2017-01-17 18:00:00,Gucheng,165.0,173.19169414242202
2017-01-17 19:00:00,Gucheng,176.0,167.70495097672077
2017-01-17 20:00:00,Gucheng,167.0,182.09132897664796
2017-01-17 21:00:00,Gucheng,158.0,173.00232504462642
2017-01-17 22:00:00,Gucheng,160.0,133.6846342396642
2017-01-17 23:00:00,Gucheng,124.0,163.3468710932133
2017-01-18 00:00:00,Gucheng,80.0,112.37908689704533
2017-01-18 01:00:00,Gucheng,41.0,70.40986968997892
2017-01-18 02:00:00,Gucheng,34.0,44.931871108197086
2017-01-18 03:00:00,Gucheng,32.0,38.8135920677385
2017-01-18 04:00:00,Gucheng,57.0,43.18548939793764
2017-01-18 05:00:00,Gucheng,44.0,60.57268655425944
2017-01-18 06:00:00,Gucheng,39.0,51.40605133167122
2017-01-18 07:00:00,Gucheng,41.0,41.84171502636897
2017-01-18 08:00:00,Gucheng,32.0,50.43054740891745
2017-01-18 09:00:00,Gucheng,36.0,39.2246455799157
2017-01-18 10:00:00,Gucheng,27.0,39.37582396063759
2017-01-18 11:00:00,Gucheng,30.0,31.39176360784534
2017-01-18 12:00:00,Gucheng,30.0,32.56847929733062
2017-01-18 13:00:00,Gucheng,40.0,36.14085895597634
2017-01-18 14:00:00,Gucheng,52.0,46.691517630867885
2017-01-18 15:00:00,Gucheng,85.0,59.23671929095275
2017-01-18 16:00:00,Gucheng,98.0,105.68468395551211
2017-01-18 17:00:00,Gucheng,97.0,116.50602994416421
2017-01-18 18:00:00,Gucheng,74.0,117.0658369883082
2017-01-18 19:00:00,Gucheng,67.0,89.71198912868462
2017-01-18 20:00:00,Gucheng,65.0,78.95037821491255
2017-01-18 21:00:00,Gucheng,70.0,72.37890432776467
2017-01-18 22:00:00,Gucheng,74.0,80.51853489720239
2017-01-18 23:00:00,Gucheng,79.0,84.50048277927472
2017-01-19 00:00:00,Gucheng,83.0,87.18396956732812
2017-01-19 01:00:00,Gucheng,109.0,85.15004769005314
2017-01-19 02:00:00,Gucheng,111.0,110.18759901971235
2017-01-19 03:00:00,Gucheng,101.0,126.04238234639283
2017-01-19 04:00:00,Gucheng,102.0,115.33930944311719
2017-01-19 05:00:00,Gucheng,96.0,113.45385474740101
2017-01-19 06:00:00,Gucheng,110.0,111.91045223050794
2017-01-19 07:00:00,Gucheng,118.0,128.38891354404774
2017-01-19 08:00:00,Gucheng,96.0,122.42566616163194
2017-01-19 09:00:00,Gucheng,15.0,67.14363010197356
2017-01-19 10:00:00,Gucheng,13.0,8.187830497175018
2017-01-19 11:00:00,Gucheng,10.0,10.8324856288849
2017-01-19 12:00:00,Gucheng,10.0,9.536088764492359
2017-01-19 13:00:00,Gucheng,14.0,9.615336802795513
2017-01-19 14:00:00,Gucheng,12.0,12.229959335556266
2017-01-19 15:00:00,Gucheng,12.0,11.770874551206278
2017-01-19 16:00:00,Gucheng,11.0,11.467392018799774
2017-01-19 17:00:00,Gucheng,11.0,11.312506491823342
2017-01-19 18:00:00,Gucheng,11.0,11.372869978133528
2017-01-19 19:00:00,Gucheng,9.0,10.12604518201941
2017-01-19 20:00:00,Gucheng,6.0,8.463128000261808
2017-01-19 21:00:00,Gucheng,4.0,6.1518622732438955
2017-01-19 22:00:00,Gucheng,6.0,5.295167803092604
2017-01-19 23:00:00,Gucheng,3.0,4.557997379294068
2017-01-20 00:00:00,Gucheng,5.0,4.6756360059066475
2017-01-20 01:00:00,Gucheng,6.0,4.5049275706502945
2017-01-20 02:00:00,Gucheng,5.0,4.446827655114356
2017-01-20 03:00:00,Gucheng,4.0,4.539760632332693
2017-01-20 04:00:00,Gucheng,5.0,4.339261362483053
2017-01-20 05:00:00,Gucheng,6.0,4.614151309184925
2017-01-20 06:00:00,Gucheng,7.0,5.037942633393989
2017-01-20 07:00:00,Gucheng,10.0,5.626931213197357
2017-01-20 08:00:00,Gucheng,21.0,14.493056272662878
2017-01-20 09:00:00,Gucheng,26.0,27.45478226235313
2017-01-20 10:00:00,Gucheng,31.0,27.35875007620846
2017-01-20 11:00:00,Gucheng,29.0,34.45176320302909
2017-01-20 12:00:00,Gucheng,32.0,34.03551838014213
2017-01-20 13:00:00,Gucheng,25.0,33.84181069809503
2017-01-20 14:00:00,Gucheng,32.0,28.697244066057497
2017-01-20 15:00:00,Gucheng,30.0,38.03460978592375
2017-01-20 16:00:00,Gucheng,35.0,37.092857828300936
2017-01-20 17:00:00,Gucheng,44.0,44.789225923733184
2017-01-20 18:00:00,Gucheng,46.0,54.14633638015798
2017-01-20 19:00:00,Gucheng,59.0,52.51825727948283
2017-01-20 20:00:00,Gucheng,76.0,68.06161425256062
2017-01-20 21:00:00,Gucheng,83.0,77.54211962375241
2017-01-20 22:00:00,Gucheng,77.0,82.13633599144454
2017-01-20 23:00:00,Gucheng,70.0,72.58982024545928
2017-01-21 00:00:00,Gucheng,59.0,69.42728085936345
2017-01-21 01:00:00,Gucheng,46.0,49.356938481964214
2017-01-21 02:00:00,Gucheng,54.0,42.72748907254177
2017-01-21 03:00:00,Gucheng,69.0,51.67584467749299
2017-01-21 04:00:00,Gucheng,57.0,70.43341596005499
2017-01-21 05:00:00,Gucheng,19.0,42.121525519042315
2017-01-21 06:00:00,Gucheng,5.0,18.04843187366555
2017-01-21 07:00:00,Gucheng,8.0,9.27432918407978
2017-01-21 08:00:00,Gucheng,7.0,8.735392958169566
2017-01-21 09:00:00,Gucheng,7.0,9.13549143200495
2017-01-21 10:00:00,Gucheng,7.0,7.758462262733833
2017-01-21 11:00:00,Gucheng,12.0,9.598880542369333
2017-01-21 12:00:00,Gucheng,10.0,12.725152684701328
2017-01-21 13:00:00,Gucheng,7.0,11.784421347566933
2017-01-21 14:00:00,Gucheng,11.0,10.861802276336295
2017-01-21 15:00:00,Gucheng,9.0,12.01931718885819
2017-01-21 16:00:00,Gucheng,8.0,11.612964479059745
2017-01-21 17:00:00,Gucheng,6.0,11.312321994783508
2017-01-21 18:00:00,Gucheng,8.0,11.287637427595737
2017-01-21 19:00:00,Gucheng,5.0,10.319942423023782
2017-01-21 20:00:00,Gucheng,8.0,7.942560255350999
2017-01-21 21:00:00,Gucheng,10.0,5.861058155325116
2017-01-21 22:00:00,Gucheng,11.0,9.601374278240932
2017-01-21 23:00:00,Gucheng,15.0,14.803889637493711
2017-01-22 00:00:00,Gucheng,14.0,15.403711888170053
2017-01-22 01:00:00,Gucheng,16.0,14.28549124789516
2017-01-22 02:00:00,Gucheng,17.0,19.66316765947259
2017-01-22 03:00:00,Gucheng,15.0,17.101661794187034
2017-01-22 04:00:00,Gucheng,14.0,14.455503214599103
2017-01-22 05:00:00,Gucheng,13.0,13.498009114440315
2017-01-22 06:00:00,Gucheng,13.0,14.40918729966154
2017-01-22 07:00:00,Gucheng,12.0,19.20592067918634
2017-01-22 08:00:00,Gucheng,15.0,16.571393049826725
2017-01-22 09:00:00,Gucheng,16.0,19.130043093728442
2017-01-22 10:00:00,Gucheng,17.0,16.064435076324536
2017-01-22 11:00:00,Gucheng,19.0,22.485173362798065
2017-01-22 12:00:00,Gucheng,23.0,23.37753664240526
2017-01-22 13:00:00,Gucheng,34.0,27.354233156864446
2017-01-22 14:00:00,Gucheng,3.0,38.087404990948535
2017-01-22 15:00:00,Gucheng,3.0,16.536520976453833
2017-01-22 16:00:00,Gucheng,57.0,16.90406036361413
2017-01-22 17:00:00,Gucheng,75.0,68.92231258594593
2017-01-22 18:00:00,Gucheng,74.0,88.17926582273508
2017-01-22 19:00:00,Gucheng,83.0,80.73198346184992
2017-01-22 20:00:00,Gucheng,47.0,85.95937736470842
2017-01-22 21:00:00,Gucheng,32.0,41.08435943206251
2017-01-22 22:00:00,Gucheng,41.0,29.411564268303405
2017-01-22 23:00:00,Gucheng,33.0,38.60339209932466
2017-01-23 00:00:00,Gucheng,24.0,28.59299670101352
2017-01-23 01:00:00,Gucheng,22.0,21.608386066557635
2017-01-23 02:00:00,Gucheng,17.0,19.797543942326357
2017-01-23 03:00:00,Gucheng,13.0,14.38003469043487
2017-01-23 04:00:00,Gucheng,11.0,11.88474775033902
2017-01-23 05:00:00,Gucheng,11.0,10.48335637869729
2017-01-23 06:00:00,Gucheng,13.0,10.385331147393964
2017-01-23 07:00:00,Gucheng,16.0,12.312181666971723
2017-01-23 08:00:00,Gucheng,18.0,15.89946162623684
2017-01-23 09:00:00,Gucheng,22.0,18.2965163297127
2017-01-23 10:00:00,Gucheng,24.0,23.554878930285607
2017-01-23 11:00:00,Gucheng,26.0,25.740990908543715
2017-01-23 12:00:00,Gucheng,26.0,27.351914992199074
2017-01-23 13:00:00,Gucheng,28.0,31.65462626780226
2017-01-23 14:00:00,Gucheng,34.0,32.85519899774167
2017-01-23 15:00:00,Gucheng,46.0,33.76105245329811
2017-01-23 16:00:00,Gucheng,46.0,54.731148057589145
2017-01-23 17:00:00,Gucheng,45.0,57.36606471562339
2017-01-23 18:00:00,Gucheng,49.0,60.180268116070266
2017-01-23 19:00:00,Gucheng,50.0,61.91966358963642
2017-01-23 20:00:00,Gucheng,63.0,55.95536377609796
2017-01-23 21:00:00,Gucheng,53.0,61.50385509305839
2017-01-23 22:00:00,Gucheng,49.0,48.997146821892926
2017-01-23 23:00:00,Gucheng,52.0,47.937707207505234
2017-01-24 00:00:00,Gucheng,51.0,48.62954733870488
2017-01-24 01:00:00,Gucheng,51.0,47.69676033010722
2017-01-24 02:00:00,Gucheng,47.0,46.457252369144626
2017-01-24 03:00:00,Gucheng,48.0,41.18809272969774
2017-01-24 04:00:00,Gucheng,50.0,42.20820711858848
2017-01-24 05:00:00,Gucheng,50.0,44.36397659494445
2017-01-24 06:00:00,Gucheng,67.0,47.65838060916897
2017-01-24 07:00:00,Gucheng,60.0,66.85484734096218
2017-01-24 08:00:00,Gucheng,59.0,57.393193054843884
2017-01-24 09:00:00,Gucheng,56.0,60.00184991206617
2017-01-24 10:00:00,Gucheng,64.0,54.258542166092454
2017-01-24 11:00:00,Gucheng,73.0,68.14182236368107
2017-01-24 12:00:00,Gucheng,81.0,80.52771950562712
2017-01-24 13:00:00,Gucheng,88.0,84.7093028058455
2017-01-24 14:00:00,Gucheng,104.0,92.6069453811803
2017-01-24 15:00:00,Gucheng,125.0,112.87934246253381
2017-01-24 16:00:00,Gucheng,129.0,133.60435250292392
2017-01-24 17:00:00,Gucheng,137.0,139.10995995237258
2017-01-24 18:00:00,Gucheng,149.0,154.30342984089611
2017-01-24 19:00:00,Gucheng,153.0,166.68776600639492
2017-01-24 20:00:00,Gucheng,156.0,164.59988128209244
2017-01-24 21:00:00,Gucheng,164.0,162.85254999433278
2017-01-24 22:00:00,Gucheng,171.0,164.43168219163135
2017-01-24 23:00:00,Gucheng,170.0,168.76997219802413
2017-01-25 00:00:00,Gucheng,168.0,162.50290200503363
2017-01-25 01:00:00,Gucheng,148.0,157.77543098580688
2017-01-25 02:00:00,Gucheng,144.0,118.96995535214549
2017-01-25 03:00:00,Gucheng,134.0,122.63818309253935
2017-01-25 04:00:00,Gucheng,149.0,114.79069218827034
2017-01-25 05:00:00,Gucheng,133.0,134.07031854618512
2017-01-25 06:00:00,Gucheng,127.0,105.27238674137983
2017-01-25 07:00:00,Gucheng,124.0,107.24938423725042
2017-01-25 08:00:00,Gucheng,123.0,91.35598195456681
2017-01-25 09:00:00,Gucheng,139.0,110.42060199809531
2017-01-25 10:00:00,Gucheng,167.0,133.34529242711594
2017-01-25 11:00:00,Gucheng,161.0,160.9510322773784
2017-01-25 12:00:00,Gucheng,164.0,161.44876964442764
2017-01-25 14:00:00,Gucheng,189.0,140.01221163738612
2017-01-25 15:00:00,Gucheng,194.0,215.72820083895198
2017-01-25 16:00:00,Gucheng,192.0,202.51497202591332
2017-01-25 17:00:00,Gucheng,215.0,214.63551827483474
2017-01-25 18:00:00,Gucheng,224.0,230.4802938323282
2017-01-25 19:00:00,Gucheng,233.0,238.62234064935393
2017-01-25 20:00:00,Gucheng,239.0,232.77231448332827
2017-01-25 21:00:00,Gucheng,247.0,229.14100390353084
2017-01-25 22:00:00,Gucheng,248.0,232.92986023068252
2017-01-25 23:00:00,Gucheng,246.0,205.8864228103719
2017-01-26 00:00:00,Gucheng,242.0,215.71564619153352
2017-01-26 01:00:00,Gucheng,235.0,210.54327495986496
2017-01-26 02:00:00,Gucheng,233.0,189.6240743900326
2017-01-26 03:00:00,Gucheng,241.0,206.07071489460458
2017-01-26 04:00:00,Gucheng,248.0,215.78378725875135
2017-01-26 05:00:00,Gucheng,270.0,220.2960148366729
2017-01-26 06:00:00,Gucheng,275.0,244.20339770390856
2017-01-26 07:00:00,Gucheng,268.0,255.5113025822029
2017-01-26 08:00:00,Gucheng,250.0,247.0334521474105
2017-01-26 09:00:00,Gucheng,265.0,244.5347728355967
2017-01-26 10:00:00,Gucheng,267.0,260.826626285896
2017-01-26 11:00:00,Gucheng,245.0,244.14925466201348
2017-01-26 12:00:00,Gucheng,47.0,113.34891303546857
2017-01-26 13:00:00,Gucheng,26.0,11.376543021930575
2017-01-26 14:00:00,Gucheng,15.0,27.720191465408796
2017-01-26 15:00:00,Gucheng,13.0,14.850516644313153
2017-01-26 16:00:00,Gucheng,9.0,12.483900376508746
2017-01-26 17:00:00,Gucheng,10.0,10.129824860241682
2017-01-26 18:00:00,Gucheng,7.0,11.17542094228022
2017-01-26 19:00:00,Gucheng,6.0,8.048229742217918
2017-01-26 20:00:00,Gucheng,8.0,6.844509488879129
2017-01-26 21:00:00,Gucheng,8.0,7.380550561982014
2017-01-26 22:00:00,Gucheng,10.0,7.350717931489899
2017-01-26 23:00:00,Gucheng,6.0,8.194671159757787
2017-01-27 00:00:00,Gucheng,8.0,6.4655806738897095
2017-01-27 01:00:00,Gucheng,5.0,7.3020833199481725
2017-01-27 02:00:00,Gucheng,7.0,6.179920108647081
2017-01-27 03:00:00,Gucheng,6.0,5.494949091308431
2017-01-27 04:00:00,Gucheng,4.0,9.901591491418305
2017-01-27 05:00:00,Gucheng,3.0,6.375183459254299
2017-01-27 06:00:00,Gucheng,9.0,6.251443999281066
2017-01-27 07:00:00,Gucheng,13.0,13.202880652038534
2017-01-27 08:00:00,Gucheng,25.0,16.440684311654127
2017-01-27 09:00:00,Gucheng,37.0,28.477960898227355
2017-01-27 10:00:00,Gucheng,42.0,41.39955841994281
2017-01-27 11:00:00,Gucheng,37.0,43.11104098587105
2017-01-27 12:00:00,Gucheng,40.0,39.706245899223454
2017-01-27 13:00:00,Gucheng,45.0,63.5524446737628
2017-01-27 14:00:00,Gucheng,56.0,66.63254736922407
2017-01-27 15:00:00,Gucheng,69.0,56.730761709506524
2017-01-27 16:00:00,Gucheng,63.0,71.97971717143689
2017-01-27 17:00:00,Gucheng,69.0,66.07036409246717
2017-01-27 18:00:00,Gucheng,107.0,79.42184345881306
2017-01-27 19:00:00,Gucheng,152.0,117.60765321729639
2017-01-27 20:00:00,Gucheng,224.0,168.2911280606455
2017-01-27 21:00:00,Gucheng,278.0,227.5233234858567
2017-01-27 22:00:00,Gucheng,343.0,278.8136459703267
2017-01-27 23:00:00,Gucheng,442.0,312.5914555457771
2017-01-28 00:00:00,Gucheng,739.0,633.2991412910072
2017-01-28 01:00:00,Gucheng,767.0,574.4854119885659
2017-01-28 02:00:00,Gucheng,566.0,466.3934834596916
2017-01-28 03:00:00,Gucheng,453.0,494.4495383517811
2017-01-28 04:00:00,Gucheng,383.0,407.98311433040965
2017-01-28 05:00:00,Gucheng,526.0,324.1417743157173
2017-01-28 06:00:00,Gucheng,563.0,453.1774320676705
2017-01-28 07:00:00,Gucheng,464.0,445.86465239202596
2017-01-28 08:00:00,Gucheng,350.0,418.0377513470298
2017-01-28 09:00:00,Gucheng,322.0,226.887051202297
2017-01-28 10:00:00,Gucheng,306.0,292.63934336141176
2017-01-28 11:00:00,Gucheng,256.0,269.0382415882724
2017-01-28 12:00:00,Gucheng,243.0,240.78372858375124
2017-01-28 13:00:00,Gucheng,223.0,227.48883157259039
2017-01-28 14:00:00,Gucheng,216.0,193.96081089784707
2017-01-28 15:00:00,Gucheng,227.0,202.63277349396952
2017-01-28 16:00:00,Gucheng,223.0,226.90826791461998
2017-01-28 17:00:00,Gucheng,234.0,220.4995034753596
2017-01-28 18:00:00,Gucheng,246.0,234.15506527197869
2017-01-28 19:00:00,Gucheng,259.0,225.56970680110254
2017-01-28 20:00:00,Gucheng,296.0,229.42808167939356
2017-01-28 21:00:00,Gucheng,262.0,291.840974117466
2017-01-28 22:00:00,Gucheng,259.0,230.0902701779485
2017-01-28 23:00:00,Gucheng,235.0,216.2960112489365
2017-01-29 00:00:00,Gucheng,238.0,227.9846083049569
2017-01-29 01:00:00,Gucheng,200.0,209.34585772139727
2017-01-29 02:00:00,Gucheng,34.0,65.32001404344007
2017-01-29 03:00:00,Gucheng,8.0,4.2593080185058705
2017-01-29 04:00:00,Gucheng,11.0,10.773968179143642
2017-01-29 05:00:00,Gucheng,13.0,11.206943994356356
2017-01-29 06:00:00,Gucheng,8.0,13.550689625650529
2017-01-29 07:00:00,Gucheng,8.0,10.929925549400425
2017-01-29 08:00:00,Gucheng,8.0,10.507065394635669
2017-01-29 09:00:00,Gucheng,3.0,10.543007886346187
2017-01-29 10:00:00,Gucheng,7.0,7.250491465809815
2017-01-29 11:00:00,Gucheng,11.0,7.528075442267406
2017-01-29 12:00:00,Gucheng,9.0,10.185771483273767
2017-01-29 13:00:00,Gucheng,12.0,8.588047887337192
2017-01-29 14:00:00,Gucheng,13.0,11.080545998066881
2017-01-29 15:00:00,Gucheng,11.0,12.68316553441106
2017-01-29 16:00:00,Gucheng,16.0,11.745350708523162
2017-01-29 17:00:00,Gucheng,13.0,15.637715885857066
2017-01-29 18:00:00,Gucheng,14.0,13.93077002353801
2017-01-29 19:00:00,Gucheng,11.0,13.744423767208056
2017-01-29 20:00:00,Gucheng,12.0,10.892109940176882
2017-01-29 21:00:00,Gucheng,8.0,15.564603340654266
2017-01-29 22:00:00,Gucheng,5.0,13.317108490967376
2017-01-29 23:00:00,Gucheng,6.0,11.956335424784408
2017-01-30 00:00:00,Gucheng,7.0,6.859330526990007
2017-01-30 01:00:00,Gucheng,3.0,6.816514948805687
2017-01-30 02:00:00,Gucheng,5.0,5.975542902479925
2017-01-30 03:00:00,Gucheng,3.0,6.090310043190675
2017-01-30 04:00:00,Gucheng,3.0,5.891870574147587
2017-01-30 05:00:00,Gucheng,4.0,6.073384543703132
2017-01-30 06:00:00,Gucheng,6.0,6.559096910930264
2017-01-30 07:00:00,Gucheng,9.0,7.0045049759219555
2017-01-30 08:00:00,Gucheng,9.0,13.981476601325664
2017-01-30 09:00:00,Gucheng,13.0,11.00773264704391
2017-01-30 10:00:00,Gucheng,12.0,12.366165470139592
2017-01-30 11:00:00,Gucheng,13.0,13.01794647593304
2017-01-30 12:00:00,Gucheng,10.0,14.219662525660562
2017-01-30 13:00:00,Gucheng,8.0,15.295365807840437
2017-01-30 14:00:00,Gucheng,12.0,11.555261509379458
2017-01-30 15:00:00,Gucheng,34.0,16.82425832476234
2017-01-30 16:00:00,Gucheng,64.0,41.71469045794912
2017-01-30 17:00:00,Gucheng,56.0,67.93796892626715
2017-01-30 18:00:00,Gucheng,55.0,61.287353323477795
2017-01-30 19:00:00,Gucheng,67.0,62.41192591866336
2017-01-30 20:00:00,Gucheng,81.0,75.00647183456438
2017-01-30 21:00:00,Gucheng,84.0,86.44250710904905
2017-01-30 22:00:00,Gucheng,94.0,85.52135342188755
2017-01-30 23:00:00,Gucheng,102.0,92.07293910170992
2017-01-31 00:00:00,Gucheng,116.0,99.95485625872999
2017-01-31 01:00:00,Gucheng,126.0,114.77849844615943
2017-01-31 02:00:00,Gucheng,129.0,125.83385537127381
2017-01-31 03:00:00,Gucheng,133.0,124.79051164885686
2017-01-31 04:00:00,Gucheng,135.0,124.52397593293202
2017-01-31 05:00:00,Gucheng,134.0,130.6529002376236
2017-01-31 06:00:00,Gucheng,99.0,125.40435671120889
2017-01-31 07:00:00,Gucheng,115.0,88.88245696417185
2017-01-31 08:00:00,Gucheng,103.0,113.40797715394142
2017-01-31 09:00:00,Gucheng,99.0,94.27122184905393
2017-01-31 10:00:00,Gucheng,74.0,97.32427617512397
2017-01-31 11:00:00,Gucheng,74.0,73.22651364045196
2017-01-31 12:00:00,Gucheng,77.0,75.59191846009843
2017-01-31 13:00:00,Gucheng,76.0,78.06546773235175
2017-01-31 14:00:00,Gucheng,78.0,75.2774579789324
2017-01-31 15:00:00,Gucheng,79.0,80.66351040866729
2017-01-31 16:00:00,Gucheng,77.0,82.94037059334796
2017-01-31 17:00:00,Gucheng,87.0,87.47720918140982
2017-01-31 18:00:00,Gucheng,105.0,103.22348037902727
2017-01-31 19:00:00,Gucheng,123.0,116.27472400774373
2017-01-31 20:00:00,Gucheng,154.0,129.9441585860953
2017-01-31 21:00:00,Gucheng,44.0,129.9137600659265
2017-01-31 22:00:00,Gucheng,19.0,15.186737166702192
2017-01-31 23:00:00,Gucheng,15.0,16.918462074328843
2017-02-01 00:00:00,Gucheng,14.0,14.09871902590487
2017-02-01 01:00:00,Gucheng,15.0,12.861076752097842
2017-02-01 02:00:00,Gucheng,8.0,13.098744132116357
2017-02-01 03:00:00,Gucheng,5.0,10.50984001913584
2017-02-01 04:00:00,Gucheng,5.0,8.435456655061119
2017-02-01 05:00:00,Gucheng,8.0,8.413273410679823
2017-02-01 06:00:00,Gucheng,7.0,9.659609245850175
2017-02-01 07:00:00,Gucheng,8.0,9.573636499353514
2017-02-01 08:00:00,Gucheng,13.0,10.795928119476386
2017-02-01 09:00:00,Gucheng,9.0,13.466647477773424
2017-02-01 10:00:00,Gucheng,13.0,10.80717959415014
2017-02-01 11:00:00,Gucheng,17.0,13.430747024373321
2017-02-01 12:00:00,Gucheng,17.0,16.16519481775821
2017-02-01 13:00:00,Gucheng,3.0,20.763699398044032
2017-02-01 14:00:00,Gucheng,3.0,13.375159058480035
2017-02-01 15:00:00,Gucheng,18.0,11.92929906988549
2017-02-01 16:00:00,Gucheng,48.0,25.279626890253617
2017-02-01 17:00:00,Gucheng,61.0,56.91015538057881
2017-02-01 18:00:00,Gucheng,92.0,72.00250622138772
2017-02-01 19:00:00,Gucheng,126.0,106.82148631802536
2017-02-01 20:00:00,Gucheng,203.0,136.47359501518798
2017-02-01 21:00:00,Gucheng,204.0,188.55619037350402
2017-02-01 22:00:00,Gucheng,133.0,179.217120632565
2017-02-01 23:00:00,Gucheng,60.0,99.24602808464732
2017-02-02 00:00:00,Gucheng,48.0,56.177233193393604
2017-02-02 01:00:00,Gucheng,30.0,41.11283006365846
2017-02-02 02:00:00,Gucheng,27.0,29.940604499735883
2017-02-02 03:00:00,Gucheng,28.0,24.56474858381937
2017-02-02 04:00:00,Gucheng,54.0,28.02366251835417
2017-02-02 05:00:00,Gucheng,54.0,56.73997831970841
2017-02-02 06:00:00,Gucheng,32.0,54.21582483855094
2017-02-02 07:00:00,Gucheng,35.0,32.073408377051216
2017-02-02 08:00:00,Gucheng,32.0,36.46374246293637
2017-02-02 09:00:00,Gucheng,35.0,32.615371905513705
2017-02-02 10:00:00,Gucheng,58.0,38.81760299217748
2017-02-02 11:00:00,Gucheng,58.0,63.87406031421147
2017-02-02 12:00:00,Gucheng,60.0,60.344382170912965
2017-02-02 13:00:00,Gucheng,67.0,65.43745380291672
2017-02-02 14:00:00,Gucheng,71.0,70.78847916975508
2017-02-02 15:00:00,Gucheng,77.0,74.42746926194519
2017-02-02 16:00:00,Gucheng,77.0,86.98271171458202
2017-02-02 17:00:00,Gucheng,93.0,91.91734303879879
2017-02-02 18:00:00,Gucheng,112.0,108.24544157062073
2017-02-02 19:00:00,Gucheng,156.0,122.66029102698737
2017-02-02 20:00:00,Gucheng,158.0,152.05032161842627
2017-02-02 21:00:00,Gucheng,154.0,157.20009569991214
2017-02-02 22:00:00,Gucheng,137.0,155.39255747726907
2017-02-02 23:00:00,Gucheng,139.0,132.44537075370968
2017-02-03 00:00:00,Gucheng,118.0,145.90474886706454
2017-02-03 01:00:00,Gucheng,100.0,112.23517767736428
2017-02-03 02:00:00,Gucheng,107.0,94.57904782493506
2017-02-03 03:00:00,Gucheng,106.0,103.10084019751689
2017-02-03 04:00:00,Gucheng,91.0,100.2813123177939
2017-02-03 05:00:00,Gucheng,77.0,83.85465453012638
2017-02-03 06:00:00,Gucheng,77.0,74.22888169841961
2017-02-03 07:00:00,Gucheng,69.0,81.56627254721937
2017-02-03 08:00:00,Gucheng,129.0,77.4003077347406
2017-02-03 09:00:00,Gucheng,101.0,142.86189748749695
2017-02-03 10:00:00,Gucheng,105.0,92.83768836589732
2017-02-03 11:00:00,Gucheng,110.0,108.00822002261893
2017-02-03 12:00:00,Gucheng,136.0,126.67725125097296
2017-02-03 13:00:00,Gucheng,134.0,152.38484421522492
2017-02-03 14:00:00,Gucheng,140.0,144.16803928927754
2017-02-03 15:00:00,Gucheng,203.0,154.40795825459327
2017-02-03 16:00:00,Gucheng,246.0,205.6160697526135
2017-02-03 17:00:00,Gucheng,268.0,249.94250746109725
2017-02-03 18:00:00,Gucheng,287.0,265.9028864712567
2017-02-03 19:00:00,Gucheng,291.0,299.7237431732658
2017-02-03 20:00:00,Gucheng,300.0,284.0155789341999
2017-02-03 21:00:00,Gucheng,350.0,290.9293318735389
2017-02-03 22:00:00,Gucheng,342.0,314.1930022400465
2017-02-03 23:00:00,Gucheng,322.0,310.5776067317299
2017-02-04 00:00:00,Gucheng,306.0,297.2858118024768
2017-02-04 01:00:00,Gucheng,282.0,273.942970363876
2017-02-04 02:00:00,Gucheng,281.0,244.89672481452203
2017-02-04 03:00:00,Gucheng,239.0,244.72660351951356
2017-02-04 04:00:00,Gucheng,245.0,202.93687957444868
2017-02-04 05:00:00,Gucheng,263.0,219.32061741226613
2017-02-04 06:00:00,Gucheng,294.0,251.11796238291674
2017-02-04 07:00:00,Gucheng,298.0,269.07816937592355
2017-02-04 08:00:00,Gucheng,281.0,274.5197891663802
2017-02-04 09:00:00,Gucheng,302.0,266.3403988006362
2017-02-04 10:00:00,Gucheng,298.0,279.7836632690445
2017-02-04 11:00:00,Gucheng,307.0,265.6075760614677
2017-02-04 12:00:00,Gucheng,321.0,275.88627678054246
2017-02-04 13:00:00,Gucheng,308.0,293.41736689916155
2017-02-04 14:00:00,Gucheng,302.0,282.14105278918396
2017-02-04 15:00:00,Gucheng,321.0,286.31883622080176
2017-02-04 16:00:00,Gucheng,377.0,295.6753994317027
2017-02-04 17:00:00,Gucheng,391.0,343.0247258651696
2017-02-04 18:00:00,Gucheng,287.0,380.26851766886466
2017-02-04 19:00:00,Gucheng,27.0,240.94630237534224
2017-02-04 20:00:00,Gucheng,17.0,-3.3385578503286126
2017-02-04 21:00:00,Gucheng,11.0,17.15116338663731
2017-02-04 22:00:00,Gucheng,17.0,10.909855060966562
2017-02-04 23:00:00,Gucheng,17.0,20.250499882176506
2017-02-05 00:00:00,Gucheng,15.0,20.21590657429507
2017-02-05 01:00:00,Gucheng,16.0,22.048862501367125
2017-02-05 02:00:00,Gucheng,19.0,17.294304425442867
2017-02-05 03:00:00,Gucheng,11.0,20.598709905659245
2017-02-05 04:00:00,Gucheng,6.0,14.7811702265488
2017-02-05 05:00:00,Gucheng,4.0,5.896397004315971
2017-02-05 06:00:00,Gucheng,8.0,7.826103920954395
2017-02-05 07:00:00,Gucheng,6.0,8.771948063956929
2017-02-05 08:00:00,Gucheng,4.0,7.430385318731271
2017-02-05 09:00:00,Gucheng,4.0,8.75331884058685
2017-02-05 10:00:00,Gucheng,5.0,7.736478850056381
2017-02-05 11:00:00,Gucheng,5.0,6.156387023615091
2017-02-05 12:00:00,Gucheng,5.0,10.184291587660665
2017-02-05 13:00:00,Gucheng,4.0,8.05831778601756
2017-02-05 14:00:00,Gucheng,7.0,5.530786422156624
2017-02-05 15:00:00,Gucheng,6.0,5.813343856918062
2017-02-05 16:00:00,Gucheng,14.0,6.085228043770857
2017-02-05 17:00:00,Gucheng,14.0,12.242692390443283
2017-02-05 18:00:00,Gucheng,10.0,14.790667310217747
2017-02-05 19:00:00,Gucheng,11.0,10.986961165217883
2017-02-05 20:00:00,Gucheng,12.0,11.074696307014896
2017-02-05 21:00:00,Gucheng,9.0,9.721905302264544
2017-02-05 22:00:00,Gucheng,9.0,7.8767212618060185
2017-02-05 23:00:00,Gucheng,6.0,8.159599311423948
2017-02-06 00:00:00,Gucheng,3.0,7.059862591648149
2017-02-06 01:00:00,Gucheng,7.0,6.536472571854792
2017-02-06 02:00:00,Gucheng,6.0,8.01910058973961
2017-02-06 03:00:00,Gucheng,4.0,6.590084678299824
2017-02-06 04:00:00,Gucheng,8.0,7.247950392389054
2017-02-06 05:00:00,Gucheng,6.0,7.381858305521458
2017-02-06 06:00:00,Gucheng,5.0,6.747013414332062
2017-02-06 07:00:00,Gucheng,7.0,8.78303814170189
2017-02-06 08:00:00,Gucheng,6.0,8.75874238128703
2017-02-06 09:00:00,Gucheng,7.0,7.269452976093921
2017-02-06 10:00:00,Gucheng,8.0,8.129915691840703
2017-02-06 11:00:00,Gucheng,8.0,7.567014090162703
2017-02-06 12:00:00,Gucheng,8.0,12.391120457700588
2017-02-06 13:00:00,Gucheng,7.0,12.995158241604614
2017-02-06 14:00:00,Gucheng,12.0,9.264724554289455
2017-02-06 15:00:00,Gucheng,11.0,15.644684644664492
2017-02-06 16:00:00,Gucheng,11.0,16.88777072050177
2017-02-06 17:00:00,Gucheng,26.0,20.845062930294194
2017-02-06 18:00:00,Gucheng,30.0,37.049316908627276
2017-02-06 19:00:00,Gucheng,37.0,40.58153220623884
2017-02-06 20:00:00,Gucheng,45.0,46.903426926070466
2017-02-06 21:00:00,Gucheng,52.0,50.24424500930619
2017-02-06 22:00:00,Gucheng,56.0,57.351706916942305
2017-02-06 23:00:00,Gucheng,67.0,61.991053820100085
2017-02-07 00:00:00,Gucheng,92.0,73.0999496024543
2017-02-07 01:00:00,Gucheng,102.0,95.27476798063003
2017-02-07 02:00:00,Gucheng,103.0,105.21276064951097
2017-02-07 03:00:00,Gucheng,101.0,103.49843138928335
2017-02-07 04:00:00,Gucheng,113.0,99.60176237121877
2017-02-07 05:00:00,Gucheng,113.0,116.41117829130327
2017-02-07 06:00:00,Gucheng,106.0,116.24920662206796
2017-02-07 07:00:00,Gucheng,99.0,112.79094470126412
2017-02-07 08:00:00,Gucheng,101.0,104.45725250589321
2017-02-07 09:00:00,Gucheng,97.0,111.79528402873864
2017-02-07 10:00:00,Gucheng,63.0,107.72732102170706
2017-02-07 11:00:00,Gucheng,48.0,59.3837318440309
2017-02-07 12:00:00,Gucheng,53.0,53.869983694330614
2017-02-07 13:00:00,Gucheng,45.0,58.77609749447189
2017-02-07 14:00:00,Gucheng,47.0,51.15552807200823
2017-02-07 15:00:00,Gucheng,59.0,56.00829006555799
2017-02-07 16:00:00,Gucheng,86.0,68.05313631914927
2017-02-07 17:00:00,Gucheng,96.0,102.1456480107386
2017-02-07 18:00:00,Gucheng,99.0,104.2786951436699
2017-02-07 19:00:00,Gucheng,105.0,108.62835388392612
2017-02-07 20:00:00,Gucheng,106.0,109.46465549778843
2017-02-07 21:00:00,Gucheng,108.0,108.00455675265252
2017-02-07 22:00:00,Gucheng,109.0,114.47473775518385
2017-02-07 23:00:00,Gucheng,109.0,114.35130960923067
2017-02-08 00:00:00,Gucheng,106.0,113.54038932845427
2017-02-08 01:00:00,Gucheng,104.0,107.90135938039025
2017-02-08 02:00:00,Gucheng,99.0,104.57468080817742
2017-02-08 03:00:00,Gucheng,98.0,96.47200673881763
2017-02-08 04:00:00,Gucheng,84.0,95.94222048186231
2017-02-08 05:00:00,Gucheng,27.0,63.65918021432432
2017-02-08 06:00:00,Gucheng,14.0,16.246785085437953
2017-02-08 07:00:00,Gucheng,10.0,12.211681876689983
2017-02-08 08:00:00,Gucheng,9.0,8.718317394683138
2017-02-08 09:00:00,Gucheng,8.0,7.925617335352777
2017-02-08 10:00:00,Gucheng,6.0,7.705023510997868
2017-02-08 11:00:00,Gucheng,10.0,6.15902590761067
2017-02-08 12:00:00,Gucheng,11.0,8.61527964945088
2017-02-08 13:00:00,Gucheng,11.0,9.355981011816738
2017-02-08 14:00:00,Gucheng,12.0,8.913578714333957
2017-02-08 15:00:00,Gucheng,11.0,9.803385438405396
2017-02-08 16:00:00,Gucheng,11.0,10.208782177317907
2017-02-08 17:00:00,Gucheng,10.0,11.761103006285373
2017-02-08 18:00:00,Gucheng,9.0,12.044925464674622
2017-02-08 19:00:00,Gucheng,9.0,9.973348354449167
2017-02-08 20:00:00,Gucheng,9.0,7.5386805416423455
2017-02-08 21:00:00,Gucheng,8.0,7.327198731392202
2017-02-08 22:00:00,Gucheng,5.0,10.764648533435597
2017-02-08 23:00:00,Gucheng,10.0,5.671621791440466
2017-02-09 00:00:00,Gucheng,9.0,7.636945672401981
2017-02-09 01:00:00,Gucheng,5.0,8.157570661142405
2017-02-09 03:00:00,Gucheng,6.0,-7.484869486470283
2017-02-09 04:00:00,Gucheng,3.0,1.065804986132795
2017-02-09 05:00:00,Gucheng,3.0,5.357525494250407
2017-02-09 06:00:00,Gucheng,5.0,6.384302663781698
2017-02-09 07:00:00,Gucheng,3.0,6.544282146563042
2017-02-09 08:00:00,Gucheng,3.0,6.200791479816504
2017-02-09 09:00:00,Gucheng,5.0,7.055778917290997
2017-02-09 10:00:00,Gucheng,7.0,11.46439733499672
2017-02-09 11:00:00,Gucheng,3.0,7.403404978803012
2017-02-09 12:00:00,Gucheng,5.0,5.795952398505937
2017-02-09 13:00:00,Gucheng,15.0,6.028203819574381
2017-02-09 14:00:00,Gucheng,8.0,12.530277510772374
2017-02-09 15:00:00,Gucheng,3.0,7.94305175094555
2017-02-09 16:00:00,Gucheng,3.0,5.785871564664411
2017-02-09 17:00:00,Gucheng,4.0,20.407941846522952
2017-02-09 18:00:00,Gucheng,3.0,11.07130484383283
2017-02-09 19:00:00,Gucheng,6.0,8.755505085393631
2017-02-09 20:00:00,Gucheng,7.0,8.242830223203
2017-02-09 21:00:00,Gucheng,8.0,6.448400365318834
2017-02-09 22:00:00,Gucheng,5.0,8.377511358405304
2017-02-09 23:00:00,Gucheng,6.0,6.219024113433324
2017-02-10 00:00:00,Gucheng,4.0,6.835540743134789
2017-02-10 01:00:00,Gucheng,4.0,6.51233208645037
2017-02-10 02:00:00,Gucheng,3.0,7.2682952752508445
2017-02-10 03:00:00,Gucheng,6.0,5.55032247588289
2017-02-10 04:00:00,Gucheng,3.0,5.423947176177511
2017-02-10 05:00:00,Gucheng,3.0,6.599069364766044
2017-02-10 06:00:00,Gucheng,4.0,10.87164843203928
2017-02-10 07:00:00,Gucheng,5.0,8.134420521253068
2017-02-10 08:00:00,Gucheng,5.0,10.835371134507737
2017-02-10 09:00:00,Gucheng,4.0,11.776723355675541
2017-02-10 10:00:00,Gucheng,4.0,6.804067516638264
2017-02-10 11:00:00,Gucheng,5.0,5.746085491788544
2017-02-10 12:00:00,Gucheng,6.0,5.882925550899489
2017-02-10 13:00:00,Gucheng,3.0,5.872532424468666
2017-02-10 14:00:00,Gucheng,9.0,7.547439395202133
2017-02-10 15:00:00,Gucheng,5.0,7.716125985259837
2017-02-10 16:00:00,Gucheng,7.0,7.185147511024536
2017-02-10 17:00:00,Gucheng,6.0,7.467409352590986
2017-02-10 18:00:00,Gucheng,8.0,8.233712729020604
2017-02-10 19:00:00,Gucheng,9.0,11.490201263833555
2017-02-10 20:00:00,Gucheng,16.0,11.835442035339504
2017-02-10 21:00:00,Gucheng,14.0,14.519431421623105
2017-02-10 22:00:00,Gucheng,13.0,13.306420507813893
2017-02-10 23:00:00,Gucheng,11.0,12.280148663936547
2017-02-11 00:00:00,Gucheng,11.0,11.93166489316455
2017-02-11 01:00:00,Gucheng,15.0,15.331072218169684
2017-02-11 02:00:00,Gucheng,16.0,15.661164971827654
2017-02-11 03:00:00,Gucheng,19.0,16.70217866658364
2017-02-11 04:00:00,Gucheng,20.0,21.049771526513574
2017-02-11 05:00:00,Gucheng,15.0,22.12839678519599
2017-02-11 06:00:00,Gucheng,21.0,17.848974618884967
2017-02-11 07:00:00,Gucheng,22.0,25.696572179497114
2017-02-11 08:00:00,Gucheng,24.0,27.91309202465164
2017-02-11 09:00:00,Gucheng,25.0,35.64705911301528
2017-02-11 10:00:00,Gucheng,18.0,29.70407380561094
2017-02-11 11:00:00,Gucheng,19.0,15.645376730594274
2017-02-11 12:00:00,Gucheng,16.0,18.760759300571866
2017-02-11 13:00:00,Gucheng,23.0,20.594117961539787
2017-02-11 14:00:00,Gucheng,38.0,27.074252144421738
2017-02-11 15:00:00,Gucheng,59.0,42.48840629494894
2017-02-11 16:00:00,Gucheng,58.0,69.76225879030933
2017-02-11 17:00:00,Gucheng,56.0,64.53699007975774
2017-02-11 18:00:00,Gucheng,89.0,67.16790903729617
2017-02-11 19:00:00,Gucheng,152.0,102.57342493546213
2017-02-11 20:00:00,Gucheng,198.0,154.41933071788816
2017-02-11 21:00:00,Gucheng,284.0,184.59262616548762
2017-02-11 22:00:00,Gucheng,220.0,300.1204451063934
2017-02-11 23:00:00,Gucheng,199.0,183.38083611341264
2017-02-12 00:00:00,Gucheng,171.0,180.12997543682738
2017-02-12 01:00:00,Gucheng,125.0,159.9308521682187
2017-02-12 02:00:00,Gucheng,95.0,105.77010470696884
2017-02-12 03:00:00,Gucheng,87.0,80.99382624545358
2017-02-12 04:00:00,Gucheng,57.0,82.57488622164242
2017-02-12 05:00:00,Gucheng,61.0,55.18556991675093
2017-02-12 06:00:00,Gucheng,71.0,64.58134359882017
2017-02-12 07:00:00,Gucheng,67.0,75.41697778179693
2017-02-12 08:00:00,Gucheng,113.0,70.28009237323386
2017-02-12 09:00:00,Gucheng,108.0,108.79834390607158
2017-02-12 10:00:00,Gucheng,95.0,84.79318396805039
2017-02-12 11:00:00,Gucheng,82.0,86.11244165778916
2017-02-12 12:00:00,Gucheng,83.0,86.19052248642976
2017-02-12 13:00:00,Gucheng,89.0,87.12860367815635
2017-02-12 14:00:00,Gucheng,100.0,90.0575567396025
2017-02-12 15:00:00,Gucheng,80.0,101.28172552704147
2017-02-12 16:00:00,Gucheng,85.0,83.688776270647
2017-02-12 17:00:00,Gucheng,90.0,95.6743557110548
2017-02-12 18:00:00,Gucheng,106.0,103.03494374494336
2017-02-12 19:00:00,Gucheng,127.0,120.93727397644926
2017-02-12 20:00:00,Gucheng,149.0,133.54098100319112
2017-02-12 21:00:00,Gucheng,139.0,151.75101894071685
2017-02-12 22:00:00,Gucheng,112.0,140.66886088014394
2017-02-12 23:00:00,Gucheng,101.0,110.55722037882458
2017-02-13 00:00:00,Gucheng,98.0,106.78103182418572
2017-02-13 01:00:00,Gucheng,107.0,102.546457470725
2017-02-13 02:00:00,Gucheng,114.0,104.88112784856521
2017-02-13 03:00:00,Gucheng,133.0,112.00086635826545
2017-02-13 04:00:00,Gucheng,97.0,130.67168301983855
2017-02-13 05:00:00,Gucheng,109.0,88.10745619963376
2017-02-13 06:00:00,Gucheng,112.0,107.5920290528366
2017-02-13 07:00:00,Gucheng,108.0,112.10520003105447
2017-02-13 08:00:00,Gucheng,79.0,109.27566871256306
2017-02-13 09:00:00,Gucheng,68.0,73.140505927811
2017-02-13 10:00:00,Gucheng,37.0,53.94624677089766
2017-02-13 11:00:00,Gucheng,27.0,29.86039048986793
2017-02-13 12:00:00,Gucheng,18.0,23.360167425038878
2017-02-13 13:00:00,Gucheng,17.0,16.741329681866585
2017-02-13 14:00:00,Gucheng,16.0,19.627407428564847
2017-02-13 15:00:00,Gucheng,19.0,20.3707941782397
2017-02-13 16:00:00,Gucheng,22.0,25.869368510446748
2017-02-13 17:00:00,Gucheng,49.0,30.71056855209047
2017-02-13 18:00:00,Gucheng,52.0,63.821360676985954
2017-02-13 19:00:00,Gucheng,47.0,62.4592985276872
2017-02-13 20:00:00,Gucheng,88.0,61.927143219684574
2017-02-13 21:00:00,Gucheng,110.0,107.51390678748953
2017-02-13 22:00:00,Gucheng,168.0,120.8624260567189
2017-02-13 23:00:00,Gucheng,200.0,175.47577037973514
2017-02-14 00:00:00,Gucheng,193.0,205.00265362366562
2017-02-14 01:00:00,Gucheng,178.0,195.72484236341612
2017-02-14 02:00:00,Gucheng,172.0,171.16299554662376
2017-02-14 03:00:00,Gucheng,176.0,168.95843931094208
2017-02-14 04:00:00,Gucheng,182.0,172.19374360386684
2017-02-14 05:00:00,Gucheng,166.0,176.07362096146974
2017-02-14 06:00:00,Gucheng,153.0,160.24317361612532
2017-02-14 07:00:00,Gucheng,179.0,159.69806143250176
2017-02-14 08:00:00,Gucheng,178.0,186.4325349986095
2017-02-14 09:00:00,Gucheng,176.0,186.39431197843274
2017-02-14 10:00:00,Gucheng,174.0,187.71401973170012
2017-02-14 11:00:00,Gucheng,172.0,178.58491539901644
2017-02-14 12:00:00,Gucheng,190.0,168.22342176555438
2017-02-14 13:00:00,Gucheng,210.0,199.35682989660813
2017-02-14 14:00:00,Gucheng,212.0,218.36092390354
2017-02-14 15:00:00,Gucheng,220.0,219.10842799040282
2017-02-14 16:00:00,Gucheng,222.0,219.25789304693876
2017-02-14 17:00:00,Gucheng,224.0,227.66775205609935
2017-02-14 18:00:00,Gucheng,218.0,233.60504265678125
2017-02-14 19:00:00,Gucheng,217.0,219.3268301738565
2017-02-14 20:00:00,Gucheng,220.0,213.7212834502098
2017-02-14 21:00:00,Gucheng,222.0,218.4223339313135
2017-02-14 22:00:00,Gucheng,222.0,223.6033877815697
2017-02-14 23:00:00,Gucheng,223.0,224.81977030335258
2017-02-15 00:00:00,Gucheng,223.0,221.92183328428015
2017-02-15 01:00:00,Gucheng,217.0,218.10324769737173
2017-02-15 02:00:00,Gucheng,214.0,207.76606238727035
2017-02-15 03:00:00,Gucheng,215.0,204.13899507409164
2017-02-15 04:00:00,Gucheng,224.0,203.3453668987874
2017-02-15 05:00:00,Gucheng,228.0,214.99310612858812
2017-02-15 06:00:00,Gucheng,228.0,204.47070911427375
2017-02-15 07:00:00,Gucheng,216.0,221.33472073388296
2017-02-15 08:00:00,Gucheng,214.0,219.53240198165727
2017-02-15 09:00:00,Gucheng,228.0,223.89171641752012
2017-02-15 10:00:00,Gucheng,232.0,237.59565643298384
2017-02-15 11:00:00,Gucheng,238.0,236.7963830398634
2017-02-15 12:00:00,Gucheng,180.0,240.9444446074505
2017-02-15 13:00:00,Gucheng,224.0,153.63329923581006
2017-02-15 14:00:00,Gucheng,245.0,228.11152198550846
2017-02-15 15:00:00,Gucheng,261.0,227.99091353850105
2017-02-15 16:00:00,Gucheng,275.0,251.4673704183998
2017-02-15 17:00:00,Gucheng,287.0,271.2988039666959
2017-02-15 18:00:00,Gucheng,293.0,287.76915753492835
2017-02-15 19:00:00,Gucheng,297.0,296.03806855693426
2017-02-15 20:00:00,Gucheng,294.0,310.8939320303464
2017-02-15 21:00:00,Gucheng,295.0,290.51507595396174
2017-02-15 22:00:00,Gucheng,288.0,304.2663823692814
2017-02-15 23:00:00,Gucheng,283.0,287.5703117947783
2017-02-16 00:00:00,Gucheng,279.0,285.30625672586484
2017-02-16 01:00:00,Gucheng,271.0,258.8691494046202
2017-02-16 02:00:00,Gucheng,271.0,248.52137945592676
2017-02-16 03:00:00,Gucheng,262.0,250.63016352387103
2017-02-16 04:00:00,Gucheng,264.0,238.03130777908328
2017-02-16 05:00:00,Gucheng,258.0,238.78466412056284
2017-02-16 06:00:00,Gucheng,257.0,249.26393231794728
2017-02-16 07:00:00,Gucheng,246.0,239.52724180387708
2017-02-16 08:00:00,Gucheng,203.0,227.6772077069608
2017-02-16 09:00:00,Gucheng,87.0,153.04477472070585
2017-02-16 10:00:00,Gucheng,35.0,32.94793244447958
2017-02-16 11:00:00,Gucheng,23.0,19.15870574197694
2017-02-16 12:00:00,Gucheng,20.0,24.423234295380425
2017-02-16 13:00:00,Gucheng,15.0,22.957900024219068
2017-02-16 14:00:00,Gucheng,11.0,13.11721883425972
2017-02-16 15:00:00,Gucheng,10.0,10.617742837178932
2017-02-16 16:00:00,Gucheng,12.0,10.618721352726723
2017-02-16 17:00:00,Gucheng,11.0,16.33003023702316
2017-02-16 18:00:00,Gucheng,11.0,18.424909675160166
2017-02-16 19:00:00,Gucheng,13.0,10.120410114058675
2017-02-16 20:00:00,Gucheng,12.0,10.565732115155011
2017-02-16 21:00:00,Gucheng,10.0,9.938781742613896
2017-02-16 22:00:00,Gucheng,6.0,8.471071062358487
2017-02-16 23:00:00,Gucheng,8.0,6.028520902587003
2017-02-17 00:00:00,Gucheng,10.0,6.6404645380069365
2017-02-17 01:00:00,Gucheng,12.0,7.739424788569801
2017-02-17 02:00:00,Gucheng,8.0,8.44008620804493
2017-02-17 03:00:00,Gucheng,8.0,7.192957727115191
2017-02-17 04:00:00,Gucheng,5.0,6.4852694885787665
2017-02-17 05:00:00,Gucheng,7.0,5.0244628312662645
2017-02-17 06:00:00,Gucheng,8.0,5.630106488193703
2017-02-17 07:00:00,Gucheng,5.0,6.340234387530689
2017-02-17 08:00:00,Gucheng,7.0,7.184854724137571
2017-02-17 09:00:00,Gucheng,5.0,9.53876489155259
2017-02-17 10:00:00,Gucheng,3.0,11.691945513807614
2017-02-17 11:00:00,Gucheng,6.0,6.33494334626005
2017-02-17 12:00:00,Gucheng,8.0,6.489125846105056
2017-02-17 13:00:00,Gucheng,7.0,11.337891192210316
2017-02-17 14:00:00,Gucheng,25.0,12.014247384803259
2017-02-17 15:00:00,Gucheng,44.0,26.83575812251178
2017-02-17 16:00:00,Gucheng,53.0,51.72471820404108
2017-02-17 17:00:00,Gucheng,71.0,62.638864872236056
2017-02-17 18:00:00,Gucheng,71.0,88.51578091933264
2017-02-17 19:00:00,Gucheng,63.0,82.52896076923662
2017-02-17 20:00:00,Gucheng,55.0,71.72317433079554
2017-02-17 21:00:00,Gucheng,47.0,59.17050931901036
2017-02-17 22:00:00,Gucheng,52.0,52.18855086954886
2017-02-17 23:00:00,Gucheng,57.0,56.1764388865213
2017-02-18 00:00:00,Gucheng,67.0,61.67611191118766
2017-02-18 01:00:00,Gucheng,72.0,70.66387935102614
2017-02-18 02:00:00,Gucheng,65.0,73.02637214404682
2017-02-18 03:00:00,Gucheng,55.0,65.15702434876216
2017-02-18 04:00:00,Gucheng,61.0,54.82760393435726
2017-02-18 05:00:00,Gucheng,69.0,66.84780441684975
2017-02-18 06:00:00,Gucheng,67.0,72.47866730595007
2017-02-18 07:00:00,Gucheng,60.0,72.6369285603477
2017-02-18 08:00:00,Gucheng,75.0,62.942145306129625
2017-02-18 09:00:00,Gucheng,79.0,80.81054269816516
2017-02-18 10:00:00,Gucheng,86.0,81.45925522659748
2017-02-18 11:00:00,Gucheng,80.0,79.47598533172518
2017-02-18 12:00:00,Gucheng,91.0,77.25442249604426
2017-02-18 13:00:00,Gucheng,91.0,93.70676988074571
2017-02-18 14:00:00,Gucheng,119.0,88.42703708045241
2017-02-18 15:00:00,Gucheng,90.0,115.77021031098249
2017-02-18 16:00:00,Gucheng,91.0,84.11349584397462
2017-02-18 17:00:00,Gucheng,107.0,93.10675249071731
2017-02-18 18:00:00,Gucheng,166.0,117.66909142058498
2017-02-18 19:00:00,Gucheng,179.0,184.99386692460703
2017-02-18 20:00:00,Gucheng,188.0,187.11003321337162
2017-02-18 21:00:00,Gucheng,183.0,198.39286517719006
2017-02-18 22:00:00,Gucheng,149.0,181.44440955002625
2017-02-18 23:00:00,Gucheng,151.0,148.0805671552925
2017-02-19 00:00:00,Gucheng,155.0,158.48665212477073
2017-02-19 01:00:00,Gucheng,154.0,157.39303733570267
2017-02-19 02:00:00,Gucheng,148.0,154.08915754207564
2017-02-19 03:00:00,Gucheng,142.0,139.72567740236272
2017-02-19 04:00:00,Gucheng,158.0,140.89139965655278
2017-02-19 05:00:00,Gucheng,161.0,153.67029786194274
2017-02-19 06:00:00,Gucheng,154.0,161.56808402993445
2017-02-19 07:00:00,Gucheng,146.0,158.34030498749343
2017-02-19 08:00:00,Gucheng,153.0,155.59858228125884
2017-02-19 09:00:00,Gucheng,160.0,165.15077119656374
2017-02-19 10:00:00,Gucheng,156.0,149.00751911881352
2017-02-19 11:00:00,Gucheng,161.0,136.83258092521257
2017-02-19 12:00:00,Gucheng,171.0,157.49108910126864
2017-02-19 13:00:00,Gucheng,92.0,170.83531647962695
2017-02-19 14:00:00,Gucheng,12.0,37.22473351097641
2017-02-19 15:00:00,Gucheng,10.0,5.315655620274518
2017-02-19 16:00:00,Gucheng,13.0,8.747055097560537
2017-02-19 17:00:00,Gucheng,11.0,12.167193866430631
2017-02-19 18:00:00,Gucheng,9.0,11.122780388323104
2017-02-19 19:00:00,Gucheng,8.0,8.915640690305587
2017-02-19 20:00:00,Gucheng,11.0,8.487662752836298
2017-02-19 21:00:00,Gucheng,9.0,8.941055134623344
2017-02-19 22:00:00,Gucheng,10.0,8.09706316056836
2017-02-19 23:00:00,Gucheng,11.0,7.813831217158925
2017-02-20 00:00:00,Gucheng,8.0,9.677404196387362
2017-02-20 01:00:00,Gucheng,9.0,6.9386768291135725
2017-02-20 02:00:00,Gucheng,9.0,6.979672622282857
2017-02-20 03:00:00,Gucheng,10.0,8.954169483975901
2017-02-20 04:00:00,Gucheng,11.0,9.62887553308712
2017-02-20 05:00:00,Gucheng,10.0,10.522167114378192
2017-02-20 06:00:00,Gucheng,9.0,10.968998950823783
2017-02-20 07:00:00,Gucheng,9.0,10.010066631668094
2017-02-20 08:00:00,Gucheng,7.0,7.600620397203142
2017-02-20 09:00:00,Gucheng,9.0,6.432956863498062
2017-02-20 10:00:00,Gucheng,4.0,6.969058212143531
2017-02-20 11:00:00,Gucheng,7.0,6.422551982854468
2017-02-20 12:00:00,Gucheng,11.0,6.429696828807066
2017-02-20 13:00:00,Gucheng,12.0,8.902026164426147
2017-02-20 16:00:00,Gucheng,12.0,9.51249958236451
2017-02-20 18:00:00,Gucheng,18.0,40.12761185081644
2017-02-20 19:00:00,Gucheng,28.0,26.525706409026622
2017-02-20 20:00:00,Gucheng,27.0,38.36398525231538
2017-02-20 21:00:00,Gucheng,38.0,32.099181982631755
2017-02-20 22:00:00,Gucheng,45.0,42.655054287636396
2017-02-21 01:00:00,Gucheng,49.0,69.02768769593565
2017-02-21 02:00:00,Gucheng,54.0,55.94326487115373
2017-02-21 05:00:00,Gucheng,90.0,50.00817657900804
2017-02-21 08:00:00,Gucheng,129.0,59.66266849474362
2017-02-21 09:00:00,Gucheng,118.0,134.81529218488353
2017-02-21 11:00:00,Gucheng,92.0,91.21731796528184
2017-02-21 13:00:00,Gucheng,28.0,119.76824848724739
2017-02-21 14:00:00,Gucheng,34.0,32.805024647754905
2017-02-21 15:00:00,Gucheng,28.0,38.05793826375534
2017-02-21 16:00:00,Gucheng,30.0,33.08784308735949
2017-02-21 17:00:00,Gucheng,31.0,36.092225021235166
2017-02-21 18:00:00,Gucheng,37.0,43.50203813031377
2017-02-21 19:00:00,Gucheng,49.0,47.700838663733464
2017-02-21 20:00:00,Gucheng,50.0,58.34612920067714
2017-02-21 21:00:00,Gucheng,63.0,60.59621714000738
2017-02-21 22:00:00,Gucheng,63.0,70.78522541429771
2017-02-21 23:00:00,Gucheng,76.0,67.42907871603403
2017-02-22 00:00:00,Gucheng,91.0,75.28467506590647
2017-02-22 01:00:00,Gucheng,100.0,92.0607924433638
2017-02-22 02:00:00,Gucheng,95.0,102.84180004661093
2017-02-22 03:00:00,Gucheng,97.0,96.38999601632545
2017-02-22 04:00:00,Gucheng,99.0,97.53495980115703
2017-02-22 05:00:00,Gucheng,101.0,101.39150689044648
2017-02-22 06:00:00,Gucheng,107.0,104.0109693354506
2017-02-22 07:00:00,Gucheng,105.0,110.37661077259472
2017-02-22 08:00:00,Gucheng,112.0,108.37904858534151
2017-02-22 09:00:00,Gucheng,137.0,117.365857747894
2017-02-22 10:00:00,Gucheng,156.0,147.0288179338369
2017-02-22 18:00:00,Gucheng,9.0,29.090679644015967
2017-02-22 19:00:00,Gucheng,9.0,3.6395830093966515
2017-02-22 20:00:00,Gucheng,7.0,8.777274555909134
2017-02-22 21:00:00,Gucheng,9.0,8.024181455884627
2017-02-22 22:00:00,Gucheng,11.0,12.903629271769987
2017-02-22 23:00:00,Gucheng,12.0,9.960395165071127
2017-02-23 00:00:00,Gucheng,12.0,14.654692145182953
2017-02-23 01:00:00,Gucheng,15.0,12.692827310447887
2017-02-23 02:00:00,Gucheng,11.0,15.608448927095617
2017-02-23 03:00:00,Gucheng,7.0,15.168636503060725
2017-02-23 04:00:00,Gucheng,10.0,8.910773750490657
2017-02-23 05:00:00,Gucheng,9.0,11.302977593553868
2017-02-23 06:00:00,Gucheng,13.0,13.921624690425467
2017-02-23 07:00:00,Gucheng,15.0,17.281744839726475
2017-02-23 08:00:00,Gucheng,20.0,24.53354304548718
2017-02-23 09:00:00,Gucheng,20.0,29.500520060716
2017-02-23 10:00:00,Gucheng,10.0,27.191241555325895
2017-02-23 11:00:00,Gucheng,18.0,11.365693392116768
2017-02-23 12:00:00,Gucheng,10.0,15.539122215657619
2017-02-23 13:00:00,Gucheng,21.0,12.833212769740307
2017-02-23 14:00:00,Gucheng,29.0,31.27054162633303
2017-02-23 15:00:00,Gucheng,30.0,36.90045045648649
2017-02-23 16:00:00,Gucheng,37.0,42.520410069124104
2017-02-23 17:00:00,Gucheng,9.0,38.066092655086564
2017-02-23 18:00:00,Gucheng,35.0,19.16812724646689
2017-02-23 19:00:00,Gucheng,34.0,45.54272310247146
2017-02-23 20:00:00,Gucheng,40.0,43.55176264451041
2017-02-23 21:00:00,Gucheng,41.0,46.139989156012376
2017-02-23 22:00:00,Gucheng,50.0,51.204088392952734
2017-02-23 23:00:00,Gucheng,46.0,57.890753714865156
2017-02-24 00:00:00,Gucheng,37.0,57.78028253106602
2017-02-24 01:00:00,Gucheng,42.0,43.269494924762256
2017-02-24 02:00:00,Gucheng,42.0,47.95494446606358
2017-02-24 03:00:00,Gucheng,41.0,48.238357816371234
2017-02-24 04:00:00,Gucheng,43.0,43.77875989033409
2017-02-24 05:00:00,Gucheng,25.0,46.48458667656134
2017-02-24 06:00:00,Gucheng,10.0,27.189970423865375
2017-02-24 07:00:00,Gucheng,18.0,21.780851243359386
2017-02-24 08:00:00,Gucheng,27.0,28.497834217196683
2017-02-24 09:00:00,Gucheng,25.0,33.946410905130485
2017-02-24 10:00:00,Gucheng,19.0,28.692075855781574
2017-02-24 11:00:00,Gucheng,21.0,22.721523302172212
2017-02-24 12:00:00,Gucheng,22.0,29.609349237462627
2017-02-24 13:00:00,Gucheng,26.0,30.502338895675045
2017-02-24 14:00:00,Gucheng,27.0,32.1737618161769
2017-02-24 15:00:00,Gucheng,17.0,37.22923085559323
2017-02-24 16:00:00,Gucheng,19.0,20.745829311027443
2017-02-24 17:00:00,Gucheng,21.0,24.398118910211412
2017-02-24 18:00:00,Gucheng,22.0,26.47539282803302
2017-02-24 19:00:00,Gucheng,24.0,25.157721870846856
2017-02-24 20:00:00,Gucheng,14.0,24.99057392478441
2017-02-24 21:00:00,Gucheng,14.0,15.523810812534753
2017-02-24 22:00:00,Gucheng,10.0,16.599327705402676
2017-02-24 23:00:00,Gucheng,8.0,13.534858140380916
2017-02-25 00:00:00,Gucheng,7.0,15.40377577540443
2017-02-25 01:00:00,Gucheng,5.0,17.16816486571448
2017-02-25 02:00:00,Gucheng,3.0,8.956167474066177
2017-02-25 03:00:00,Gucheng,4.0,8.994955560020017
2017-02-25 04:00:00,Gucheng,5.0,8.40357411212523
2017-02-25 05:00:00,Gucheng,3.0,14.240202487558497
2017-02-25 06:00:00,Gucheng,3.0,15.024397171091506
2017-02-25 07:00:00,Gucheng,7.0,18.285520928238064
2017-02-25 08:00:00,Gucheng,9.0,14.746207753699547
2017-02-25 09:00:00,Gucheng,8.0,13.849572536747017
2017-02-25 10:00:00,Gucheng,8.0,13.872956354821653
2017-02-25 11:00:00,Gucheng,7.0,15.94791072937523
2017-02-25 12:00:00,Gucheng,11.0,15.359756870692728
2017-02-25 13:00:00,Gucheng,14.0,16.520059441469613
2017-02-25 14:00:00,Gucheng,12.0,15.940137934418937
2017-02-25 15:00:00,Gucheng,10.0,15.49554188727984
2017-02-25 16:00:00,Gucheng,14.0,14.231539053009566
2017-02-25 17:00:00,Gucheng,11.0,19.60784331834822
2017-02-25 18:00:00,Gucheng,12.0,18.541109800395468
2017-02-25 19:00:00,Gucheng,14.0,17.20638098830552
2017-02-25 20:00:00,Gucheng,18.0,24.81457064204859
2017-02-25 21:00:00,Gucheng,19.0,23.82268104944039
2017-02-25 22:00:00,Gucheng,14.0,23.827878333013963
2017-02-25 23:00:00,Gucheng,13.0,17.751691431417548
2017-02-26 00:00:00,Gucheng,28.0,23.280468255152638
2017-02-26 01:00:00,Gucheng,30.0,32.051606285689466
2017-02-26 02:00:00,Gucheng,31.0,37.21868892657497
2017-02-26 03:00:00,Gucheng,29.0,41.43748008442812
2017-02-26 04:00:00,Gucheng,24.0,32.3859969570376
2017-02-26 05:00:00,Gucheng,22.0,26.069837839175282
2017-02-26 06:00:00,Gucheng,18.0,27.31605562287315
2017-02-26 07:00:00,Gucheng,22.0,21.534220217840147
2017-02-26 08:00:00,Gucheng,26.0,32.55627609877457
2017-02-26 09:00:00,Gucheng,30.0,34.92969983484796
2017-02-26 10:00:00,Gucheng,24.0,36.38041042628143
2017-02-26 11:00:00,Gucheng,24.0,28.813234647013257
2017-02-26 12:00:00,Gucheng,27.0,33.02630652445132
2017-02-26 13:00:00,Gucheng,31.0,35.92753574764949
2017-02-26 14:00:00,Gucheng,27.0,38.49040037692877
2017-02-26 15:00:00,Gucheng,33.0,35.67860912944955
2017-02-26 16:00:00,Gucheng,31.0,43.051009682542045
2017-02-26 17:00:00,Gucheng,33.0,41.0239595095827
2017-02-26 18:00:00,Gucheng,38.0,42.95043465441267
2017-02-26 19:00:00,Gucheng,46.0,50.79890276456378
2017-02-26 20:00:00,Gucheng,56.0,57.405365030686724
2017-02-26 21:00:00,Gucheng,60.0,62.979672873685814
2017-02-26 22:00:00,Gucheng,60.0,66.84401483767336
2017-02-26 23:00:00,Gucheng,53.0,66.28282320484989
2017-02-27 00:00:00,Gucheng,40.0,58.662390414952064
2017-02-27 01:00:00,Gucheng,38.0,43.47872750099914
2017-02-27 02:00:00,Gucheng,39.0,42.565269177871954
2017-02-27 03:00:00,Gucheng,41.0,42.100737465576344
2017-02-27 04:00:00,Gucheng,69.0,47.210002996488406
2017-02-27 05:00:00,Gucheng,68.0,73.59934732971783
2017-02-27 06:00:00,Gucheng,59.0,72.04509471341504
2017-02-27 07:00:00,Gucheng,67.0,64.33082970278976
2017-02-27 08:00:00,Gucheng,71.0,79.64417097051967
2017-02-27 09:00:00,Gucheng,73.0,72.03573703744016
2017-02-27 10:00:00,Gucheng,77.0,73.34092531469605
2017-02-27 11:00:00,Gucheng,80.0,83.21511698660649
2017-02-27 12:00:00,Gucheng,93.0,90.24691924931255
2017-02-27 13:00:00,Gucheng,96.0,94.88508638212558
2017-02-27 14:00:00,Gucheng,99.0,102.10577486731417
2017-02-27 15:00:00,Gucheng,68.0,99.47150083998983
2017-02-27 16:00:00,Gucheng,45.0,64.15519665732089
2017-02-27 17:00:00,Gucheng,48.0,45.85682295276099
2017-02-27 18:00:00,Gucheng,54.0,56.51365966259252
2017-02-27 19:00:00,Gucheng,57.0,66.86136425363186
2017-02-27 20:00:00,Gucheng,64.0,67.18703813833568
2017-02-27 21:00:00,Gucheng,75.0,74.24695837340172
2017-02-27 22:00:00,Gucheng,37.0,75.9595097407319
2017-02-27 23:00:00,Gucheng,34.0,38.05266112484645
2017-02-28 00:00:00,Gucheng,23.0,36.79644273274305
2017-02-28 01:00:00,Gucheng,22.0,31.269273120330762
2017-02-28 02:00:00,Gucheng,24.0,26.00458863972912
2017-02-28 03:00:00,Gucheng,16.0,26.371127580067782
2017-02-28 04:00:00,Gucheng,18.0,23.483386672380696
2017-02-28 05:00:00,Gucheng,15.0,26.03685139402602
2017-02-28 06:00:00,Gucheng,9.0,21.500187154204472
2017-02-28 07:00:00,Gucheng,6.0,19.50011521685644
2017-02-28 08:00:00,Gucheng,8.0,14.748356460370742
2017-02-28 09:00:00,Gucheng,5.0,8.104807971614166
2017-02-28 10:00:00,Gucheng,4.0,10.07946165597242
2017-02-28 11:00:00,Gucheng,5.0,5.593190762541714
2017-02-28 12:00:00,Gucheng,8.0,6.475765052207937
2017-02-28 13:00:00,Gucheng,3.0,6.753246718051052
2017-02-28 14:00:00,Gucheng,6.0,8.622528881877983
2017-02-28 15:00:00,Gucheng,15.0,5.619480061377021
2017-02-28 16:00:00,Gucheng,12.0,11.663225951699136
2017-02-28 17:00:00,Gucheng,12.0,10.960911776425002
2017-02-28 18:00:00,Gucheng,14.0,11.353062429122069
2017-02-28 19:00:00,Gucheng,27.0,13.9636412752007
2017-02-28 20:00:00,Gucheng,22.0,31.37077458602516
2017-02-28 21:00:00,Gucheng,9.0,20.34298506074817
2017-02-28 22:00:00,Gucheng,12.0,9.424428397708324
2017-01-01 00:00:00,Huairou,279.0,324.884358106551
2017-01-01 01:00:00,Huairou,226.0,256.557582586589
2017-01-01 02:00:00,Huairou,255.0,198.63975228476977
2017-01-01 03:00:00,Huairou,319.0,231.38975829192276
2017-01-01 04:00:00,Huairou,520.0,299.4836716635224
2017-01-01 05:00:00,Huairou,488.0,420.01312496157277
2017-01-01 06:00:00,Huairou,450.0,447.4920966101799
2017-01-01 07:00:00,Huairou,384.0,424.8125732430205
2017-01-01 08:00:00,Huairou,260.0,367.1974764453503
2017-01-01 09:00:00,Huairou,288.0,218.56421819918333
2017-01-01 10:00:00,Huairou,274.0,285.4608603646324
2017-01-01 11:00:00,Huairou,375.0,271.4701263418372
2017-01-01 12:00:00,Huairou,344.0,374.7667916482506
2017-01-01 13:00:00,Huairou,391.0,327.1669114506498
2017-01-01 14:00:00,Huairou,478.0,403.24189126280856
2017-01-01 15:00:00,Huairou,497.0,505.5074521362412
2017-01-01 16:00:00,Huairou,525.0,478.5414432017862
2017-01-01 17:00:00,Huairou,558.0,470.8178730808798
2017-01-01 18:00:00,Huairou,527.0,471.75622941030076
2017-01-01 19:00:00,Huairou,505.0,479.07848086699255
2017-01-01 20:00:00,Huairou,477.0,463.00344945982505
2017-01-01 21:00:00,Huairou,496.0,470.31968561031863
2017-01-01 22:00:00,Huairou,474.0,456.1863982609361
2017-01-01 23:00:00,Huairou,449.0,462.7976967155015
2017-01-02 00:00:00,Huairou,424.0,488.02778415943567
2017-01-02 01:00:00,Huairou,369.0,366.96820756743307
2017-01-02 02:00:00,Huairou,300.0,334.13866323856473
2017-01-02 03:00:00,Huairou,269.0,261.242671795229
2017-01-02 04:00:00,Huairou,293.0,231.69901247955065
2017-01-02 05:00:00,Huairou,197.0,261.65450376877334
2017-01-02 06:00:00,Huairou,122.0,157.778801397025
2017-01-02 07:00:00,Huairou,129.0,109.07931363798183
2017-01-02 08:00:00,Huairou,101.0,133.22505662743245
2017-01-02 09:00:00,Huairou,59.0,101.21691269082072
2017-01-02 10:00:00,Huairou,53.0,58.805503305318936
2017-01-02 11:00:00,Huairou,29.0,58.07715624698512
2017-01-02 12:00:00,Huairou,13.0,29.628513768578127
2017-01-02 13:00:00,Huairou,13.0,17.980943332969822
2017-01-02 14:00:00,Huairou,12.0,21.26726029240674
2017-01-02 15:00:00,Huairou,26.0,21.444861416975222
2017-01-02 16:00:00,Huairou,113.0,40.44593278066754
2017-01-02 17:00:00,Huairou,194.0,152.56969996931434
2017-01-02 18:00:00,Huairou,262.0,235.88234025185452
2017-01-02 19:00:00,Huairou,269.0,285.3239091836314
2017-01-02 20:00:00,Huairou,307.0,264.08132637051443
2017-01-02 21:00:00,Huairou,255.0,295.49096178619374
2017-01-02 22:00:00,Huairou,210.0,222.426407073181
2017-01-02 23:00:00,Huairou,179.0,152.36864445078848
2017-01-03 00:00:00,Huairou,160.0,160.3963788880351
2017-01-03 01:00:00,Huairou,156.0,160.67086704510365
2017-01-03 02:00:00,Huairou,153.0,153.58698329084518
2017-01-03 03:00:00,Huairou,151.0,154.95071314180277
2017-01-03 04:00:00,Huairou,148.0,159.1924892293736
2017-01-03 05:00:00,Huairou,144.0,147.29056641896602
2017-01-03 06:00:00,Huairou,144.0,141.5366505839023
2017-01-03 07:00:00,Huairou,148.0,144.8881958077578
2017-01-03 08:00:00,Huairou,151.0,140.4276122219474
2017-01-03 09:00:00,Huairou,153.0,162.64288162461938
2017-01-03 10:00:00,Huairou,127.0,163.84478026795497
2017-01-03 11:00:00,Huairou,127.0,126.5245574377452
2017-01-03 12:00:00,Huairou,120.0,134.955056809785
2017-01-03 13:00:00,Huairou,113.0,122.44636218329622
2017-01-03 14:00:00,Huairou,109.0,118.00020514557109
2017-01-03 15:00:00,Huairou,108.0,114.20467867497355
2017-01-03 16:00:00,Huairou,106.0,111.49904640193778
2017-01-03 17:00:00,Huairou,120.0,118.90357540832262
2017-01-03 18:00:00,Huairou,182.0,133.8789420447767
2017-01-03 19:00:00,Huairou,262.0,204.15941119987397
2017-01-03 20:00:00,Huairou,319.0,283.9477476909864
2017-01-03 21:00:00,Huairou,295.0,315.78778924326883
2017-01-03 22:00:00,Huairou,226.0,306.1411384328506
2017-01-03 23:00:00,Huairou,253.0,206.99395760714583
2017-01-04 00:00:00,Huairou,269.0,244.6086388667932
2017-01-04 01:00:00,Huairou,222.0,248.67379634715127
2017-01-04 02:00:00,Huairou,147.0,196.10994836590788
2017-01-04 03:00:00,Huairou,125.0,109.0769686245022
2017-01-04 04:00:00,Huairou,118.0,120.52018618051468
2017-01-04 05:00:00,Huairou,97.0,119.21105634497503
2017-01-04 06:00:00,Huairou,91.0,91.33774933090493
2017-01-04 07:00:00,Huairou,84.0,89.91220467968569
2017-01-04 08:00:00,Huairou,75.0,83.38033294359613
2017-01-04 09:00:00,Huairou,57.0,79.84813137003009
2017-01-04 10:00:00,Huairou,58.0,64.08655188884765
2017-01-04 11:00:00,Huairou,48.0,62.157478246851696
2017-01-04 12:00:00,Huairou,62.0,55.576254414526666
2017-01-04 13:00:00,Huairou,162.0,67.88780249076113
2017-01-04 14:00:00,Huairou,222.0,171.21853928055293
2017-01-04 15:00:00,Huairou,228.0,232.5703821313025
2017-01-04 16:00:00,Huairou,246.0,229.59600130117644
2017-01-04 17:00:00,Huairou,253.0,265.0400870528103
2017-01-04 18:00:00,Huairou,267.0,262.96519101768627
2017-01-04 19:00:00,Huairou,290.0,280.17467982591825
2017-01-04 20:00:00,Huairou,381.0,295.1349166979335
2017-01-04 21:00:00,Huairou,393.0,444.83214863948376
2017-01-04 22:00:00,Huairou,345.0,431.7332146137034
2017-01-04 23:00:00,Huairou,318.0,363.92501953506246
2017-01-05 00:00:00,Huairou,330.0,325.5933684672996
2017-01-05 01:00:00,Huairou,305.0,302.6061937796647
2017-01-05 02:00:00,Huairou,247.0,299.4919250480929
2017-01-05 03:00:00,Huairou,249.0,240.8907716686079
2017-01-05 04:00:00,Huairou,295.0,250.66945715587715
2017-01-05 05:00:00,Huairou,336.0,310.2433311802409
2017-01-05 06:00:00,Huairou,296.0,341.03504762948
2017-01-05 07:00:00,Huairou,270.0,306.4027810455976
2017-01-05 08:00:00,Huairou,327.0,268.58298193758077
2017-01-05 09:00:00,Huairou,331.0,360.0533661567178
2017-01-05 10:00:00,Huairou,309.0,344.5645015364203
2017-01-05 11:00:00,Huairou,314.0,328.5216767757927
2017-01-05 12:00:00,Huairou,326.0,335.0583381761874
2017-01-05 13:00:00,Huairou,268.0,348.87649762036034
2017-01-05 14:00:00,Huairou,138.0,257.4436865679411
2017-01-05 15:00:00,Huairou,3.0,116.00899837831072
2017-01-05 16:00:00,Huairou,3.0,32.12950121972647
2017-01-05 17:00:00,Huairou,29.0,30.94569200466199
2017-01-05 18:00:00,Huairou,75.0,44.66228189386921
2017-01-05 20:00:00,Huairou,95.0,82.94966620442638
2017-01-05 21:00:00,Huairou,185.0,149.33635449383038
2017-01-05 22:00:00,Huairou,135.0,191.69978764489474
2017-01-05 23:00:00,Huairou,109.0,122.42910754101271
2017-01-06 00:00:00,Huairou,110.0,107.61606720387296
2017-01-06 01:00:00,Huairou,116.0,120.23415315468826
2017-01-06 02:00:00,Huairou,137.0,124.84966259549932
2017-01-06 03:00:00,Huairou,126.0,138.93336082999738
2017-01-06 04:00:00,Huairou,126.0,123.32556488455754
2017-01-06 05:00:00,Huairou,130.0,122.46239201355719
2017-01-06 06:00:00,Huairou,130.0,128.1869151045437
2017-01-06 07:00:00,Huairou,119.0,131.65121625655095
2017-01-06 08:00:00,Huairou,129.0,123.51910727351998
2017-01-06 09:00:00,Huairou,146.0,143.5052452674073
2017-01-06 10:00:00,Huairou,148.0,160.3864352739277
2017-01-06 11:00:00,Huairou,148.0,162.40129165520466
2017-01-06 12:00:00,Huairou,151.0,160.2066748627869
2017-01-06 13:00:00,Huairou,171.0,171.86201609369604
2017-01-06 14:00:00,Huairou,186.0,187.44043362053225
2017-01-06 15:00:00,Huairou,180.0,196.0595215462704
2017-01-06 16:00:00,Huairou,184.0,179.04004602251933
2017-01-06 17:00:00,Huairou,198.0,191.51502902171788
2017-01-06 18:00:00,Huairou,231.0,206.94988876897958
2017-01-06 19:00:00,Huairou,207.0,235.82690596078723
2017-01-06 20:00:00,Huairou,200.0,203.04961003717523
2017-01-06 21:00:00,Huairou,200.0,198.14800278784134
2017-01-06 22:00:00,Huairou,185.0,199.23157019415007
2017-01-06 23:00:00,Huairou,184.0,186.0845031241853
2017-01-07 00:00:00,Huairou,180.0,180.0409137524445
2017-01-07 01:00:00,Huairou,165.0,179.63828636544378
2017-01-07 02:00:00,Huairou,167.0,167.0488548008505
2017-01-07 03:00:00,Huairou,170.0,166.5403552971169
2017-01-07 04:00:00,Huairou,171.0,174.68592279412465
2017-01-07 05:00:00,Huairou,149.0,169.4215993896017
2017-01-07 06:00:00,Huairou,138.0,155.5295331429693
2017-01-07 07:00:00,Huairou,135.0,144.63543877652518
2017-01-07 08:00:00,Huairou,139.0,146.27812540856127
2017-01-07 09:00:00,Huairou,143.0,152.08078026769445
2017-01-07 10:00:00,Huairou,135.0,158.00905813825017
2017-01-07 11:00:00,Huairou,132.0,154.41873168917058
2017-01-07 12:00:00,Huairou,131.0,153.29007466261186
2017-01-07 13:00:00,Huairou,123.0,151.30243503948552
2017-01-07 14:00:00,Huairou,130.0,144.32568976168673
2017-01-07 15:00:00,Huairou,129.0,152.63320311870692
2017-01-07 16:00:00,Huairou,126.0,147.5198280991002
2017-01-07 17:00:00,Huairou,118.0,146.87387212338663
2017-01-07 18:00:00,Huairou,126.0,140.97134113475298
2017-01-07 19:00:00,Huairou,139.0,150.54037018055166
2017-01-07 20:00:00,Huairou,126.0,154.66036311664016
2017-01-07 21:00:00,Huairou,133.0,141.18937968579291
2017-01-07 22:00:00,Huairou,139.0,150.77232466700906
2017-01-07 23:00:00,Huairou,148.0,154.25528365264364
2017-01-08 00:00:00,Huairou,138.0,160.38324554606183
2017-01-08 01:00:00,Huairou,128.0,153.21878013241982
2017-01-08 02:00:00,Huairou,132.0,142.24712391474068
2017-01-08 03:00:00,Huairou,38.0,145.5150874445567
2017-01-08 04:00:00,Huairou,24.0,50.45990652933978
2017-01-08 05:00:00,Huairou,19.0,43.61975704320278
2017-01-08 06:00:00,Huairou,17.0,32.24612269035708
2017-01-08 07:00:00,Huairou,22.0,27.04165879877947
2017-01-08 08:00:00,Huairou,24.0,23.748419190275143
2017-01-08 09:00:00,Huairou,24.0,29.08855825447919
2017-01-08 10:00:00,Huairou,28.0,30.931111110991296
2017-01-08 11:00:00,Huairou,37.0,35.89333490668923
2017-01-08 12:00:00,Huairou,33.0,45.4825842166724
2017-01-08 13:00:00,Huairou,25.0,40.87608237926941
2017-01-08 14:00:00,Huairou,31.0,30.302874968258923
2017-01-08 15:00:00,Huairou,32.0,34.57237032493809
2017-01-08 16:00:00,Huairou,37.0,39.14130777801213
2017-01-08 17:00:00,Huairou,43.0,46.34808644762457
2017-01-08 18:00:00,Huairou,36.0,54.11317275301792
2017-01-08 19:00:00,Huairou,14.0,45.4497864965513
2017-01-08 20:00:00,Huairou,9.0,25.34112016223181
2017-01-08 21:00:00,Huairou,7.0,13.138089824983885
2017-01-08 22:00:00,Huairou,3.0,18.85894874064199
2017-01-08 23:00:00,Huairou,7.0,12.714396486736574
2017-01-09 00:00:00,Huairou,4.0,11.539599195766437
2017-01-09 01:00:00,Huairou,7.0,8.527661279146773
2017-01-09 02:00:00,Huairou,5.0,8.424120682455511
2017-01-09 03:00:00,Huairou,7.0,6.876913253407598
2017-01-09 04:00:00,Huairou,8.0,7.936833875567167
2017-01-09 05:00:00,Huairou,9.0,9.171606452374466
2017-01-09 06:00:00,Huairou,15.0,9.0395919733735
2017-01-09 07:00:00,Huairou,18.0,15.35443968721018
2017-01-09 08:00:00,Huairou,18.0,22.83731839746487
2017-01-09 09:00:00,Huairou,16.0,23.92804147604623
2017-01-09 10:00:00,Huairou,11.0,21.674122063523523
2017-01-09 11:00:00,Huairou,11.0,18.496395411545826
2017-01-09 12:00:00,Huairou,14.0,17.58236436609919
2017-01-09 13:00:00,Huairou,8.0,22.745060800345712
2017-01-09 14:00:00,Huairou,13.0,9.023937376573521
2017-01-09 15:00:00,Huairou,14.0,16.353169158785388
2017-01-09 16:00:00,Huairou,21.0,18.989569201276495
2017-01-09 17:00:00,Huairou,41.0,34.33877372230833
2017-01-09 18:00:00,Huairou,50.0,56.13286526069444
2017-01-09 19:00:00,Huairou,51.0,56.241807216106366
2017-01-09 20:00:00,Huairou,51.0,62.81292634967245
2017-01-09 21:00:00,Huairou,46.0,52.108766132657536
2017-01-09 22:00:00,Huairou,50.0,48.59495785908971
2017-01-09 23:00:00,Huairou,27.0,50.422975962163356
2017-01-10 00:00:00,Huairou,7.0,32.40651861366968
2017-01-10 01:00:00,Huairou,3.0,8.613024222314
2017-01-10 02:00:00,Huairou,4.0,6.558258611152575
2017-01-10 03:00:00,Huairou,5.0,6.68542409673263
2017-01-10 04:00:00,Huairou,3.0,6.629167635707356
2017-01-10 05:00:00,Huairou,5.0,6.5399075701074505
2017-01-10 06:00:00,Huairou,5.0,7.417172705333532
2017-01-10 07:00:00,Huairou,11.0,7.962896012164571
2017-01-10 08:00:00,Huairou,9.0,28.60514828920024
2017-01-10 09:00:00,Huairou,5.0,10.955232226528196
2017-01-10 10:00:00,Huairou,8.0,12.66073718881698
2017-01-10 11:00:00,Huairou,6.0,8.233208041857667
2017-01-10 12:00:00,Huairou,6.0,11.411115692862078
2017-01-10 13:00:00,Huairou,4.0,5.193343961143535
2017-01-10 14:00:00,Huairou,5.0,5.540193865565659
2017-01-10 15:00:00,Huairou,4.0,5.4075643279484735
2017-01-10 16:00:00,Huairou,5.0,5.636866426481917
2017-01-10 17:00:00,Huairou,6.0,5.785542285024578
2017-01-10 18:00:00,Huairou,9.0,26.511944981460005
2017-01-10 19:00:00,Huairou,7.0,10.031049753166235
2017-01-10 20:00:00,Huairou,13.0,11.289070953962062
2017-01-10 21:00:00,Huairou,18.0,11.90843447378847
2017-01-10 22:00:00,Huairou,9.0,21.553224800044678
2017-01-10 23:00:00,Huairou,7.0,11.21663671439694
2017-01-11 00:00:00,Huairou,9.0,12.227863538811304
2017-01-11 01:00:00,Huairou,12.0,10.4617012170045
2017-01-11 02:00:00,Huairou,10.0,11.74227810031525
2017-01-11 03:00:00,Huairou,11.0,10.574610243767312
2017-01-11 04:00:00,Huairou,8.0,13.800369453911744
2017-01-11 05:00:00,Huairou,11.0,11.999809906149872
2017-01-11 06:00:00,Huairou,13.0,11.790133153503733
2017-01-11 07:00:00,Huairou,16.0,16.72069504264966
2017-01-11 08:00:00,Huairou,21.0,16.342136445461346
2017-01-11 09:00:00,Huairou,29.0,27.318691231993043
2017-01-11 10:00:00,Huairou,33.0,34.268296445962285
2017-01-11 11:00:00,Huairou,34.0,35.73983144809573
2017-01-11 12:00:00,Huairou,48.0,46.99314914248113
2017-01-11 13:00:00,Huairou,50.0,60.48962803463566
2017-01-11 14:00:00,Huairou,28.0,60.63015916063634
2017-01-11 15:00:00,Huairou,24.0,30.81066428725869
2017-01-11 16:00:00,Huairou,23.0,22.421263488858266
2017-01-11 17:00:00,Huairou,35.0,24.713182720204408
2017-01-11 18:00:00,Huairou,54.0,51.200474534520936
2017-01-11 19:00:00,Huairou,57.0,74.21541333153819
2017-01-11 20:00:00,Huairou,53.0,73.27325502542399
2017-01-11 21:00:00,Huairou,26.0,58.41711272955739
2017-01-11 22:00:00,Huairou,16.0,25.54125041081377
2017-01-11 23:00:00,Huairou,30.0,14.71405909623852
2017-01-12 00:00:00,Huairou,25.0,29.824864421888183
2017-01-12 01:00:00,Huairou,14.0,25.664607890086604
2017-01-12 02:00:00,Huairou,26.0,16.19520107537674
2017-01-12 03:00:00,Huairou,19.0,25.524302915048334
2017-01-12 04:00:00,Huairou,12.0,18.97951848193398
2017-01-12 05:00:00,Huairou,22.0,16.98107540908127
2017-01-12 06:00:00,Huairou,17.0,23.429912639868306
2017-01-12 07:00:00,Huairou,27.0,22.355797445335213
2017-01-12 08:00:00,Huairou,39.0,30.29703823615572
2017-01-12 09:00:00,Huairou,34.0,46.49140784869544
2017-01-12 10:00:00,Huairou,39.0,44.25904255202489
2017-01-12 11:00:00,Huairou,19.0,51.950955243218374
2017-01-12 12:00:00,Huairou,18.0,24.44315012158632
2017-01-12 13:00:00,Huairou,15.0,21.532419110825455
2017-01-12 14:00:00,Huairou,22.0,18.57700528803687
2017-01-12 15:00:00,Huairou,15.0,19.63787993433509
2017-01-12 16:00:00,Huairou,23.0,19.989074489771607
2017-01-12 17:00:00,Huairou,23.0,21.90434123222311
2017-01-12 18:00:00,Huairou,28.0,23.841216263628837
2017-01-12 19:00:00,Huairou,12.0,28.03131415668539
2017-01-12 20:00:00,Huairou,14.0,10.63812479453586
2017-01-12 21:00:00,Huairou,15.0,12.374022351743484
2017-01-12 22:00:00,Huairou,18.0,13.44837203948627
2017-01-12 23:00:00,Huairou,16.0,15.648633699823757
2017-01-13 00:00:00,Huairou,15.0,13.840926134357499
2017-01-13 01:00:00,Huairou,15.0,14.091903860408562
2017-01-13 02:00:00,Huairou,12.0,17.599686628156213
2017-01-13 03:00:00,Huairou,11.0,11.937722249337437
2017-01-13 04:00:00,Huairou,15.0,10.589692916154409
2017-01-13 05:00:00,Huairou,12.0,12.211180816828026
2017-01-13 06:00:00,Huairou,18.0,16.166420816195128
2017-01-13 07:00:00,Huairou,11.0,18.349354862554815
2017-01-13 08:00:00,Huairou,21.0,12.674620692707176
2017-01-13 09:00:00,Huairou,7.0,24.713356757182197
2017-01-13 10:00:00,Huairou,5.0,14.234491811749427
2017-01-13 11:00:00,Huairou,12.0,11.447172203223486
2017-01-13 12:00:00,Huairou,13.0,15.09970863139012
2017-01-13 13:00:00,Huairou,13.0,15.815072734876921
2017-01-13 14:00:00,Huairou,13.0,16.106547895768628
2017-01-13 15:00:00,Huairou,12.0,17.915012084333707
2017-01-13 16:00:00,Huairou,16.0,17.119823864916615
2017-01-13 17:00:00,Huairou,14.0,22.749777322685418
2017-01-13 18:00:00,Huairou,13.0,23.89996858715941
2017-01-13 19:00:00,Huairou,8.0,18.770939045640972
2017-01-13 20:00:00,Huairou,2.0,8.688278810379012
2017-01-13 21:00:00,Huairou,3.0,6.592594372445651
2017-01-13 22:00:00,Huairou,13.0,11.154232741282842
2017-01-13 23:00:00,Huairou,16.0,14.50118388488862
2017-01-14 00:00:00,Huairou,15.0,14.042265356466373
2017-01-14 01:00:00,Huairou,21.0,14.311250454505076
2017-01-14 02:00:00,Huairou,21.0,21.3173429428774
2017-01-14 03:00:00,Huairou,12.0,20.139166601858857
2017-01-14 04:00:00,Huairou,6.0,11.912020710806917
2017-01-14 05:00:00,Huairou,10.0,9.44187853291438
2017-01-14 06:00:00,Huairou,16.0,10.076007722834294
2017-01-14 07:00:00,Huairou,10.0,19.097798600688286
2017-01-14 08:00:00,Huairou,16.0,15.680004505996095
2017-01-14 09:00:00,Huairou,11.0,20.691389696745265
2017-01-14 10:00:00,Huairou,18.0,10.702127586922648
2017-01-14 11:00:00,Huairou,10.0,20.22894905901406
2017-01-14 12:00:00,Huairou,12.0,14.850560793881922
2017-01-14 13:00:00,Huairou,11.0,14.685052500205337
2017-01-14 14:00:00,Huairou,14.0,15.057524152585396
2017-01-14 15:00:00,Huairou,4.0,16.44763349131276
2017-01-14 16:00:00,Huairou,6.0,9.52519333878321
2017-01-14 17:00:00,Huairou,27.0,13.719284978960744
2017-01-14 18:00:00,Huairou,58.0,38.861810695340196
2017-01-14 19:00:00,Huairou,55.0,69.58954585852715
2017-01-14 20:00:00,Huairou,58.0,60.10667215845158
2017-01-14 21:00:00,Huairou,70.0,63.9535417420045
2017-01-14 22:00:00,Huairou,55.0,76.70540239370204
2017-01-14 23:00:00,Huairou,51.0,56.12854840376576
2017-01-15 00:00:00,Huairou,59.0,58.14623427815187
2017-01-15 01:00:00,Huairou,45.0,59.902003208419835
2017-01-15 02:00:00,Huairou,46.0,46.305853150781566
2017-01-15 03:00:00,Huairou,47.0,50.3576297309352
2017-01-15 04:00:00,Huairou,38.0,48.52178740705985
2017-01-15 05:00:00,Huairou,44.0,40.889651294188894
2017-01-15 06:00:00,Huairou,47.0,46.12605955360813
2017-01-15 07:00:00,Huairou,52.0,56.58655959698219
2017-01-15 08:00:00,Huairou,55.0,62.295808787725235
2017-01-15 09:00:00,Huairou,79.0,64.37816999635459
2017-01-15 10:00:00,Huairou,77.0,89.82220382304827
2017-01-15 11:00:00,Huairou,69.0,86.5889541372917
2017-01-15 12:00:00,Huairou,82.0,76.43811052603564
2017-01-15 13:00:00,Huairou,67.0,88.26879703628462
2017-01-15 14:00:00,Huairou,63.0,72.6684565808812
2017-01-15 15:00:00,Huairou,73.0,67.70169124891235
2017-01-15 16:00:00,Huairou,79.0,82.53945690178607
2017-01-15 17:00:00,Huairou,80.0,91.43682731828643
2017-01-15 18:00:00,Huairou,78.0,92.88758830620003
2017-01-15 19:00:00,Huairou,92.0,88.66414630907751
2017-01-15 20:00:00,Huairou,93.0,100.81797969959099
2017-01-15 21:00:00,Huairou,100.0,97.61290629607211
2017-01-15 22:00:00,Huairou,94.0,104.3666722324129
2017-01-15 23:00:00,Huairou,85.0,98.30793368138708
2017-01-16 00:00:00,Huairou,82.0,89.15231970411557
2017-01-16 01:00:00,Huairou,86.0,86.80583071283608
2017-01-16 02:00:00,Huairou,81.0,91.01944256392107
2017-01-16 03:00:00,Huairou,86.0,80.62829033810425
2017-01-16 04:00:00,Huairou,87.0,83.77824703258491
2017-01-16 05:00:00,Huairou,93.0,84.28824259820107
2017-01-16 06:00:00,Huairou,94.0,99.02110043925676
2017-01-16 07:00:00,Huairou,88.0,100.6164720663595
2017-01-16 08:00:00,Huairou,100.0,92.94152277706019
2017-01-16 09:00:00,Huairou,95.0,109.08314398698919
2017-01-16 10:00:00,Huairou,90.0,107.22193767293992
2017-01-16 11:00:00,Huairou,3.0,97.38765405267908
2017-01-16 12:00:00,Huairou,35.0,37.44955886137914
2017-01-16 13:00:00,Huairou,84.0,41.83308138838075
2017-01-16 14:00:00,Huairou,92.0,93.83809296803267
2017-01-16 15:00:00,Huairou,101.0,101.69751054913958
2017-01-16 16:00:00,Huairou,106.0,111.84813266514185
2017-01-16 17:00:00,Huairou,115.0,115.29806685627925
2017-01-16 18:00:00,Huairou,133.0,124.28574167574702
2017-01-16 19:00:00,Huairou,125.0,140.29955836424952
2017-01-16 20:00:00,Huairou,119.0,124.66225801646698
2017-01-16 21:00:00,Huairou,124.0,123.43060188029865
2017-01-16 22:00:00,Huairou,125.0,130.57424412195587
2017-01-16 23:00:00,Huairou,109.0,128.74582298686303
2017-01-17 00:00:00,Huairou,109.0,107.24068804954891
2017-01-17 01:00:00,Huairou,115.0,112.95383707119576
2017-01-17 02:00:00,Huairou,108.0,118.33329625348591
2017-01-17 03:00:00,Huairou,109.0,108.83870624058017
2017-01-17 04:00:00,Huairou,109.0,107.09463865959943
2017-01-17 05:00:00,Huairou,108.0,108.30145802052564
2017-01-17 06:00:00,Huairou,102.0,103.24804993507222
2017-01-17 07:00:00,Huairou,110.0,102.08045272767018
2017-01-17 08:00:00,Huairou,107.0,117.06462045787445
2017-01-17 09:00:00,Huairou,119.0,114.52461454036843
2017-01-17 10:00:00,Huairou,132.0,130.2345606852749
2017-01-17 11:00:00,Huairou,130.0,141.4374608545201
2017-01-17 12:00:00,Huairou,129.0,139.47553943812477
2017-01-17 13:00:00,Huairou,126.0,140.69021858037019
2017-01-17 14:00:00,Huairou,128.0,135.9218634249407
2017-01-17 15:00:00,Huairou,136.0,139.40086499623152
2017-01-17 16:00:00,Huairou,142.0,142.007779423114
2017-01-17 17:00:00,Huairou,159.0,152.99212881722542
2017-01-17 18:00:00,Huairou,171.0,172.3229437452516
2017-01-17 19:00:00,Huairou,166.0,183.0435137406132
2017-01-17 20:00:00,Huairou,169.0,149.81297637092467
2017-01-17 21:00:00,Huairou,154.0,172.68523353319526
2017-01-17 22:00:00,Huairou,134.0,155.96940088776077
2017-01-17 23:00:00,Huairou,97.0,130.2440608405276
2017-01-18 00:00:00,Huairou,99.0,86.37059218688965
2017-01-18 01:00:00,Huairou,73.0,92.48763943520501
2017-01-18 02:00:00,Huairou,36.0,67.5062649080855
2017-01-18 03:00:00,Huairou,19.0,31.52477165381008
2017-01-18 04:00:00,Huairou,33.0,17.029795188370137
2017-01-18 05:00:00,Huairou,44.0,31.16400043702312
2017-01-18 06:00:00,Huairou,28.0,42.049626076583245
2017-01-18 07:00:00,Huairou,23.0,30.510616516092405
2017-01-18 08:00:00,Huairou,29.0,22.64713288111988
2017-01-18 09:00:00,Huairou,24.0,34.19707895304198
2017-01-18 10:00:00,Huairou,18.0,26.974646823989616
2017-01-18 11:00:00,Huairou,15.0,20.975815594394913
2017-01-18 12:00:00,Huairou,15.0,18.682772005641553
2017-01-18 13:00:00,Huairou,15.0,18.969334221177796
2017-01-18 14:00:00,Huairou,11.0,18.435518673152796
2017-01-18 15:00:00,Huairou,12.0,16.919582335214553
2017-01-18 16:00:00,Huairou,14.0,14.447612677595178
2017-01-18 17:00:00,Huairou,15.0,17.538409441356247
2017-01-18 18:00:00,Huairou,34.0,19.9384100394609
2017-01-18 19:00:00,Huairou,43.0,37.44251510650699
2017-01-18 20:00:00,Huairou,40.0,47.12896813618077
2017-01-18 21:00:00,Huairou,44.0,39.577386444166876
2017-01-18 22:00:00,Huairou,37.0,46.026754707276815
2017-01-18 23:00:00,Huairou,34.0,37.38099364309645
2017-01-19 00:00:00,Huairou,40.0,34.77913074259776
2017-01-19 01:00:00,Huairou,48.0,41.036939812017444
2017-01-19 02:00:00,Huairou,48.0,47.362121687659595
2017-01-19 03:00:00,Huairou,52.0,66.68987839143301
2017-01-19 04:00:00,Huairou,61.0,72.51083183004647
2017-01-19 05:00:00,Huairou,57.0,82.6860641558659
2017-01-19 06:00:00,Huairou,72.0,78.03160063274615
2017-01-19 07:00:00,Huairou,83.0,94.8270285396658
2017-01-19 08:00:00,Huairou,84.0,104.37992334718756
2017-01-19 09:00:00,Huairou,88.0,91.31057875936331
2017-01-19 10:00:00,Huairou,30.0,97.17230515739423
2017-01-19 11:00:00,Huairou,4.0,20.737751982336242
2017-01-19 12:00:00,Huairou,8.0,6.621705161877902
2017-01-19 13:00:00,Huairou,9.0,7.162383134868752
2017-01-19 14:00:00,Huairou,8.0,8.0352933157402
2017-01-19 15:00:00,Huairou,3.0,7.428325059161334
2017-01-19 16:00:00,Huairou,5.0,7.074068974790519
2017-01-19 17:00:00,Huairou,7.0,7.279810911823582
2017-01-19 18:00:00,Huairou,10.0,8.366233572065019
2017-01-19 19:00:00,Huairou,5.0,8.036765853260626
2017-01-19 20:00:00,Huairou,8.0,5.391852585936759
2017-01-19 21:00:00,Huairou,9.0,5.8003588041244605
2017-01-19 22:00:00,Huairou,6.0,6.641760413276233
2017-01-19 23:00:00,Huairou,5.0,5.967731704185908
2017-01-20 00:00:00,Huairou,10.0,5.672089841796928
2017-01-20 01:00:00,Huairou,10.0,6.8664229040290365
2017-01-20 02:00:00,Huairou,9.0,12.46347575909318
2017-01-20 03:00:00,Huairou,7.0,6.706755249931213
2017-01-20 04:00:00,Huairou,9.0,11.115306019231129
2017-01-20 05:00:00,Huairou,8.0,8.44332619942421
2017-01-20 06:00:00,Huairou,10.0,8.59070070612176
2017-01-20 07:00:00,Huairou,12.0,9.027800866346226
2017-01-20 08:00:00,Huairou,14.0,15.946265109288943
2017-01-20 09:00:00,Huairou,14.0,17.85888435517305
2017-01-20 10:00:00,Huairou,7.0,15.534035547214332
2017-01-20 11:00:00,Huairou,9.0,10.077160052151653
2017-01-20 12:00:00,Huairou,11.0,6.851317649532623
2017-01-20 13:00:00,Huairou,11.0,8.411520286737234
2017-01-20 14:00:00,Huairou,10.0,14.364505018997436
2017-01-20 15:00:00,Huairou,11.0,10.216483288343236
2017-01-20 16:00:00,Huairou,15.0,11.581865407818974
2017-01-20 17:00:00,Huairou,21.0,16.24245407506593
2017-01-20 18:00:00,Huairou,28.0,25.40721501990257
2017-01-20 19:00:00,Huairou,39.0,33.13485054670093
2017-01-20 20:00:00,Huairou,32.0,44.754095575956185
2017-01-20 21:00:00,Huairou,37.0,34.108605003068554
2017-01-20 22:00:00,Huairou,40.0,36.83539316002117
2017-01-20 23:00:00,Huairou,26.0,40.02608989928027
2017-01-21 00:00:00,Huairou,26.0,23.598724206729
2017-01-21 01:00:00,Huairou,29.0,23.851584110750697
2017-01-21 02:00:00,Huairou,30.0,28.565593220802988
2017-01-21 03:00:00,Huairou,33.0,29.971650064427106
2017-01-21 04:00:00,Huairou,31.0,34.99680946848053
2017-01-21 05:00:00,Huairou,44.0,28.861354691665582
2017-01-21 06:00:00,Huairou,54.0,47.30579915993118
2017-01-21 07:00:00,Huairou,43.0,59.89205397050914
2017-01-21 08:00:00,Huairou,12.0,43.13038690156
2017-01-21 09:00:00,Huairou,3.0,11.911115719140584
2017-01-21 10:00:00,Huairou,4.0,8.39279925922572
2017-01-21 11:00:00,Huairou,7.0,11.15816235104563
2017-01-21 12:00:00,Huairou,4.0,8.360371112880857
2017-01-21 13:00:00,Huairou,4.0,7.353702373462529
2017-01-21 14:00:00,Huairou,4.0,7.212072450776842
2017-01-21 15:00:00,Huairou,6.0,7.665574531692184
2017-01-21 16:00:00,Huairou,5.0,7.699927468045667
2017-01-21 17:00:00,Huairou,9.0,7.862747587358795
2017-01-21 18:00:00,Huairou,5.0,9.943551066193692
2017-01-21 19:00:00,Huairou,6.0,6.0108744509495935
2017-01-21 20:00:00,Huairou,8.0,4.996641164262442
2017-01-21 21:00:00,Huairou,5.0,7.234700427140547
2017-01-21 22:00:00,Huairou,12.0,5.938341153144676
2017-01-21 23:00:00,Huairou,13.0,8.847272879367031
2017-01-22 00:00:00,Huairou,13.0,12.450471526544812
2017-01-22 01:00:00,Huairou,13.0,12.222218546427525
2017-01-22 02:00:00,Huairou,12.0,12.075525295958498
2017-01-22 03:00:00,Huairou,11.0,11.52210272295059
2017-01-22 04:00:00,Huairou,10.0,13.8802674147938
2017-01-22 05:00:00,Huairou,9.0,9.794001235637225
2017-01-22 06:00:00,Huairou,10.0,12.805924656236579
2017-01-22 07:00:00,Huairou,7.0,10.382601709896239
2017-01-22 08:00:00,Huairou,12.0,12.903536347799728
2017-01-22 09:00:00,Huairou,12.0,10.842433369440545
2017-01-22 10:00:00,Huairou,8.0,10.139688820511772
2017-01-22 11:00:00,Huairou,7.0,7.6599723388530565
2017-01-22 12:00:00,Huairou,9.0,6.763701327286456
2017-01-22 13:00:00,Huairou,8.0,12.378418203235718
2017-01-22 14:00:00,Huairou,8.0,11.734522797457005
2017-01-22 15:00:00,Huairou,9.0,12.174892443134178
2017-01-22 16:00:00,Huairou,12.0,12.821383678407626
2017-01-22 17:00:00,Huairou,10.0,14.075222393859853
2017-01-22 18:00:00,Huairou,19.0,13.07923593817672
2017-01-22 19:00:00,Huairou,29.0,18.48130810185823
2017-01-22 20:00:00,Huairou,33.0,26.613573334203608
2017-01-22 21:00:00,Huairou,31.0,28.64798149327476
2017-01-22 22:00:00,Huairou,19.0,25.83890935489542
2017-01-22 23:00:00,Huairou,16.0,15.751170429760615
2017-01-23 00:00:00,Huairou,15.0,14.062599619582548
2017-01-23 01:00:00,Huairou,16.0,13.125022384814068
2017-01-23 02:00:00,Huairou,16.0,14.572252120021421
2017-01-23 03:00:00,Huairou,19.0,15.817812764868073
2017-01-23 04:00:00,Huairou,16.0,17.835261300007772
2017-01-23 05:00:00,Huairou,15.0,16.01907593455196
2017-01-23 06:00:00,Huairou,19.0,15.321618002274459
2017-01-23 07:00:00,Huairou,21.0,19.03081892736877
2017-01-23 08:00:00,Huairou,23.0,22.09344734201105
2017-01-23 09:00:00,Huairou,22.0,25.200862362472446
2017-01-23 10:00:00,Huairou,14.0,26.36633920699125
2017-01-23 11:00:00,Huairou,11.0,17.482488661290276
2017-01-23 12:00:00,Huairou,11.0,15.77215479665224
2017-01-23 13:00:00,Huairou,11.0,9.553670761809709
2017-01-23 14:00:00,Huairou,10.0,14.6804512042264
2017-01-23 15:00:00,Huairou,15.0,13.988258266114732
2017-01-23 16:00:00,Huairou,15.0,17.42220589779649
2017-01-23 17:00:00,Huairou,19.0,19.08814058920434
2017-01-23 18:00:00,Huairou,21.0,24.897422829938975
2017-01-23 19:00:00,Huairou,36.0,26.118356188070283
2017-01-23 20:00:00,Huairou,33.0,36.03735604533613
2017-01-23 21:00:00,Huairou,35.0,34.59406687663541
2017-01-23 22:00:00,Huairou,39.0,35.76701861644666
2017-01-23 23:00:00,Huairou,34.0,39.20020138835718
2017-01-24 00:00:00,Huairou,35.0,32.94375838886558
2017-01-24 01:00:00,Huairou,30.0,34.15561112031745
2017-01-24 02:00:00,Huairou,28.0,30.678403288911007
2017-01-24 03:00:00,Huairou,32.0,29.159101827667982
2017-01-24 04:00:00,Huairou,28.0,29.19255951947861
2017-01-24 05:00:00,Huairou,28.0,27.09087106634943
2017-01-24 06:00:00,Huairou,26.0,26.43160968943211
2017-01-24 07:00:00,Huairou,30.0,24.384516021671807
2017-01-24 08:00:00,Huairou,30.0,30.756517072865957
2017-01-24 09:00:00,Huairou,29.0,32.65087578053431
2017-01-24 10:00:00,Huairou,25.0,32.58575959090568
2017-01-24 11:00:00,Huairou,32.0,30.757815115719346
2017-01-24 12:00:00,Huairou,30.0,35.713519575537504
2017-01-24 13:00:00,Huairou,36.0,32.95477021320769
2017-01-24 14:00:00,Huairou,38.0,36.47074953951076
2017-01-24 15:00:00,Huairou,43.0,42.81378546700796
2017-01-24 16:00:00,Huairou,51.0,51.36786095342935
2017-01-24 17:00:00,Huairou,67.0,61.15488675987642
2017-01-24 18:00:00,Huairou,80.0,79.32438208456081
2017-01-24 19:00:00,Huairou,98.0,92.3614013896768
2017-01-24 20:00:00,Huairou,103.0,98.52378067332891
2017-01-24 21:00:00,Huairou,97.0,100.28706239367442
2017-01-24 22:00:00,Huairou,90.0,95.3214191879018
2017-01-24 23:00:00,Huairou,97.0,89.22838803747005
2017-01-25 00:00:00,Huairou,97.0,95.56340302821192
2017-01-25 01:00:00,Huairou,89.0,91.60863024304022
2017-01-25 02:00:00,Huairou,88.0,76.67230210479491
2017-01-25 03:00:00,Huairou,96.0,86.02063756470166
2017-01-25 04:00:00,Huairou,102.0,97.39082906408728
2017-01-25 05:00:00,Huairou,96.0,99.1817473367542
2017-01-25 06:00:00,Huairou,103.0,92.53979956940195
2017-01-25 07:00:00,Huairou,108.0,105.8556867069316
2017-01-25 08:00:00,Huairou,115.0,109.07310570922509
2017-01-25 09:00:00,Huairou,112.0,117.06382548269814
2017-01-25 10:00:00,Huairou,99.0,117.94488191437763
2017-01-25 11:00:00,Huairou,100.0,102.17202117961844
2017-01-25 12:00:00,Huairou,111.0,102.96708029877156
2017-01-25 14:00:00,Huairou,142.0,105.33006748026557
2017-01-25 15:00:00,Huairou,152.0,140.13291516265835
2017-01-25 16:00:00,Huairou,155.0,162.69848180683107
2017-01-25 17:00:00,Huairou,173.0,167.84841801201685
2017-01-25 18:00:00,Huairou,200.0,182.86765101851967
2017-01-25 19:00:00,Huairou,220.0,199.5521124977404
2017-01-25 20:00:00,Huairou,212.0,206.3285444095273
2017-01-25 21:00:00,Huairou,202.0,196.18076721788069
2017-01-25 22:00:00,Huairou,195.0,191.79023216940462
2017-01-25 23:00:00,Huairou,192.0,183.3420266588061
2017-01-26 00:00:00,Huairou,192.0,166.55972560721202
2017-01-26 01:00:00,Huairou,181.0,179.71326983277123
2017-01-26 02:00:00,Huairou,190.0,149.57436119643987
2017-01-26 03:00:00,Huairou,193.0,177.69685325685245
2017-01-26 04:00:00,Huairou,197.0,192.01980918998683
2017-01-26 05:00:00,Huairou,199.0,193.75127291317898
2017-01-26 06:00:00,Huairou,194.0,193.49766451965337
2017-01-26 07:00:00,Huairou,203.0,196.29915542089998
2017-01-26 08:00:00,Huairou,213.0,207.49131474297528
2017-01-26 09:00:00,Huairou,251.0,219.40344383753808
2017-01-26 10:00:00,Huairou,3.0,256.60914259298573
2017-01-26 11:00:00,Huairou,84.0,32.907408036004576
2017-01-26 12:00:00,Huairou,284.0,126.37965413822069
2017-01-26 13:00:00,Huairou,257.0,253.04066087133108
2017-01-26 14:00:00,Huairou,226.0,236.64259705008405
2017-01-26 15:00:00,Huairou,19.0,105.76864187965866
2017-01-26 16:00:00,Huairou,9.0,-9.304767679866961
2017-01-26 17:00:00,Huairou,8.0,9.342226038249457
2017-01-26 18:00:00,Huairou,7.0,8.814680861065531
2017-01-26 19:00:00,Huairou,6.0,8.707797694841418
2017-01-26 20:00:00,Huairou,10.0,6.694789327764869
2017-01-26 21:00:00,Huairou,5.0,8.712336139680252
2017-01-26 22:00:00,Huairou,8.0,6.422286228677655
2017-01-26 23:00:00,Huairou,5.0,7.066943008727086
2017-01-27 00:00:00,Huairou,3.0,11.387113926517978
2017-01-27 01:00:00,Huairou,4.0,7.303767196151355
2017-01-27 02:00:00,Huairou,4.0,6.41262368220282
2017-01-27 03:00:00,Huairou,4.0,5.000142935458856
2017-01-27 04:00:00,Huairou,3.0,4.809359527407311
2017-01-27 05:00:00,Huairou,7.0,9.65153180097901
2017-01-27 06:00:00,Huairou,10.0,7.240050189366054
2017-01-27 07:00:00,Huairou,21.0,13.808783592677111
2017-01-27 08:00:00,Huairou,26.0,20.896617682486426
2017-01-27 09:00:00,Huairou,21.0,31.154531425708626
2017-01-27 10:00:00,Huairou,19.0,23.64814941990192
2017-01-27 11:00:00,Huairou,27.0,23.060204431341766
2017-01-27 12:00:00,Huairou,36.0,33.9429113629378
2017-01-27 13:00:00,Huairou,33.0,53.523887997349604
2017-01-27 14:00:00,Huairou,39.0,53.27450252252224
2017-01-27 15:00:00,Huairou,47.0,58.561186174788
2017-01-27 16:00:00,Huairou,49.0,52.52787644297882
2017-01-27 17:00:00,Huairou,73.0,56.21386393007356
2017-01-27 18:00:00,Huairou,155.0,87.15560597222661
2017-01-27 19:00:00,Huairou,204.0,164.64143927347388
2017-01-27 20:00:00,Huairou,211.0,223.7374457996221
2017-01-27 21:00:00,Huairou,290.0,202.16851416019202
2017-01-27 22:00:00,Huairou,242.0,277.98907585513723
2017-01-27 23:00:00,Huairou,161.0,216.5820799881527
2017-01-28 00:00:00,Huairou,556.0,99.6718511976158
2017-01-28 01:00:00,Huairou,314.0,489.3806149588396
2017-01-28 02:00:00,Huairou,218.0,151.96648901209
2017-01-28 03:00:00,Huairou,218.0,114.98536295775823
2017-01-28 04:00:00,Huairou,214.0,173.8201886603429
2017-01-28 05:00:00,Huairou,221.0,185.51870041949115
2017-01-28 06:00:00,Huairou,244.0,211.21213253272643
2017-01-28 07:00:00,Huairou,231.0,228.28458361329834
2017-01-28 08:00:00,Huairou,221.0,217.02530018254163
2017-01-28 09:00:00,Huairou,215.0,212.57494046825755
2017-01-28 10:00:00,Huairou,221.0,210.66523478068683
2017-01-28 11:00:00,Huairou,212.0,218.07277336268615
2017-01-28 12:00:00,Huairou,162.0,224.4115158969215
2017-01-28 13:00:00,Huairou,166.0,154.76107939396792
2017-01-28 14:00:00,Huairou,174.0,178.08677879873633
2017-01-28 15:00:00,Huairou,178.0,186.7742655013274
2017-01-28 16:00:00,Huairou,187.0,187.36068184730348
2017-01-28 17:00:00,Huairou,196.0,198.02213446458265
2017-01-28 18:00:00,Huairou,238.0,208.79930058660298
2017-01-28 19:00:00,Huairou,246.0,245.55481344408446
2017-01-28 20:00:00,Huairou,237.0,238.56382655845186
2017-01-28 21:00:00,Huairou,219.0,226.15140889883017
2017-01-28 22:00:00,Huairou,205.0,206.20497421843922
2017-01-28 23:00:00,Huairou,210.0,206.19935134334204
2017-01-29 00:00:00,Huairou,222.0,210.20717947306642
2017-01-29 01:00:00,Huairou,218.0,221.55060078551801
2017-01-29 02:00:00,Huairou,118.0,210.22247791796687
2017-01-29 03:00:00,Huairou,7.0,41.1351450492318
2017-01-29 04:00:00,Huairou,7.0,0.46936575671327224
2017-01-29 05:00:00,Huairou,11.0,6.352007456329188
2017-01-29 06:00:00,Huairou,10.0,9.71535426991266
2017-01-29 07:00:00,Huairou,4.0,9.553649540704978
2017-01-29 08:00:00,Huairou,10.0,7.891002511628198
2017-01-29 09:00:00,Huairou,10.0,9.131723886813592
2017-01-29 10:00:00,Huairou,6.0,10.823404900126574
2017-01-29 11:00:00,Huairou,11.0,7.93343047523595
2017-01-29 12:00:00,Huairou,13.0,9.994250776848103
2017-01-29 13:00:00,Huairou,11.0,11.652979099973578
2017-01-29 14:00:00,Huairou,10.0,10.49247009739408
2017-01-29 15:00:00,Huairou,10.0,9.967797667238468
2017-01-29 16:00:00,Huairou,16.0,10.287436423022738
2017-01-29 17:00:00,Huairou,13.0,14.851072257702903
2017-01-29 18:00:00,Huairou,11.0,14.631619834187767
2017-01-29 19:00:00,Huairou,14.0,11.887571107778195
2017-01-29 20:00:00,Huairou,7.0,12.0576897175993
2017-01-29 21:00:00,Huairou,4.0,12.889212383239123
2017-01-29 22:00:00,Huairou,3.0,13.078803423427075
2017-01-29 23:00:00,Huairou,6.0,17.087500509165015
2017-01-30 00:00:00,Huairou,3.0,11.870934321675085
2017-01-30 01:00:00,Huairou,3.0,6.632338339245428
2017-01-30 02:00:00,Huairou,4.0,6.948170710442682
2017-01-30 03:00:00,Huairou,5.0,7.153142414348389
2017-01-30 04:00:00,Huairou,6.0,8.953357331687952
2017-01-30 05:00:00,Huairou,6.0,6.601201688446067
2017-01-30 06:00:00,Huairou,6.0,7.991410388346257
2017-01-30 07:00:00,Huairou,9.0,9.310859436602543
2017-01-30 08:00:00,Huairou,13.0,10.707592180274979
2017-01-30 09:00:00,Huairou,7.0,16.432401253226647
2017-01-30 10:00:00,Huairou,9.0,10.408093816100378
2017-01-30 11:00:00,Huairou,8.0,10.765562303331535
2017-01-30 12:00:00,Huairou,9.0,13.122915886840829
2017-01-30 13:00:00,Huairou,9.0,13.373854254689709
2017-01-30 14:00:00,Huairou,11.0,10.365265055295424
2017-01-30 15:00:00,Huairou,13.0,12.845002930288686
2017-01-30 16:00:00,Huairou,14.0,17.723173503930706
2017-01-30 17:00:00,Huairou,16.0,19.219453362024083
2017-01-30 18:00:00,Huairou,28.0,20.34880553713764
2017-01-30 19:00:00,Huairou,50.0,37.07385456039932
2017-01-30 20:00:00,Huairou,46.0,55.93591075761453
2017-01-30 21:00:00,Huairou,38.0,47.16901939666364
2017-01-30 22:00:00,Huairou,47.0,38.94406290734677
2017-01-30 23:00:00,Huairou,45.0,49.212522291362184
2017-01-31 00:00:00,Huairou,47.0,45.48445879083439
2017-01-31 01:00:00,Huairou,50.0,46.08465068653483
2017-01-31 02:00:00,Huairou,49.0,51.13904667006649
2017-01-31 03:00:00,Huairou,44.0,47.89249650731281
2017-01-31 04:00:00,Huairou,43.0,42.01702162185577
2017-01-31 05:00:00,Huairou,43.0,41.38199536073217
2017-01-31 06:00:00,Huairou,46.0,43.74066170225885
2017-01-31 07:00:00,Huairou,53.0,48.70180377646024
2017-01-31 08:00:00,Huairou,67.0,56.181918749036925
2017-01-31 09:00:00,Huairou,72.0,70.44567782932143
2017-01-31 10:00:00,Huairou,80.0,76.1990948523005
2017-01-31 11:00:00,Huairou,80.0,80.59786643859408
2017-01-31 12:00:00,Huairou,70.0,82.40897690660184
2017-01-31 13:00:00,Huairou,68.0,71.39223571435879
2017-01-31 14:00:00,Huairou,60.0,68.38124012932796
2017-01-31 15:00:00,Huairou,57.0,60.80669117607915
2017-01-31 16:00:00,Huairou,56.0,58.51325352276159
2017-01-31 17:00:00,Huairou,52.0,60.47422284779472
2017-01-31 18:00:00,Huairou,81.0,56.34932302969095
2017-01-31 19:00:00,Huairou,97.0,90.68995631338485
2017-01-31 20:00:00,Huairou,73.0,97.57681533780394
2017-01-31 21:00:00,Huairou,24.0,71.21510956915911
2017-01-31 22:00:00,Huairou,25.0,28.536471325717336
2017-01-31 23:00:00,Huairou,12.0,27.662300351004063
2017-02-01 00:00:00,Huairou,13.0,15.830413613891606
2017-02-01 01:00:00,Huairou,10.0,14.652487438285338
2017-02-01 02:00:00,Huairou,4.0,13.896161718269802
2017-02-01 03:00:00,Huairou,6.0,7.616161780740556
2017-02-01 04:00:00,Huairou,7.0,6.7056488560552605
2017-02-01 05:00:00,Huairou,3.0,11.333716150035961
2017-02-01 06:00:00,Huairou,3.0,9.689994936030175
2017-02-01 07:00:00,Huairou,3.0,9.854546092586913
2017-02-01 08:00:00,Huairou,9.0,10.671216060846774
2017-02-01 09:00:00,Huairou,9.0,11.405965935031832
2017-02-01 10:00:00,Huairou,3.0,13.035195406591612
2017-02-01 11:00:00,Huairou,4.0,10.720629400018126
2017-02-01 12:00:00,Huairou,5.0,11.069037293312045
2017-02-01 13:00:00,Huairou,3.0,7.432595661973188
2017-02-01 14:00:00,Huairou,3.0,10.775926746397298
2017-02-01 15:00:00,Huairou,4.0,10.768251530059251
2017-02-01 16:00:00,Huairou,9.0,11.930446921674674
2017-02-01 17:00:00,Huairou,14.0,14.993747467132092
2017-02-01 18:00:00,Huairou,82.0,16.739404897332204
2017-02-01 19:00:00,Huairou,110.0,82.52691601067816
2017-02-01 20:00:00,Huairou,124.0,101.28056198360362
2017-02-01 21:00:00,Huairou,75.0,113.31818661087071
2017-02-01 22:00:00,Huairou,77.0,67.56485823177722
2017-02-01 23:00:00,Huairou,38.0,78.23553283150837
2017-02-02 00:00:00,Huairou,32.0,31.8031863153572
2017-02-02 01:00:00,Huairou,27.0,29.222745431720117
2017-02-02 02:00:00,Huairou,30.0,25.4310049222531
2017-02-02 03:00:00,Huairou,25.0,26.312055572790022
2017-02-02 04:00:00,Huairou,28.0,22.663781575589173
2017-02-02 05:00:00,Huairou,26.0,30.530934016980268
2017-02-02 06:00:00,Huairou,23.0,25.134155319072008
2017-02-02 07:00:00,Huairou,41.0,23.929479936748667
2017-02-02 08:00:00,Huairou,30.0,43.98496432441028
2017-02-02 09:00:00,Huairou,32.0,32.4630749578828
2017-02-02 10:00:00,Huairou,35.0,38.25978921912128
2017-02-02 11:00:00,Huairou,33.0,37.8372208665478
2017-02-02 12:00:00,Huairou,32.0,36.94428087530624
2017-02-02 13:00:00,Huairou,30.0,33.61343439284561
2017-02-02 14:00:00,Huairou,34.0,33.39183258487204
2017-02-02 15:00:00,Huairou,45.0,37.28417225897902
2017-02-02 16:00:00,Huairou,50.0,50.08230960468244
2017-02-02 17:00:00,Huairou,57.0,57.86796142060686
2017-02-02 18:00:00,Huairou,75.0,61.80127490897402
2017-02-02 19:00:00,Huairou,116.0,82.58390927467906
2017-02-02 20:00:00,Huairou,84.0,114.17865266987596
2017-02-02 21:00:00,Huairou,89.0,77.19490271358775
2017-02-02 22:00:00,Huairou,86.0,90.68503402784535
2017-02-02 23:00:00,Huairou,80.0,85.25835758260743
2017-02-03 00:00:00,Huairou,67.0,81.96120221718331
2017-02-03 01:00:00,Huairou,72.0,66.75076678497018
2017-02-03 02:00:00,Huairou,72.0,71.10224615644117
2017-02-03 03:00:00,Huairou,67.0,69.44385579808825
2017-02-03 04:00:00,Huairou,65.0,67.8146885117396
2017-02-03 05:00:00,Huairou,66.0,64.46945835913351
2017-02-03 06:00:00,Huairou,63.0,65.90001376536625
2017-02-03 07:00:00,Huairou,63.0,66.3177024235445
2017-02-03 08:00:00,Huairou,73.0,64.7595636270115
2017-02-03 09:00:00,Huairou,64.0,77.98812322949239
2017-02-03 10:00:00,Huairou,50.0,67.30461660175945
2017-02-03 11:00:00,Huairou,55.0,48.47258725200161
2017-02-03 12:00:00,Huairou,64.0,54.571430515947704
2017-02-03 13:00:00,Huairou,103.0,67.97072897896535
2017-02-03 14:00:00,Huairou,124.0,111.62427870337015
2017-02-03 15:00:00,Huairou,148.0,140.58360090649862
2017-02-03 16:00:00,Huairou,179.0,164.5270083853931
2017-02-03 17:00:00,Huairou,210.0,204.11793616271228
2017-02-03 18:00:00,Huairou,235.0,217.81050854500305
2017-02-03 19:00:00,Huairou,224.0,209.2299780379034
2017-02-03 20:00:00,Huairou,204.0,166.10525464267934
2017-02-03 21:00:00,Huairou,191.0,181.6795574933066
2017-02-03 22:00:00,Huairou,179.0,183.95845643774712
2017-02-03 23:00:00,Huairou,184.0,181.13325636988512
2017-02-04 00:00:00,Huairou,164.0,175.24506176625604
2017-02-04 01:00:00,Huairou,172.0,161.1928514363828
2017-02-04 02:00:00,Huairou,174.0,165.36030201408173
2017-02-04 03:00:00,Huairou,183.0,168.08435431161544
2017-02-04 04:00:00,Huairou,192.0,176.24585134466926
2017-02-04 05:00:00,Huairou,179.0,193.3366545356768
2017-02-04 06:00:00,Huairou,183.0,175.39033549218024
2017-02-04 07:00:00,Huairou,202.0,189.27235198293954
2017-02-04 08:00:00,Huairou,224.0,200.20573801701136
2017-02-04 09:00:00,Huairou,243.0,238.00218046418775
2017-02-04 10:00:00,Huairou,271.0,249.3981138572074
2017-02-04 11:00:00,Huairou,271.0,252.24208319074697
2017-02-04 12:00:00,Huairou,253.0,259.68421386913246
2017-02-04 13:00:00,Huairou,245.0,236.26872701145075
2017-02-04 14:00:00,Huairou,246.0,238.62106787525553
2017-02-04 15:00:00,Huairou,247.0,241.04784989787325
2017-02-04 16:00:00,Huairou,250.0,241.03316493362675
2017-02-04 17:00:00,Huairou,270.0,244.87931847135084
2017-02-04 18:00:00,Huairou,297.0,266.17456369847343
2017-02-04 19:00:00,Huairou,304.0,300.64845018347233
2017-02-04 20:00:00,Huairou,201.0,279.4752449974918
2017-02-04 21:00:00,Huairou,74.0,169.66595778060795
2017-02-04 22:00:00,Huairou,61.0,77.5768623934665
2017-02-04 23:00:00,Huairou,45.0,65.98234526322592
2017-02-05 00:00:00,Huairou,29.0,45.1151922213814
2017-02-05 01:00:00,Huairou,16.0,28.397261016626647
2017-02-05 02:00:00,Huairou,11.0,16.13986100838399
2017-02-05 03:00:00,Huairou,12.0,22.82617835821097
2017-02-05 04:00:00,Huairou,16.0,16.949687170656258
2017-02-05 05:00:00,Huairou,16.0,17.17580660045765
2017-02-05 06:00:00,Huairou,14.0,17.287910486844112
2017-02-05 07:00:00,Huairou,19.0,16.600336103321336
2017-02-05 08:00:00,Huairou,28.0,27.99040030386533
2017-02-05 09:00:00,Huairou,32.0,35.54701327727568
2017-02-05 10:00:00,Huairou,25.0,38.55987151885789
2017-02-05 11:00:00,Huairou,12.0,25.94136781916572
2017-02-05 12:00:00,Huairou,4.0,16.5232415622977
2017-02-05 13:00:00,Huairou,3.0,12.353378821664894
2017-02-05 14:00:00,Huairou,8.0,11.049797210618797
2017-02-05 15:00:00,Huairou,3.0,12.76634945836186
2017-02-05 16:00:00,Huairou,3.0,10.882562249008853
2017-02-05 17:00:00,Huairou,3.0,7.82435700553026
2017-02-05 18:00:00,Huairou,10.0,7.487746457858801
2017-02-05 19:00:00,Huairou,10.0,9.138031411143077
2017-02-05 20:00:00,Huairou,5.0,8.42832017059647
2017-02-05 21:00:00,Huairou,6.0,5.813515159263325
2017-02-05 22:00:00,Huairou,4.0,6.1068074747187815
2017-02-05 23:00:00,Huairou,3.0,5.922979457798584
2017-02-06 00:00:00,Huairou,7.0,5.369709685072457
2017-02-06 01:00:00,Huairou,5.0,6.099449304255145
2017-02-06 02:00:00,Huairou,6.0,5.347902266826587
2017-02-06 03:00:00,Huairou,4.0,5.5434821327168375
2017-02-06 04:00:00,Huairou,3.0,5.968092803838708
2017-02-06 05:00:00,Huairou,3.0,6.106895345878417
2017-02-06 06:00:00,Huairou,3.0,5.700885898659651
2017-02-06 07:00:00,Huairou,5.0,10.511804854099516
2017-02-06 08:00:00,Huairou,10.0,9.258002209152997
2017-02-06 09:00:00,Huairou,10.0,10.715536053481761
2017-02-06 10:00:00,Huairou,6.0,9.498949243690365
2017-02-06 11:00:00,Huairou,3.0,9.275765781835558
2017-02-06 12:00:00,Huairou,4.0,7.372045449194618
2017-02-06 13:00:00,Huairou,4.0,6.658972732281523
2017-02-06 14:00:00,Huairou,3.0,10.642677115837348
2017-02-06 15:00:00,Huairou,7.0,10.297676360385946
2017-02-06 16:00:00,Huairou,10.0,11.662133639654702
2017-02-06 17:00:00,Huairou,16.0,13.845426791739667
2017-02-06 18:00:00,Huairou,37.0,20.976378374412157
2017-02-06 19:00:00,Huairou,57.0,47.74264852165021
2017-02-06 20:00:00,Huairou,48.0,64.44572699424901
2017-02-06 21:00:00,Huairou,45.0,49.893283947817245
2017-02-06 22:00:00,Huairou,37.0,47.636539706034156
2017-02-06 23:00:00,Huairou,44.0,40.28754432175435
2017-02-07 00:00:00,Huairou,42.0,45.23857874316106
2017-02-07 01:00:00,Huairou,38.0,39.49810431627618
2017-02-07 02:00:00,Huairou,38.0,37.733706836278714
2017-02-07 03:00:00,Huairou,40.0,41.840651409737035
2017-02-07 04:00:00,Huairou,31.0,38.819519023363384
2017-02-07 05:00:00,Huairou,32.0,31.483222612010046
2017-02-07 06:00:00,Huairou,39.0,34.41305887986595
2017-02-07 07:00:00,Huairou,36.0,42.01729537494114
2017-02-07 08:00:00,Huairou,52.0,44.552823029088735
2017-02-07 09:00:00,Huairou,64.0,57.063926480680614
2017-02-07 10:00:00,Huairou,65.0,70.73003517691215
2017-02-07 11:00:00,Huairou,69.0,73.0351808711724
2017-02-07 12:00:00,Huairou,70.0,85.00183205152122
2017-02-07 13:00:00,Huairou,77.0,84.04148963709876
2017-02-07 14:00:00,Huairou,96.0,92.89901508321643
2017-02-07 15:00:00,Huairou,84.0,109.53332641629162
2017-02-07 16:00:00,Huairou,69.0,98.47129554820432
2017-02-07 17:00:00,Huairou,64.0,82.32792402635438
2017-02-07 18:00:00,Huairou,78.0,75.07261411222144
2017-02-07 19:00:00,Huairou,112.0,91.6353446339866
2017-02-07 20:00:00,Huairou,115.0,119.13343916134455
2017-02-07 21:00:00,Huairou,109.0,114.51744458470105
2017-02-07 22:00:00,Huairou,93.0,108.20246751135991
2017-02-07 23:00:00,Huairou,86.0,90.0496928081916
2017-02-08 00:00:00,Huairou,88.0,89.04650297190324
2017-02-08 01:00:00,Huairou,88.0,88.92801329251745
2017-02-08 02:00:00,Huairou,90.0,88.4185479927635
2017-02-08 03:00:00,Huairou,90.0,91.4464533452238
2017-02-08 04:00:00,Huairou,79.0,90.84248608973769
2017-02-08 05:00:00,Huairou,50.0,78.42597861197864
2017-02-08 06:00:00,Huairou,10.0,32.549775858374375
2017-02-08 07:00:00,Huairou,9.0,8.56245535796526
2017-02-08 08:00:00,Huairou,7.0,8.492985676268255
2017-02-08 09:00:00,Huairou,6.0,9.350184490268997
2017-02-08 10:00:00,Huairou,6.0,8.34026755089634
2017-02-08 11:00:00,Huairou,5.0,7.863142114476565
2017-02-08 12:00:00,Huairou,4.0,6.356746768357353
2017-02-08 13:00:00,Huairou,8.0,5.70310479904624
2017-02-08 14:00:00,Huairou,6.0,6.610901573764646
2017-02-08 15:00:00,Huairou,5.0,6.2613487911248376
2017-02-08 16:00:00,Huairou,6.0,6.218734930065135
2017-02-08 17:00:00,Huairou,7.0,6.570264524846564
2017-02-08 18:00:00,Huairou,4.0,8.126611541210737
2017-02-08 19:00:00,Huairou,4.0,7.001532184871146
2017-02-08 20:00:00,Huairou,6.0,6.251235994074194
2017-02-08 21:00:00,Huairou,7.0,6.140525977418999
2017-02-08 22:00:00,Huairou,4.0,5.812957714119263
2017-02-08 23:00:00,Huairou,6.0,9.972414462853784
2017-02-09 00:00:00,Huairou,6.0,9.147652210424774
2017-02-09 01:00:00,Huairou,3.0,5.802371000553076
2017-02-09 03:00:00,Huairou,7.0,13.652622166518638
2017-02-09 04:00:00,Huairou,9.0,5.315643907790422
2017-02-09 05:00:00,Huairou,5.0,10.378386412169489
2017-02-09 06:00:00,Huairou,4.0,10.222245821230869
2017-02-09 07:00:00,Huairou,9.0,9.212493768297913
2017-02-09 08:00:00,Huairou,8.0,10.981637137997527
2017-02-09 09:00:00,Huairou,8.0,10.460194630696364
2017-02-09 10:00:00,Huairou,9.0,12.612304865978622
2017-02-09 11:00:00,Huairou,3.0,10.146291791587215
2017-02-09 12:00:00,Huairou,3.0,6.375264917215679
2017-02-09 13:00:00,Huairou,3.0,8.649317356163987
2017-02-09 14:00:00,Huairou,3.0,9.951984960744351
2017-02-09 15:00:00,Huairou,4.0,5.709105765705433
2017-02-09 16:00:00,Huairou,8.0,6.774185429929315
2017-02-09 17:00:00,Huairou,5.0,8.283712508817704
2017-02-09 18:00:00,Huairou,5.0,7.279344183030468
2017-02-09 19:00:00,Huairou,6.0,9.04284875223625
2017-02-09 20:00:00,Huairou,7.0,6.318540807986272
2017-02-09 21:00:00,Huairou,5.0,8.679204590286913
2017-02-09 22:00:00,Huairou,3.0,10.680667374939558
2017-02-09 23:00:00,Huairou,4.0,10.729528852853354
2017-02-10 00:00:00,Huairou,3.0,9.073147311858948
2017-02-10 01:00:00,Huairou,5.0,8.402842396048749
2017-02-10 02:00:00,Huairou,7.0,8.508256761086024
2017-02-10 03:00:00,Huairou,3.0,9.390187612667718
2017-02-10 04:00:00,Huairou,3.0,5.521252736466591
2017-02-10 05:00:00,Huairou,5.0,6.34859637977316
2017-02-10 06:00:00,Huairou,4.0,10.952942095536185
2017-02-10 07:00:00,Huairou,8.0,11.9108185360677
2017-02-10 08:00:00,Huairou,12.0,14.246737888692296
2017-02-10 09:00:00,Huairou,8.0,12.711712715846133
2017-02-10 10:00:00,Huairou,9.0,11.509914769913077
2017-02-10 11:00:00,Huairou,6.0,9.460709697003576
2017-02-10 12:00:00,Huairou,6.0,12.218205552451112
2017-02-10 13:00:00,Huairou,3.0,9.938400424885716
2017-02-10 14:00:00,Huairou,8.0,11.178131666036165
2017-02-10 15:00:00,Huairou,3.0,7.020888314909998
2017-02-10 16:00:00,Huairou,3.0,7.089172398952425
2017-02-10 17:00:00,Huairou,4.0,6.902663782458972
2017-02-10 18:00:00,Huairou,8.0,7.049790820308152
2017-02-10 19:00:00,Huairou,4.0,7.369533396694277
2017-02-10 20:00:00,Huairou,9.0,10.932322454451889
2017-02-10 21:00:00,Huairou,5.0,11.848433214313827
2017-02-10 22:00:00,Huairou,6.0,10.257770223628333
2017-02-10 23:00:00,Huairou,14.0,7.491461439261195
2017-02-11 00:00:00,Huairou,29.0,13.902805037577528
2017-02-11 01:00:00,Huairou,25.0,30.019768560006497
2017-02-11 02:00:00,Huairou,10.0,28.34846119902987
2017-02-11 03:00:00,Huairou,13.0,14.007908784053223
2017-02-11 04:00:00,Huairou,10.0,13.345698034762217
2017-02-11 05:00:00,Huairou,15.0,11.708576638216122
2017-02-11 06:00:00,Huairou,12.0,18.030059697456167
2017-02-11 07:00:00,Huairou,14.0,15.011289114837279
2017-02-11 08:00:00,Huairou,22.0,19.94574821234988
2017-02-11 09:00:00,Huairou,35.0,25.34722905801227
2017-02-11 10:00:00,Huairou,14.0,38.29988133712563
2017-02-11 11:00:00,Huairou,8.0,13.198803657549753
2017-02-11 12:00:00,Huairou,8.0,9.689341596412074
2017-02-11 13:00:00,Huairou,5.0,12.739883629854639
2017-02-11 14:00:00,Huairou,11.0,10.045142898142743
2017-02-11 15:00:00,Huairou,7.0,9.990578256223278
2017-02-11 16:00:00,Huairou,6.0,8.25270224707421
2017-02-11 17:00:00,Huairou,15.0,10.747795844830472
2017-02-11 18:00:00,Huairou,79.0,17.23722333659445
2017-02-11 19:00:00,Huairou,133.0,72.51188059394948
2017-02-11 20:00:00,Huairou,99.0,128.46584962677562
2017-02-11 21:00:00,Huairou,68.0,91.75999798322628
2017-02-11 22:00:00,Huairou,40.0,61.910511228639564
2017-02-11 23:00:00,Huairou,38.0,43.3497848866233
2017-02-12 00:00:00,Huairou,49.0,40.70320482935022
2017-02-12 01:00:00,Huairou,30.0,48.05857465982902
2017-02-12 02:00:00,Huairou,24.0,32.54520793318183
2017-02-12 03:00:00,Huairou,21.0,26.75553402545869
2017-02-12 04:00:00,Huairou,20.0,21.055677153002996
2017-02-12 05:00:00,Huairou,19.0,22.261879199149654
2017-02-12 06:00:00,Huairou,20.0,20.49105016854929
2017-02-12 07:00:00,Huairou,17.0,24.813430416992702
2017-02-12 08:00:00,Huairou,22.0,18.32249387656849
2017-02-12 09:00:00,Huairou,24.0,28.001672631945098
2017-02-12 10:00:00,Huairou,23.0,29.738108510481805
2017-02-12 11:00:00,Huairou,17.0,23.375786134064516
2017-02-12 12:00:00,Huairou,20.0,16.54077107864703
2017-02-12 13:00:00,Huairou,25.0,23.450887202758533
2017-02-12 14:00:00,Huairou,31.0,29.345099515365366
2017-02-12 15:00:00,Huairou,43.0,36.335855122400524
2017-02-12 16:00:00,Huairou,90.0,52.329937784687395
2017-02-12 17:00:00,Huairou,102.0,109.52575420842828
2017-02-12 18:00:00,Huairou,131.0,125.06378830584495
2017-02-12 19:00:00,Huairou,131.0,144.54798557942937
2017-02-12 20:00:00,Huairou,106.0,123.79038305235926
2017-02-12 21:00:00,Huairou,99.0,99.2900645235462
2017-02-12 22:00:00,Huairou,94.0,97.6693659052483
2017-02-12 23:00:00,Huairou,91.0,95.83427474967209
2017-02-13 00:00:00,Huairou,87.0,95.07214626354485
2017-02-13 01:00:00,Huairou,88.0,90.34079167947117
2017-02-13 02:00:00,Huairou,91.0,89.18563888341191
2017-02-13 03:00:00,Huairou,96.0,89.37108989814165
2017-02-13 04:00:00,Huairou,93.0,95.23034608305838
2017-02-13 05:00:00,Huairou,92.0,91.56468072158061
2017-02-13 06:00:00,Huairou,81.0,93.82794491811777
2017-02-13 07:00:00,Huairou,73.0,88.3235284826734
2017-02-13 08:00:00,Huairou,64.0,80.34943483936223
2017-02-13 09:00:00,Huairou,54.0,70.23974958030291
2017-02-13 10:00:00,Huairou,40.0,58.32548812669426
2017-02-13 11:00:00,Huairou,13.0,47.16282438542956
2017-02-13 12:00:00,Huairou,13.0,21.9696411784917
2017-02-13 13:00:00,Huairou,11.0,20.992855224169404
2017-02-13 14:00:00,Huairou,11.0,19.70960001396482
2017-02-13 15:00:00,Huairou,15.0,20.135569145069184
2017-02-13 16:00:00,Huairou,18.0,14.77188753027674
2017-02-13 17:00:00,Huairou,18.0,24.31304082030173
2017-02-13 18:00:00,Huairou,31.0,29.85800589726757
2017-02-13 19:00:00,Huairou,107.0,44.61556570889187
2017-02-13 20:00:00,Huairou,111.0,105.85941113399053
2017-02-13 21:00:00,Huairou,131.0,122.04164182035801
2017-02-13 22:00:00,Huairou,186.0,136.27056274110944
2017-02-13 23:00:00,Huairou,161.0,180.49060411508398
2017-02-14 00:00:00,Huairou,140.0,156.70826180407607
2017-02-14 01:00:00,Huairou,127.0,130.03581485053897
2017-02-14 02:00:00,Huairou,129.0,116.29812476011841
2017-02-14 03:00:00,Huairou,121.0,127.06862687013178
2017-02-14 04:00:00,Huairou,114.0,114.98020471927572
2017-02-14 05:00:00,Huairou,106.0,106.86550788532428
2017-02-14 06:00:00,Huairou,101.0,102.14276165689796
2017-02-14 07:00:00,Huairou,113.0,96.49156310593904
2017-02-14 08:00:00,Huairou,122.0,112.28433598925696
2017-02-14 09:00:00,Huairou,143.0,129.9925848150948
2017-02-14 10:00:00,Huairou,174.0,155.25939012278212
2017-02-14 11:00:00,Huairou,184.0,180.91971950953723
2017-02-14 12:00:00,Huairou,169.0,195.6272509200186
2017-02-14 13:00:00,Huairou,158.0,177.4689819063526
2017-02-14 14:00:00,Huairou,185.0,157.48495962892122
2017-02-14 15:00:00,Huairou,212.0,191.05417068156808
2017-02-14 16:00:00,Huairou,212.0,214.95639235542296
2017-02-14 17:00:00,Huairou,219.0,220.31516059575145
2017-02-14 18:00:00,Huairou,251.0,223.33091213033185
2017-02-14 19:00:00,Huairou,253.0,259.67539220680345
2017-02-14 20:00:00,Huairou,238.0,246.76913922180077
2017-02-14 21:00:00,Huairou,228.0,243.61347907366476
2017-02-14 22:00:00,Huairou,220.0,217.91580889795284
2017-02-14 23:00:00,Huairou,221.0,217.17767074358773
2017-02-15 00:00:00,Huairou,226.0,225.21885620956422
2017-02-15 01:00:00,Huairou,224.0,220.89647375231536
2017-02-15 02:00:00,Huairou,219.0,214.2246122185413
2017-02-15 03:00:00,Huairou,216.0,205.66442802835755
2017-02-15 04:00:00,Huairou,218.0,204.80105553021562
2017-02-15 05:00:00,Huairou,222.0,194.90828351901456
2017-02-15 06:00:00,Huairou,217.0,217.728349873556
2017-02-15 07:00:00,Huairou,217.0,206.5726423876311
2017-02-15 08:00:00,Huairou,226.0,217.50686140681674
2017-02-15 09:00:00,Huairou,223.0,237.1487195589433
2017-02-15 10:00:00,Huairou,220.0,231.27605745976183
2017-02-15 11:00:00,Huairou,227.0,214.5891720838496
2017-02-15 12:00:00,Huairou,226.0,236.04440662333627
2017-02-15 13:00:00,Huairou,194.0,234.46143521016606
2017-02-15 14:00:00,Huairou,186.0,188.080896045423
2017-02-15 15:00:00,Huairou,197.0,186.73303267128657
2017-02-15 16:00:00,Huairou,202.0,201.0072634240403
2017-02-15 17:00:00,Huairou,215.0,207.03595228591166
2017-02-15 18:00:00,Huairou,241.0,220.89321610740467
2017-02-15 19:00:00,Huairou,239.0,221.39364276699152
2017-02-15 20:00:00,Huairou,238.0,226.42574046770457
2017-02-15 21:00:00,Huairou,229.0,239.3722048591131
2017-02-15 22:00:00,Huairou,221.0,227.14671875907143
2017-02-15 23:00:00,Huairou,226.0,223.41307076935223
2017-02-16 00:00:00,Huairou,222.0,236.01072842346002
2017-02-16 01:00:00,Huairou,224.0,227.75848145201485
2017-02-16 02:00:00,Huairou,227.0,225.99988506406194
2017-02-16 03:00:00,Huairou,222.0,223.82533749275595
2017-02-16 04:00:00,Huairou,222.0,214.79433381449618
2017-02-16 05:00:00,Huairou,226.0,217.61948460548336
2017-02-16 06:00:00,Huairou,227.0,228.0570042651762
2017-02-16 07:00:00,Huairou,159.0,123.5941618961173
2017-02-16 08:00:00,Huairou,72.0,50.5414043261072
2017-02-16 09:00:00,Huairou,22.0,38.61982538728742
2017-02-16 10:00:00,Huairou,22.0,23.278600864587364
2017-02-16 11:00:00,Huairou,12.0,24.200486418151225
2017-02-16 12:00:00,Huairou,10.0,21.839453613294335
2017-02-16 13:00:00,Huairou,7.0,9.126693187930934
2017-02-16 14:00:00,Huairou,7.0,7.22722848776973
2017-02-16 15:00:00,Huairou,6.0,7.112428289404668
2017-02-16 16:00:00,Huairou,6.0,8.132354491910164
2017-02-16 17:00:00,Huairou,9.0,9.09340813672202
2017-02-16 18:00:00,Huairou,9.0,9.310229376407474
2017-02-16 19:00:00,Huairou,10.0,8.70915268013457
2017-02-16 20:00:00,Huairou,10.0,8.762124390398503
2017-02-16 21:00:00,Huairou,11.0,8.830927488893678
2017-02-16 22:00:00,Huairou,5.0,9.156243281121117
2017-02-16 23:00:00,Huairou,10.0,6.426917709689514
2017-02-17 00:00:00,Huairou,5.0,8.982466037544588
2017-02-17 01:00:00,Huairou,6.0,6.923763528406044
2017-02-17 02:00:00,Huairou,5.0,9.16242882790255
2017-02-17 03:00:00,Huairou,6.0,7.329427909070637
2017-02-17 04:00:00,Huairou,7.0,8.267463904457223
2017-02-17 05:00:00,Huairou,3.0,10.269288823550205
2017-02-17 06:00:00,Huairou,7.0,9.073577995222676
2017-02-17 07:00:00,Huairou,10.0,13.429591334415624
2017-02-17 08:00:00,Huairou,12.0,17.58842218146114
2017-02-17 09:00:00,Huairou,11.0,15.213146923630577
2017-02-17 10:00:00,Huairou,3.0,14.904060341240958
2017-02-17 11:00:00,Huairou,3.0,11.364950765716312
2017-02-17 12:00:00,Huairou,6.0,7.4615057733779695
2017-02-17 13:00:00,Huairou,5.0,6.863414148707921
2017-02-17 14:00:00,Huairou,9.0,10.703048616030193
2017-02-17 15:00:00,Huairou,6.0,11.808487022517973
2017-02-17 16:00:00,Huairou,7.0,10.104445527009025
2017-02-17 17:00:00,Huairou,10.0,7.50358629230869
2017-02-17 18:00:00,Huairou,21.0,11.5053446235258
2017-02-17 19:00:00,Huairou,27.0,30.968480543922674
2017-02-17 20:00:00,Huairou,27.0,32.32113629505912
2017-02-17 21:00:00,Huairou,27.0,29.125151934109
2017-02-17 22:00:00,Huairou,35.0,29.82670770258432
2017-02-17 23:00:00,Huairou,33.0,39.02622454740996
2017-02-18 00:00:00,Huairou,35.0,35.766824883269706
2017-02-18 01:00:00,Huairou,33.0,35.34849122028277
2017-02-18 02:00:00,Huairou,32.0,32.324475298157296
2017-02-18 03:00:00,Huairou,32.0,31.941861367719046
2017-02-18 04:00:00,Huairou,33.0,35.074293625150446
2017-02-18 05:00:00,Huairou,33.0,33.51479675429425
2017-02-18 06:00:00,Huairou,42.0,35.79188926746509
2017-02-18 07:00:00,Huairou,46.0,45.67674172174281
2017-02-18 08:00:00,Huairou,56.0,48.75533256466994
2017-02-18 09:00:00,Huairou,60.0,64.2505306193232
2017-02-18 10:00:00,Huairou,77.0,68.46693874773408
2017-02-18 11:00:00,Huairou,91.0,82.8514409824921
2017-02-18 12:00:00,Huairou,82.0,98.78695547861062
2017-02-18 13:00:00,Huairou,67.0,81.28769529005123
2017-02-18 14:00:00,Huairou,44.0,63.424510356534554
2017-02-18 15:00:00,Huairou,65.0,45.1420076573163
2017-02-18 16:00:00,Huairou,68.0,76.05292942366512
2017-02-18 17:00:00,Huairou,89.0,82.85106815924848
2017-02-18 18:00:00,Huairou,101.0,108.76242776391409
2017-02-18 19:00:00,Huairou,101.0,123.859218865064
2017-02-18 20:00:00,Huairou,110.0,112.4661327443051
2017-02-18 21:00:00,Huairou,111.0,122.13352017574177
2017-02-18 22:00:00,Huairou,125.0,114.50542561210021
2017-02-18 23:00:00,Huairou,142.0,129.84800035825492
2017-02-19 00:00:00,Huairou,133.0,145.0189485423555
2017-02-19 01:00:00,Huairou,118.0,128.511721285882
2017-02-19 02:00:00,Huairou,111.0,114.80320919516376
2017-02-19 03:00:00,Huairou,111.0,110.67892977141527
2017-02-19 04:00:00,Huairou,109.0,117.36063113443284
2017-02-19 05:00:00,Huairou,115.0,112.30955267996714
2017-02-19 06:00:00,Huairou,111.0,117.9401774731099
2017-02-19 07:00:00,Huairou,123.0,115.14519166762206
2017-02-19 08:00:00,Huairou,120.0,131.42870013235841
2017-02-19 09:00:00,Huairou,133.0,132.27723476799238
2017-02-19 10:00:00,Huairou,120.0,144.3067192035299
2017-02-19 11:00:00,Huairou,128.0,121.51313509166143
2017-02-19 12:00:00,Huairou,123.0,137.34339160648926
2017-02-19 13:00:00,Huairou,93.0,128.23210921800518
2017-02-19 14:00:00,Huairou,12.0,52.72373138566021
2017-02-19 15:00:00,Huairou,9.0,6.637622458223873
2017-02-19 16:00:00,Huairou,3.0,14.115686581508307
2017-02-19 17:00:00,Huairou,7.0,11.252854461470886
2017-02-19 18:00:00,Huairou,6.0,19.454284580451898
2017-02-19 19:00:00,Huairou,3.0,13.595307010472803
2017-02-19 20:00:00,Huairou,7.0,10.39338579908993
2017-02-19 21:00:00,Huairou,7.0,8.530408788952844
2017-02-19 22:00:00,Huairou,8.0,9.416804473624678
2017-02-19 23:00:00,Huairou,8.0,10.0201453102266
2017-02-20 00:00:00,Huairou,5.0,10.422413749370392
2017-02-20 01:00:00,Huairou,8.0,7.538700755754654
2017-02-20 02:00:00,Huairou,6.0,10.041782229835457
2017-02-20 03:00:00,Huairou,5.0,7.645366312873026
2017-02-20 04:00:00,Huairou,7.0,7.322651091749998
2017-02-20 05:00:00,Huairou,3.0,8.883044973115362
2017-02-20 06:00:00,Huairou,6.0,7.5026414249486
2017-02-20 07:00:00,Huairou,7.0,7.457436269584792
2017-02-20 08:00:00,Huairou,8.0,8.368756110217552
2017-02-20 09:00:00,Huairou,6.0,8.471658155888633
2017-02-20 10:00:00,Huairou,3.0,12.202972119093651
2017-02-20 12:00:00,Huairou,3.0,1.4991792050551824
2017-02-20 13:00:00,Huairou,3.0,4.0399725859739615
2017-02-20 16:00:00,Huairou,7.0,32.5820277456973
2017-02-20 18:00:00,Huairou,29.0,23.61190680561035
2017-02-20 19:00:00,Huairou,30.0,36.29916209383188
2017-02-20 20:00:00,Huairou,23.0,34.56534243450148
2017-02-20 21:00:00,Huairou,18.0,23.800617875819334
2017-02-20 22:00:00,Huairou,23.0,20.50120671265328
2017-02-21 01:00:00,Huairou,26.0,55.52279509686918
2017-02-21 02:00:00,Huairou,23.0,21.7227065424346
2017-02-21 05:00:00,Huairou,25.0,43.63730705519806
2017-02-21 08:00:00,Huairou,70.0,58.42510306225482
2017-02-21 09:00:00,Huairou,78.0,79.26388185947975
2017-02-21 11:00:00,Huairou,87.0,71.09036643826903
2017-02-21 13:00:00,Huairou,99.0,85.61719549237473
2017-02-21 14:00:00,Huairou,98.0,126.70879125193626
2017-02-21 15:00:00,Huairou,94.0,106.10506345066382
2017-02-21 16:00:00,Huairou,85.0,110.45311050617396
2017-02-21 17:00:00,Huairou,80.0,91.48992583089026
2017-02-21 18:00:00,Huairou,84.0,90.08116042195826
2017-02-21 19:00:00,Huairou,76.0,97.77751735513827
2017-02-21 20:00:00,Huairou,74.0,88.50733299345532
2017-02-21 21:00:00,Huairou,79.0,77.65329784943917
2017-02-21 22:00:00,Huairou,91.0,88.29389006823212
2017-02-21 23:00:00,Huairou,107.0,100.49200397334477
2017-02-22 00:00:00,Huairou,112.0,102.28920284727005
2017-02-22 01:00:00,Huairou,111.0,118.68287991597488
2017-02-22 02:00:00,Huairou,110.0,117.16286845987048
2017-02-22 03:00:00,Huairou,101.0,107.1471912389303
2017-02-22 04:00:00,Huairou,93.0,96.87394900335435
2017-02-22 05:00:00,Huairou,91.0,87.34830180525408
2017-02-22 06:00:00,Huairou,106.0,81.11550975432884
2017-02-22 07:00:00,Huairou,107.0,97.14363346870977
2017-02-22 08:00:00,Huairou,116.0,116.5623940722744
2017-02-22 09:00:00,Huairou,129.0,126.808378923798
2017-02-22 10:00:00,Huairou,117.0,138.9841330087476
2017-02-22 11:00:00,Huairou,109.0,124.66274927875295
2017-02-22 12:00:00,Huairou,109.0,117.18984368086915
2017-02-22 13:00:00,Huairou,103.0,118.93151550734318
2017-02-22 14:00:00,Huairou,109.0,111.7671266845973
2017-02-22 15:00:00,Huairou,119.0,120.8096264519602
2017-02-22 16:00:00,Huairou,22.0,120.89596355767556
2017-02-22 17:00:00,Huairou,6.0,7.859047354030309
2017-02-22 18:00:00,Huairou,11.0,10.383015454657388
2017-02-22 19:00:00,Huairou,6.0,11.659904144690353
2017-02-22 20:00:00,Huairou,6.0,11.649288925116961
2017-02-22 21:00:00,Huairou,9.0,10.253097876734786
2017-02-22 22:00:00,Huairou,8.0,12.864366272833017
2017-02-22 23:00:00,Huairou,9.0,13.317643823543499
2017-02-23 00:00:00,Huairou,5.0,9.026066756154151
2017-02-23 01:00:00,Huairou,6.0,13.646196984554889
2017-02-23 02:00:00,Huairou,7.0,12.288000430449731
2017-02-23 03:00:00,Huairou,8.0,7.864539009563235
2017-02-23 04:00:00,Huairou,7.0,7.350551565531322
2017-02-23 05:00:00,Huairou,12.0,8.693334117380996
2017-02-23 06:00:00,Huairou,13.0,14.077369618228419
2017-02-23 07:00:00,Huairou,15.0,16.013280090770767
2017-02-23 08:00:00,Huairou,24.0,15.247730209889633
2017-02-23 09:00:00,Huairou,17.0,32.844634044958916
2017-02-23 10:00:00,Huairou,5.0,27.14818735018015
2017-02-23 11:00:00,Huairou,9.0,18.43333317178692
2017-02-23 12:00:00,Huairou,12.0,18.027287218494923
2017-02-23 14:00:00,Huairou,4.0,12.42197931289725
2017-02-23 15:00:00,Huairou,11.0,13.637859532823905
2017-02-23 16:00:00,Huairou,11.0,18.445512814283767
2017-02-23 17:00:00,Huairou,8.0,17.048225759091185
2017-02-23 18:00:00,Huairou,8.0,13.016404025260487
2017-02-23 19:00:00,Huairou,24.0,15.04222364780884
2017-02-23 20:00:00,Huairou,20.0,30.84503286691553
2017-02-23 21:00:00,Huairou,17.0,30.434959752322694
2017-02-23 22:00:00,Huairou,14.0,25.004591061525726
2017-02-23 23:00:00,Huairou,17.0,13.997478881936663
2017-02-24 00:00:00,Huairou,20.0,20.97793469636843
2017-02-24 01:00:00,Huairou,21.0,21.15113181911937
2017-02-24 02:00:00,Huairou,23.0,20.377038451275546
2017-02-24 03:00:00,Huairou,17.0,23.137351178826048
2017-02-24 04:00:00,Huairou,18.0,17.696472466731876
2017-02-24 05:00:00,Huairou,16.0,19.22805382067573
2017-02-24 06:00:00,Huairou,16.0,23.031910998004665
2017-02-24 07:00:00,Huairou,22.0,18.240241562762982
2017-02-24 08:00:00,Huairou,28.0,27.02272547913764
2017-02-24 09:00:00,Huairou,22.0,35.19065394031704
2017-02-24 10:00:00,Huairou,18.0,30.26001318738356
2017-02-24 11:00:00,Huairou,13.0,24.27805812714098
2017-02-24 12:00:00,Huairou,13.0,18.420947755365425
2017-02-24 13:00:00,Huairou,12.0,17.87690290169271
2017-02-24 14:00:00,Huairou,11.0,17.527177722840495
2017-02-24 15:00:00,Huairou,10.0,20.00887800377334
2017-02-24 16:00:00,Huairou,15.0,14.097236895716657
2017-02-24 17:00:00,Huairou,17.0,18.81337690289857
2017-02-24 18:00:00,Huairou,12.0,23.485687137947558
2017-02-24 19:00:00,Huairou,3.0,16.784230733966172
2017-02-24 20:00:00,Huairou,4.0,12.911533494194918
2017-02-24 21:00:00,Huairou,6.0,12.19748604139025
2017-02-24 22:00:00,Huairou,7.0,10.546905987112625
2017-02-24 23:00:00,Huairou,5.0,10.58992930936272
2017-02-25 00:00:00,Huairou,3.0,13.042562530348269
2017-02-25 01:00:00,Huairou,3.0,12.96573534341285
2017-02-25 02:00:00,Huairou,6.0,13.203535449707331
2017-02-25 03:00:00,Huairou,8.0,12.62989386749219
2017-02-25 04:00:00,Huairou,8.0,13.652378547067519
2017-02-25 05:00:00,Huairou,12.0,12.398325659904103
2017-02-25 06:00:00,Huairou,9.0,13.619856353880538
2017-02-25 07:00:00,Huairou,24.0,14.015512728859958
2017-02-25 08:00:00,Huairou,26.0,31.102609827802706
2017-02-25 09:00:00,Huairou,29.0,37.83086535430045
2017-02-25 10:00:00,Huairou,27.0,36.909405029279604
2017-02-25 11:00:00,Huairou,18.0,33.68214351666344
2017-02-25 12:00:00,Huairou,11.0,26.350851449843418
2017-02-25 13:00:00,Huairou,10.0,20.42739370274775
2017-02-25 14:00:00,Huairou,9.0,15.785070086263298
2017-02-25 15:00:00,Huairou,9.0,14.966746750043594
2017-02-25 16:00:00,Huairou,10.0,15.989104207319281
2017-02-25 17:00:00,Huairou,16.0,17.980877211848107
2017-02-25 18:00:00,Huairou,28.0,23.51633144276879
2017-02-25 19:00:00,Huairou,19.0,38.07243377698206
2017-02-25 20:00:00,Huairou,19.0,24.00634175294345
2017-02-25 21:00:00,Huairou,8.0,23.65867023695812
2017-02-25 22:00:00,Huairou,9.0,13.481189738353361
2017-02-25 23:00:00,Huairou,13.0,13.467663988790292
2017-02-26 00:00:00,Huairou,13.0,16.613768218790973
2017-02-26 01:00:00,Huairou,14.0,16.217782508524493
2017-02-26 02:00:00,Huairou,13.0,20.62202387033572
2017-02-26 03:00:00,Huairou,12.0,13.702978400434263
2017-02-26 04:00:00,Huairou,13.0,11.937144648543143
2017-02-26 05:00:00,Huairou,14.0,13.79958733879123
2017-02-26 06:00:00,Huairou,13.0,15.629501579641595
2017-02-26 07:00:00,Huairou,20.0,15.768626148396168
2017-02-26 08:00:00,Huairou,20.0,24.236689133752495
2017-02-26 09:00:00,Huairou,17.0,26.865269083661595
2017-02-26 10:00:00,Huairou,14.0,22.817597898673014
2017-02-26 11:00:00,Huairou,13.0,19.147358111333478
2017-02-26 12:00:00,Huairou,12.0,21.205835667128625
2017-02-26 13:00:00,Huairou,18.0,20.84310067177777
2017-02-26 14:00:00,Huairou,16.0,26.341797426271086
2017-02-26 15:00:00,Huairou,25.0,23.555215810961098
2017-02-26 16:00:00,Huairou,29.0,35.67215142509182
2017-02-26 17:00:00,Huairou,32.0,41.9268883740354
2017-02-26 18:00:00,Huairou,39.0,44.701333717176766
2017-02-26 19:00:00,Huairou,58.0,49.52032376487852
2017-02-26 20:00:00,Huairou,62.0,63.72153270184207
2017-02-26 21:00:00,Huairou,51.0,66.67066529867128
2017-02-26 22:00:00,Huairou,43.0,57.931416107099615
2017-02-26 23:00:00,Huairou,47.0,43.234530909765446
2017-02-27 00:00:00,Huairou,39.0,50.57460595876561
2017-02-27 01:00:00,Huairou,36.0,40.540412729152436
2017-02-27 02:00:00,Huairou,40.0,37.44683550091198
2017-02-27 03:00:00,Huairou,37.0,35.81387841184226
2017-02-27 04:00:00,Huairou,37.0,31.840205337999716
2017-02-27 05:00:00,Huairou,37.0,42.47161116123306
2017-02-27 06:00:00,Huairou,41.0,42.666630311342495
2017-02-27 07:00:00,Huairou,42.0,39.6508045747904
2017-02-27 08:00:00,Huairou,53.0,53.34961067980756
2017-02-27 09:00:00,Huairou,48.0,57.707657884349274
2017-02-27 10:00:00,Huairou,49.0,56.23262691272833
2017-02-27 11:00:00,Huairou,69.0,58.68073437091749
2017-02-27 12:00:00,Huairou,78.0,79.12077952732878
2017-02-27 13:00:00,Huairou,91.0,84.78885201565048
2017-02-27 14:00:00,Huairou,82.0,96.09286995963404
2017-02-27 15:00:00,Huairou,87.0,82.95531209788837
2017-02-27 16:00:00,Huairou,75.0,88.20644250047361
2017-02-27 17:00:00,Huairou,59.0,73.65177417769124
2017-02-27 18:00:00,Huairou,66.0,55.3775859630735
2017-02-27 19:00:00,Huairou,92.0,70.14449834274676
2017-02-27 20:00:00,Huairou,93.0,91.61239111024787
2017-02-27 21:00:00,Huairou,76.0,91.97145116741584
2017-02-27 22:00:00,Huairou,56.0,82.02184918763857
2017-02-27 23:00:00,Huairou,71.0,59.559345539719445
2017-02-28 00:00:00,Huairou,62.0,74.36805283679867
2017-02-28 01:00:00,Huairou,39.0,65.3800090404498
2017-02-28 02:00:00,Huairou,32.0,34.670528859312334
2017-02-28 03:00:00,Huairou,25.0,34.466756735052186
2017-02-28 04:00:00,Huairou,24.0,30.657333302594413
2017-02-28 05:00:00,Huairou,42.0,26.77250264760914
2017-02-28 06:00:00,Huairou,23.0,49.30153704574479
2017-02-28 07:00:00,Huairou,29.0,31.056418534653535
2017-02-28 08:00:00,Huairou,28.0,44.64803521730153
2017-02-28 09:00:00,Huairou,30.0,38.769847970592714
2017-02-28 10:00:00,Huairou,23.0,35.973890129787314
2017-02-28 11:00:00,Huairou,14.0,27.78260031419353
2017-02-28 12:00:00,Huairou,6.0,17.298005075719864
2017-02-28 13:00:00,Huairou,7.0,15.943070767769479
2017-02-28 14:00:00,Huairou,8.0,14.749852319632224
2017-02-28 15:00:00,Huairou,9.0,16.218846461107578
2017-02-28 16:00:00,Huairou,9.0,16.027434888372742
2017-02-28 17:00:00,Huairou,9.0,9.364737925389024
2017-02-28 18:00:00,Huairou,16.0,10.366175187195996
2017-02-28 19:00:00,Huairou,21.0,17.881249289894168
2017-02-28 20:00:00,Huairou,17.0,25.19866120970835
2017-02-28 21:00:00,Huairou,11.0,21.95271038681844
2017-02-28 22:00:00,Huairou,11.0,14.023201949689284
2017-01-01 00:00:00,Nongzhanguan,450.0,493.28239229547404
2017-01-01 01:00:00,Nongzhanguan,433.0,471.37475114870165
2017-01-01 02:00:00,Nongzhanguan,407.0,364.3516656143914
2017-01-01 03:00:00,Nongzhanguan,375.0,355.5826774290223
2017-01-01 04:00:00,Nongzhanguan,363.0,331.0380885411229
2017-01-01 05:00:00,Nongzhanguan,367.0,346.8411994903012
2017-01-01 06:00:00,Nongzhanguan,379.0,350.8668937789789
2017-01-01 07:00:00,Nongzhanguan,393.0,377.0728612209595
2017-01-01 08:00:00,Nongzhanguan,413.0,388.47476210809066
2017-01-01 09:00:00,Nongzhanguan,429.0,402.21855544821005
2017-01-01 10:00:00,Nongzhanguan,456.0,409.16533517110236
2017-01-01 11:00:00,Nongzhanguan,471.0,467.32416582987764
2017-01-01 12:00:00,Nongzhanguan,541.0,473.6914914972992
2017-01-01 13:00:00,Nongzhanguan,555.0,559.7788321976285
2017-01-01 14:00:00,Nongzhanguan,558.0,576.8358067370067
2017-01-01 15:00:00,Nongzhanguan,542.0,544.6744648868523
2017-01-01 16:00:00,Nongzhanguan,515.0,516.2581600127717
2017-01-01 17:00:00,Nongzhanguan,484.0,504.34874690549185
2017-01-01 18:00:00,Nongzhanguan,470.0,530.8277138925409
2017-01-01 19:00:00,Nongzhanguan,453.0,519.140408191921
2017-01-01 20:00:00,Nongzhanguan,425.0,498.7128797992436
2017-01-01 21:00:00,Nongzhanguan,398.0,397.57515653387173
2017-01-01 22:00:00,Nongzhanguan,392.0,414.94682194658526
2017-01-01 23:00:00,Nongzhanguan,381.0,410.78041457575745
2017-01-02 00:00:00,Nongzhanguan,407.0,389.7494605354066
2017-01-02 02:00:00,Nongzhanguan,393.0,417.5176541887298
2017-01-02 03:00:00,Nongzhanguan,376.0,406.5225059660247
2017-01-02 04:00:00,Nongzhanguan,227.0,322.6355385873209
2017-01-02 05:00:00,Nongzhanguan,89.0,187.37209348841276
2017-01-02 06:00:00,Nongzhanguan,48.0,82.98184979969224
2017-01-02 07:00:00,Nongzhanguan,26.0,59.18485423034321
2017-01-02 08:00:00,Nongzhanguan,13.0,28.208327653275855
2017-01-02 09:00:00,Nongzhanguan,15.0,15.872766070054087
2017-01-02 10:00:00,Nongzhanguan,11.0,20.677131735820343
2017-01-02 11:00:00,Nongzhanguan,181.0,17.608360158801283
2017-01-02 12:00:00,Nongzhanguan,235.0,202.3668356139575
2017-01-02 13:00:00,Nongzhanguan,212.0,214.16500401291196
2017-01-02 14:00:00,Nongzhanguan,272.0,197.3291777620121
2017-01-02 15:00:00,Nongzhanguan,265.0,268.7216354408695
2017-01-02 16:00:00,Nongzhanguan,243.0,249.5192380894841
2017-01-02 17:00:00,Nongzhanguan,177.0,244.72026977982574
2017-01-02 18:00:00,Nongzhanguan,163.0,140.48144052876455
2017-01-02 19:00:00,Nongzhanguan,156.0,167.52326084719826
2017-01-02 20:00:00,Nongzhanguan,163.0,163.30274070433015
2017-01-02 21:00:00,Nongzhanguan,191.0,172.28416406552392
2017-01-02 22:00:00,Nongzhanguan,202.0,196.15143006907806
2017-01-02 23:00:00,Nongzhanguan,283.0,207.49842235385748
2017-01-03 00:00:00,Nongzhanguan,314.0,302.2365760391376
2017-01-03 01:00:00,Nongzhanguan,353.0,314.3975331254116
2017-01-03 02:00:00,Nongzhanguan,368.0,354.7873614435246
2017-01-03 03:00:00,Nongzhanguan,366.0,351.5252615688002
2017-01-03 04:00:00,Nongzhanguan,377.0,339.49528936824623
2017-01-03 05:00:00,Nongzhanguan,361.0,342.84233976448127
2017-01-03 06:00:00,Nongzhanguan,351.0,339.27400442252565
2017-01-03 07:00:00,Nongzhanguan,340.0,333.19689848670873
2017-01-03 08:00:00,Nongzhanguan,325.0,309.83504684900896
2017-01-03 09:00:00,Nongzhanguan,345.0,323.8858746750529
2017-01-03 10:00:00,Nongzhanguan,304.0,339.1402641004452
2017-01-03 11:00:00,Nongzhanguan,274.0,267.4007991881487
2017-01-03 12:00:00,Nongzhanguan,276.0,279.2682525486982
2017-01-03 13:00:00,Nongzhanguan,309.0,278.9723172165588
2017-01-03 14:00:00,Nongzhanguan,320.0,326.62321864173424
2017-01-03 15:00:00,Nongzhanguan,342.0,324.59902549902444
2017-01-03 16:00:00,Nongzhanguan,298.0,342.36765905919043
2017-01-03 17:00:00,Nongzhanguan,335.0,317.46542344782586
2017-01-03 18:00:00,Nongzhanguan,421.0,376.5988462617044
2017-01-03 19:00:00,Nongzhanguan,462.0,433.23915638519435
2017-01-03 20:00:00,Nongzhanguan,533.0,542.1500129550691
2017-01-03 21:00:00,Nongzhanguan,537.0,550.9007680838074
2017-01-03 22:00:00,Nongzhanguan,546.0,544.738973169485
2017-01-03 23:00:00,Nongzhanguan,552.0,546.3010581414325
2017-01-04 00:00:00,Nongzhanguan,540.0,548.1885158382293
2017-01-04 01:00:00,Nongzhanguan,550.0,518.3546686469624
2017-01-04 02:00:00,Nongzhanguan,579.0,508.8279505694654
2017-01-04 03:00:00,Nongzhanguan,570.0,504.19382590357014
2017-01-04 04:00:00,Nongzhanguan,550.0,500.9862000705426
2017-01-04 05:00:00,Nongzhanguan,548.0,495.9555863420998
2017-01-04 06:00:00,Nongzhanguan,525.0,491.17210647065593
2017-01-04 07:00:00,Nongzhanguan,456.0,495.68001377040287
2017-01-04 08:00:00,Nongzhanguan,399.0,478.33441092640095
2017-01-04 09:00:00,Nongzhanguan,355.0,413.24851286533203
2017-01-04 10:00:00,Nongzhanguan,287.0,370.48515836821616
2017-01-04 11:00:00,Nongzhanguan,259.0,235.29858331829033
2017-01-04 12:00:00,Nongzhanguan,314.0,255.03789898947625
2017-01-04 13:00:00,Nongzhanguan,330.0,316.5080998640474
2017-01-04 14:00:00,Nongzhanguan,365.0,331.0622192474805
2017-01-04 15:00:00,Nongzhanguan,373.0,362.59686148939153
2017-01-04 16:00:00,Nongzhanguan,338.0,358.9568323606466
2017-01-04 17:00:00,Nongzhanguan,330.0,350.2326323589712
2017-01-04 18:00:00,Nongzhanguan,354.0,380.114147274218
2017-01-04 19:00:00,Nongzhanguan,387.0,392.1467640182039
2017-01-04 20:00:00,Nongzhanguan,370.0,412.5937541190096
2017-01-04 21:00:00,Nongzhanguan,372.0,357.4722815663707
2017-01-04 22:00:00,Nongzhanguan,260.0,329.80970043969376
2017-01-04 23:00:00,Nongzhanguan,157.0,221.01082648831104
2017-01-05 00:00:00,Nongzhanguan,145.0,104.43119906058921
2017-01-05 01:00:00,Nongzhanguan,148.0,152.22821339943837
2017-01-05 02:00:00,Nongzhanguan,168.0,157.88962990752879
2017-01-05 03:00:00,Nongzhanguan,206.0,181.37497186296514
2017-01-05 04:00:00,Nongzhanguan,225.0,215.5211605188184
2017-01-05 05:00:00,Nongzhanguan,275.0,215.706440622511
2017-01-05 06:00:00,Nongzhanguan,284.0,294.8002300941496
2017-01-05 07:00:00,Nongzhanguan,278.0,300.97566110590685
2017-01-05 08:00:00,Nongzhanguan,278.0,298.68074967122334
2017-01-05 09:00:00,Nongzhanguan,266.0,297.514198253165
2017-01-05 10:00:00,Nongzhanguan,266.0,291.0447822765362
2017-01-05 11:00:00,Nongzhanguan,221.0,291.62800206622364
2017-01-05 12:00:00,Nongzhanguan,3.0,238.1880883272662
2017-01-05 13:00:00,Nongzhanguan,3.0,62.797199625514345
2017-01-05 14:00:00,Nongzhanguan,190.0,98.29737389226699
2017-01-05 15:00:00,Nongzhanguan,201.0,244.48126115756102
2017-01-05 16:00:00,Nongzhanguan,210.0,222.61805528624166
2017-01-05 17:00:00,Nongzhanguan,209.0,238.40253059485468
2017-01-05 18:00:00,Nongzhanguan,208.0,230.1755454045377
2017-01-05 19:00:00,Nongzhanguan,200.0,228.49505815003408
2017-01-05 20:00:00,Nongzhanguan,173.0,196.34721932675333
2017-01-05 21:00:00,Nongzhanguan,176.0,187.1077150264746
2017-01-05 22:00:00,Nongzhanguan,201.0,182.48261441709525
2017-01-05 23:00:00,Nongzhanguan,202.0,203.0865038690063
2017-01-06 00:00:00,Nongzhanguan,198.0,214.4396616445727
2017-01-06 01:00:00,Nongzhanguan,193.0,192.47125977876436
2017-01-06 02:00:00,Nongzhanguan,208.0,197.9528484793038
2017-01-06 03:00:00,Nongzhanguan,191.0,219.6870721213596
2017-01-06 04:00:00,Nongzhanguan,215.0,190.1169996422844
2017-01-06 05:00:00,Nongzhanguan,235.0,214.12572930308116
2017-01-06 06:00:00,Nongzhanguan,223.0,236.86688641511466
2017-01-06 07:00:00,Nongzhanguan,233.0,221.51286970818046
2017-01-06 08:00:00,Nongzhanguan,244.0,243.08494744520786
2017-01-06 09:00:00,Nongzhanguan,272.0,265.02094744735274
2017-01-06 10:00:00,Nongzhanguan,300.0,290.96287664920914
2017-01-06 11:00:00,Nongzhanguan,281.0,327.4183714257408
2017-01-06 12:00:00,Nongzhanguan,228.0,300.16682611362467
2017-01-06 13:00:00,Nongzhanguan,205.0,234.43119351575993
2017-01-06 14:00:00,Nongzhanguan,215.0,207.24478041183565
2017-01-06 15:00:00,Nongzhanguan,224.0,223.55855785375672
2017-01-06 16:00:00,Nongzhanguan,221.0,232.0325794586666
2017-01-06 17:00:00,Nongzhanguan,218.0,240.6505955048573
2017-01-06 18:00:00,Nongzhanguan,220.0,237.5419165079331
2017-01-06 19:00:00,Nongzhanguan,233.0,241.68528970264742
2017-01-06 20:00:00,Nongzhanguan,245.0,251.27995551720562
2017-01-06 21:00:00,Nongzhanguan,255.0,255.9852333424436
2017-01-06 22:00:00,Nongzhanguan,266.0,264.5667133066882
2017-01-06 23:00:00,Nongzhanguan,270.0,271.6410663887354
2017-01-07 00:00:00,Nongzhanguan,268.0,275.77088719157166
2017-01-07 01:00:00,Nongzhanguan,273.0,269.4072157190653
2017-01-07 02:00:00,Nongzhanguan,271.0,269.92085611389587
2017-01-07 03:00:00,Nongzhanguan,294.0,259.02684932212827
2017-01-07 04:00:00,Nongzhanguan,297.0,288.98199715411016
2017-01-07 05:00:00,Nongzhanguan,254.0,299.6373731014934
2017-01-07 06:00:00,Nongzhanguan,231.0,249.13929554048528
2017-01-07 07:00:00,Nongzhanguan,202.0,227.934603802174
2017-01-07 08:00:00,Nongzhanguan,176.0,203.52727936452058
2017-01-07 09:00:00,Nongzhanguan,161.0,186.39366476704515
2017-01-07 10:00:00,Nongzhanguan,176.0,169.86974627339177
2017-01-07 11:00:00,Nongzhanguan,200.0,194.1330706963724
2017-01-07 12:00:00,Nongzhanguan,186.0,222.55674500051012
2017-01-07 13:00:00,Nongzhanguan,139.0,196.07985392199853
2017-01-07 14:00:00,Nongzhanguan,107.0,137.76837048017143
2017-01-07 15:00:00,Nongzhanguan,111.0,117.48787375459911
2017-01-07 16:00:00,Nongzhanguan,111.0,132.81691029962502
2017-01-07 17:00:00,Nongzhanguan,114.0,134.78630479906212
2017-01-07 18:00:00,Nongzhanguan,119.0,136.4956832471226
2017-01-07 19:00:00,Nongzhanguan,138.0,139.75773182449848
2017-01-07 20:00:00,Nongzhanguan,157.0,155.02075699832017
2017-01-07 21:00:00,Nongzhanguan,186.0,178.66135442907736
2017-01-07 22:00:00,Nongzhanguan,189.0,205.40227666216762
2017-01-07 23:00:00,Nongzhanguan,88.0,209.6289716134541
2017-01-08 00:00:00,Nongzhanguan,90.0,82.4714325812513
2017-01-08 01:00:00,Nongzhanguan,27.0,90.95701596214282
2017-01-08 02:00:00,Nongzhanguan,21.0,22.308601061465122
2017-01-08 03:00:00,Nongzhanguan,17.0,21.945614498391958
2017-01-08 04:00:00,Nongzhanguan,13.0,18.074185672144843
2017-01-08 05:00:00,Nongzhanguan,14.0,15.780204601931295
2017-01-08 06:00:00,Nongzhanguan,15.0,16.8123337822819
2017-01-08 07:00:00,Nongzhanguan,14.0,17.798276328751303
2017-01-08 08:00:00,Nongzhanguan,25.0,17.222948476069035
2017-01-08 09:00:00,Nongzhanguan,20.0,26.657159140876033
2017-01-08 10:00:00,Nongzhanguan,20.0,23.622659174791067
2017-01-08 11:00:00,Nongzhanguan,16.0,22.71249291824077
2017-01-08 12:00:00,Nongzhanguan,20.0,20.125704267471836
2017-01-08 13:00:00,Nongzhanguan,24.0,23.152251925482435
2017-01-08 14:00:00,Nongzhanguan,16.0,26.255030796373894
2017-01-08 15:00:00,Nongzhanguan,18.0,19.484175640817192
2017-01-08 16:00:00,Nongzhanguan,17.0,21.311620709621142
2017-01-08 17:00:00,Nongzhanguan,16.0,21.644513422342122
2017-01-08 18:00:00,Nongzhanguan,17.0,21.317084472558125
2017-01-08 19:00:00,Nongzhanguan,14.0,21.35436737231441
2017-01-08 20:00:00,Nongzhanguan,11.0,18.93813734684012
2017-01-08 21:00:00,Nongzhanguan,6.0,14.605125024430514
2017-01-08 22:00:00,Nongzhanguan,12.0,11.281239787977393
2017-01-08 23:00:00,Nongzhanguan,11.0,14.42587804718606
2017-01-09 00:00:00,Nongzhanguan,4.0,14.415929754401564
2017-01-09 01:00:00,Nongzhanguan,5.0,10.168906480532844
2017-01-09 02:00:00,Nongzhanguan,6.0,10.784139120168959
2017-01-09 03:00:00,Nongzhanguan,8.0,10.069231084095863
2017-01-09 04:00:00,Nongzhanguan,8.0,11.046281257692915
2017-01-09 05:00:00,Nongzhanguan,7.0,6.9090539463432785
2017-01-09 06:00:00,Nongzhanguan,7.0,6.575853940989758
2017-01-09 07:00:00,Nongzhanguan,11.0,6.667518360535935
2017-01-09 08:00:00,Nongzhanguan,7.0,9.823122452793887
2017-01-09 09:00:00,Nongzhanguan,14.0,7.058620961835255
2017-01-09 10:00:00,Nongzhanguan,10.0,11.17862187632702
2017-01-09 11:00:00,Nongzhanguan,11.0,9.94693891143529
2017-01-09 12:00:00,Nongzhanguan,14.0,11.259724654193857
2017-01-09 13:00:00,Nongzhanguan,22.0,18.22747675192893
2017-01-09 14:00:00,Nongzhanguan,20.0,25.103701088305172
2017-01-09 15:00:00,Nongzhanguan,33.0,25.034338214536767
2017-01-09 16:00:00,Nongzhanguan,40.0,44.25778199457842
2017-01-09 17:00:00,Nongzhanguan,49.0,54.59878554538198
2017-01-09 18:00:00,Nongzhanguan,67.0,68.3189483875871
2017-01-09 19:00:00,Nongzhanguan,86.0,80.06367602879891
2017-01-09 20:00:00,Nongzhanguan,127.0,94.1777452542728
2017-01-09 21:00:00,Nongzhanguan,145.0,129.84194536675372
2017-01-09 22:00:00,Nongzhanguan,141.0,123.63766763937336
2017-01-09 23:00:00,Nongzhanguan,79.0,122.15817069402134
2017-01-10 00:00:00,Nongzhanguan,63.0,63.808798665261925
2017-01-10 01:00:00,Nongzhanguan,14.0,40.16081081259084
2017-01-10 02:00:00,Nongzhanguan,4.0,8.349031127411644
2017-01-10 03:00:00,Nongzhanguan,6.0,7.420374651462469
2017-01-10 04:00:00,Nongzhanguan,7.0,5.329858700352056
2017-01-10 05:00:00,Nongzhanguan,5.0,5.879010126467046
2017-01-10 06:00:00,Nongzhanguan,5.0,4.877298267182363
2017-01-10 07:00:00,Nongzhanguan,5.0,5.10078303046942
2017-01-10 08:00:00,Nongzhanguan,7.0,25.821874515585648
2017-01-10 09:00:00,Nongzhanguan,10.0,8.983378073736354
2017-01-10 10:00:00,Nongzhanguan,3.0,10.779715717220848
2017-01-10 11:00:00,Nongzhanguan,5.0,5.6173136097898695
2017-01-10 12:00:00,Nongzhanguan,11.0,5.756138454914782
2017-01-10 13:00:00,Nongzhanguan,10.0,8.638086343741742
2017-01-10 14:00:00,Nongzhanguan,3.0,8.213556761331404
2017-01-10 15:00:00,Nongzhanguan,4.0,10.668341478541182
2017-01-10 16:00:00,Nongzhanguan,8.0,12.88463336458445
2017-01-10 17:00:00,Nongzhanguan,8.0,14.434516220387408
2017-01-10 18:00:00,Nongzhanguan,35.0,33.23058751343665
2017-01-10 19:00:00,Nongzhanguan,78.0,58.745838706644406
2017-01-10 20:00:00,Nongzhanguan,86.0,102.35872097275383
2017-01-10 21:00:00,Nongzhanguan,84.0,96.72167038026994
2017-01-10 22:00:00,Nongzhanguan,87.0,94.13686267763813
2017-01-10 23:00:00,Nongzhanguan,83.0,96.50286549326377
2017-01-11 00:00:00,Nongzhanguan,82.0,87.44070634390124
2017-01-11 01:00:00,Nongzhanguan,82.0,86.47362362308961
2017-01-11 02:00:00,Nongzhanguan,91.0,83.6625615457207
2017-01-11 03:00:00,Nongzhanguan,92.0,92.94332021400463
2017-01-11 04:00:00,Nongzhanguan,90.0,95.6802285721447
2017-01-11 05:00:00,Nongzhanguan,79.0,90.32825459230604
2017-01-11 06:00:00,Nongzhanguan,67.0,75.73749768194011
2017-01-11 07:00:00,Nongzhanguan,47.0,66.75081718020894
2017-01-11 08:00:00,Nongzhanguan,50.0,52.03372655544448
2017-01-11 09:00:00,Nongzhanguan,58.0,64.25854553229355
2017-01-11 10:00:00,Nongzhanguan,66.0,62.94862379829787
2017-01-11 11:00:00,Nongzhanguan,73.0,79.90235912115388
2017-01-11 12:00:00,Nongzhanguan,78.0,82.9761779901304
2017-01-11 13:00:00,Nongzhanguan,2.0,89.38888201131476
2017-01-11 14:00:00,Nongzhanguan,7.0,25.72230555475418
2017-01-11 15:00:00,Nongzhanguan,56.0,19.49329357615514
2017-01-11 16:00:00,Nongzhanguan,108.0,66.99835454454413
2017-01-11 17:00:00,Nongzhanguan,116.0,129.10443670099022
2017-01-11 18:00:00,Nongzhanguan,103.0,133.08355721877902
2017-01-11 19:00:00,Nongzhanguan,63.0,123.26669273878615
2017-01-11 20:00:00,Nongzhanguan,50.0,68.98066286211672
2017-01-11 21:00:00,Nongzhanguan,21.0,60.700657239529406
2017-01-11 22:00:00,Nongzhanguan,34.0,31.79039457596398
2017-01-11 23:00:00,Nongzhanguan,49.0,39.588936695447686
2017-01-12 00:00:00,Nongzhanguan,29.0,56.52308564411069
2017-01-12 01:00:00,Nongzhanguan,17.0,29.441368303275006
2017-01-12 02:00:00,Nongzhanguan,25.0,18.830365168864596
2017-01-12 03:00:00,Nongzhanguan,34.0,27.53011287977018
2017-01-12 04:00:00,Nongzhanguan,31.0,39.86527379204187
2017-01-12 05:00:00,Nongzhanguan,27.0,30.25963856677554
2017-01-12 06:00:00,Nongzhanguan,26.0,29.192868213697825
2017-01-12 07:00:00,Nongzhanguan,23.0,31.34335528317423
2017-01-12 08:00:00,Nongzhanguan,20.0,24.431718636332302
2017-01-12 09:00:00,Nongzhanguan,19.0,27.5998088248454
2017-01-12 10:00:00,Nongzhanguan,18.0,31.31341973358011
2017-01-12 11:00:00,Nongzhanguan,16.0,27.281200728927956
2017-01-12 12:00:00,Nongzhanguan,51.0,25.671762191396972
2017-01-12 13:00:00,Nongzhanguan,68.0,55.678757468550266
2017-01-12 14:00:00,Nongzhanguan,67.0,70.75182927183346
2017-01-12 15:00:00,Nongzhanguan,94.0,70.4697289767416
2017-01-12 16:00:00,Nongzhanguan,104.0,108.08469752133163
2017-01-12 17:00:00,Nongzhanguan,107.0,122.23359135985687
2017-01-12 18:00:00,Nongzhanguan,122.0,127.35834242565772
2017-01-12 19:00:00,Nongzhanguan,119.0,144.29362136525447
2017-01-12 20:00:00,Nongzhanguan,42.0,128.48803927753875
2017-01-12 21:00:00,Nongzhanguan,16.0,48.169952546783584
2017-01-12 22:00:00,Nongzhanguan,12.0,17.79556448801623
2017-01-12 23:00:00,Nongzhanguan,15.0,10.267822845064936
2017-01-13 00:00:00,Nongzhanguan,10.0,12.299853994281998
2017-01-13 01:00:00,Nongzhanguan,16.0,9.301154713255112
2017-01-13 02:00:00,Nongzhanguan,16.0,13.499654584071113
2017-01-13 03:00:00,Nongzhanguan,3.0,13.95843527665822
2017-01-13 04:00:00,Nongzhanguan,13.0,8.4782293998827
2017-01-13 05:00:00,Nongzhanguan,13.0,12.337551067176184
2017-01-13 06:00:00,Nongzhanguan,9.0,13.372331061088051
2017-01-13 07:00:00,Nongzhanguan,12.0,14.061080552011907
2017-01-13 08:00:00,Nongzhanguan,18.0,11.07516151286056
2017-01-13 09:00:00,Nongzhanguan,13.0,15.846515833479204
2017-01-13 10:00:00,Nongzhanguan,23.0,11.868741965917318
2017-01-13 11:00:00,Nongzhanguan,10.0,19.811389198479713
2017-01-13 12:00:00,Nongzhanguan,19.0,9.852461131751639
2017-01-13 13:00:00,Nongzhanguan,17.0,14.964325047076269
2017-01-13 14:00:00,Nongzhanguan,13.0,19.05397881440148
2017-01-13 15:00:00,Nongzhanguan,5.0,12.066202025658228
2017-01-13 16:00:00,Nongzhanguan,4.0,7.812809245857247
2017-01-13 17:00:00,Nongzhanguan,18.0,8.65195399343259
2017-01-13 18:00:00,Nongzhanguan,7.0,17.01493331446375
2017-01-13 19:00:00,Nongzhanguan,8.0,9.5779206634879
2017-01-13 20:00:00,Nongzhanguan,13.0,8.327137974354285
2017-01-13 21:00:00,Nongzhanguan,23.0,12.2424370862928
2017-01-13 22:00:00,Nongzhanguan,23.0,19.64318390975422
2017-01-13 23:00:00,Nongzhanguan,18.0,19.439789526935826
2017-01-14 00:00:00,Nongzhanguan,10.0,22.92529551317307
2017-01-14 01:00:00,Nongzhanguan,14.0,10.559521164707391
2017-01-14 02:00:00,Nongzhanguan,20.0,12.987595976024831
2017-01-14 03:00:00,Nongzhanguan,23.0,17.944886698983897
2017-01-14 04:00:00,Nongzhanguan,15.0,19.489022869812175
2017-01-14 05:00:00,Nongzhanguan,14.0,16.00629058438856
2017-01-14 06:00:00,Nongzhanguan,15.0,12.837815160060963
2017-01-14 07:00:00,Nongzhanguan,18.0,16.326576948521804
2017-01-14 08:00:00,Nongzhanguan,3.0,20.27433897748607
2017-01-14 09:00:00,Nongzhanguan,20.0,13.269951980222167
2017-01-14 10:00:00,Nongzhanguan,20.0,20.250006501041906
2017-01-14 11:00:00,Nongzhanguan,8.0,19.827851717690464
2017-01-14 12:00:00,Nongzhanguan,10.0,11.320596793508733
2017-01-14 13:00:00,Nongzhanguan,2.0,10.03188660896544
2017-01-14 14:00:00,Nongzhanguan,4.0,12.825477487768953
2017-01-14 15:00:00,Nongzhanguan,21.0,11.53497806586488
2017-01-14 16:00:00,Nongzhanguan,31.0,20.072756470744512
2017-01-14 17:00:00,Nongzhanguan,39.0,37.63612117475761
2017-01-14 18:00:00,Nongzhanguan,33.0,48.09515016123111
2017-01-14 19:00:00,Nongzhanguan,55.0,50.070530658600276
2017-01-14 20:00:00,Nongzhanguan,40.0,66.91585953171706
2017-01-14 21:00:00,Nongzhanguan,31.0,62.610672545480696
2017-01-14 22:00:00,Nongzhanguan,38.0,43.166172201733396
2017-01-14 23:00:00,Nongzhanguan,30.0,48.482450535924215
2017-01-15 00:00:00,Nongzhanguan,26.0,39.13347640633417
2017-01-15 01:00:00,Nongzhanguan,37.0,31.141846197728714
2017-01-15 02:00:00,Nongzhanguan,49.0,42.527292769106225
2017-01-15 03:00:00,Nongzhanguan,40.0,51.90501934493087
2017-01-15 04:00:00,Nongzhanguan,45.0,46.009908580862955
2017-01-15 05:00:00,Nongzhanguan,50.0,50.53974948194916
2017-01-15 06:00:00,Nongzhanguan,46.0,58.16963820534589
2017-01-15 07:00:00,Nongzhanguan,36.0,51.951468326709694
2017-01-15 08:00:00,Nongzhanguan,19.0,41.567538700956014
2017-01-15 09:00:00,Nongzhanguan,31.0,26.056475870254406
2017-01-15 10:00:00,Nongzhanguan,33.0,37.76705186231869
2017-01-15 11:00:00,Nongzhanguan,31.0,40.53381099181126
2017-01-15 12:00:00,Nongzhanguan,33.0,39.4280325606635
2017-01-15 13:00:00,Nongzhanguan,50.0,43.09829747880276
2017-01-15 14:00:00,Nongzhanguan,54.0,58.55217025436162
2017-01-15 15:00:00,Nongzhanguan,59.0,64.55577167583813
2017-01-15 16:00:00,Nongzhanguan,53.0,71.7321582219774
2017-01-15 17:00:00,Nongzhanguan,64.0,69.74214832170695
2017-01-15 18:00:00,Nongzhanguan,69.0,78.46475095400795
2017-01-15 19:00:00,Nongzhanguan,80.0,88.48685680163035
2017-01-15 20:00:00,Nongzhanguan,87.0,87.69522607976896
2017-01-15 21:00:00,Nongzhanguan,83.0,87.9304958345449
2017-01-15 22:00:00,Nongzhanguan,94.0,87.26371818562846
2017-01-15 23:00:00,Nongzhanguan,95.0,102.02598881665723
2017-01-16 00:00:00,Nongzhanguan,95.0,100.87480494935714
2017-01-16 01:00:00,Nongzhanguan,109.0,100.97049750577712
2017-01-16 02:00:00,Nongzhanguan,108.0,113.39325602882957
2017-01-16 03:00:00,Nongzhanguan,105.0,109.83210920606564
2017-01-16 04:00:00,Nongzhanguan,100.0,104.74668860497081
2017-01-16 05:00:00,Nongzhanguan,109.0,98.27519118140677
2017-01-16 06:00:00,Nongzhanguan,98.0,109.03894846760441
2017-01-16 07:00:00,Nongzhanguan,79.0,103.71243505070086
2017-01-16 08:00:00,Nongzhanguan,64.0,82.11789105786684
2017-01-16 09:00:00,Nongzhanguan,51.0,63.85044138574861
2017-01-16 10:00:00,Nongzhanguan,61.0,54.67329817158825
2017-01-16 11:00:00,Nongzhanguan,68.0,65.70256609245806
2017-01-16 12:00:00,Nongzhanguan,83.0,74.70490014321227
2017-01-16 13:00:00,Nongzhanguan,92.0,88.70776651375968
2017-01-16 14:00:00,Nongzhanguan,105.0,103.75785175953195
2017-01-16 15:00:00,Nongzhanguan,110.0,113.96796623982151
2017-01-16 16:00:00,Nongzhanguan,118.0,116.82406196075776
2017-01-16 17:00:00,Nongzhanguan,120.0,118.0720855097444
2017-01-16 18:00:00,Nongzhanguan,128.0,131.13791376732095
2017-01-16 19:00:00,Nongzhanguan,135.0,141.3129142321793
2017-01-16 20:00:00,Nongzhanguan,125.0,145.91752760294375
2017-01-16 21:00:00,Nongzhanguan,112.0,132.0914949587349
2017-01-16 22:00:00,Nongzhanguan,116.0,117.58784530417527
2017-01-16 23:00:00,Nongzhanguan,113.0,120.84127281477043
2017-01-17 00:00:00,Nongzhanguan,99.0,118.1193184946867
2017-01-17 01:00:00,Nongzhanguan,106.0,102.09410265859457
2017-01-17 02:00:00,Nongzhanguan,106.0,108.73902017243485
2017-01-17 03:00:00,Nongzhanguan,117.0,105.34645260867588
2017-01-17 04:00:00,Nongzhanguan,117.0,122.71793516049303
2017-01-17 05:00:00,Nongzhanguan,109.0,114.89431674322323
2017-01-17 06:00:00,Nongzhanguan,121.0,111.53470110734689
2017-01-17 07:00:00,Nongzhanguan,146.0,132.02033747711155
2017-01-17 08:00:00,Nongzhanguan,154.0,154.73373105595152
2017-01-17 09:00:00,Nongzhanguan,120.0,163.4678846307439
2017-01-17 10:00:00,Nongzhanguan,135.0,112.96068366553219
2017-01-17 11:00:00,Nongzhanguan,147.0,146.72671718770317
2017-01-17 12:00:00,Nongzhanguan,169.0,155.30140850954405
2017-01-17 13:00:00,Nongzhanguan,163.0,178.78993090659768
2017-01-17 14:00:00,Nongzhanguan,158.0,170.4105738755563
2017-01-17 15:00:00,Nongzhanguan,156.0,165.38458039105
2017-01-17 16:00:00,Nongzhanguan,176.0,168.94506449229786
2017-01-17 17:00:00,Nongzhanguan,174.0,194.51690052803164
2017-01-17 18:00:00,Nongzhanguan,173.0,198.7903834658614
2017-01-17 19:00:00,Nongzhanguan,178.0,190.30245005022593
2017-01-17 20:00:00,Nongzhanguan,159.0,179.6346550591953
2017-01-17 21:00:00,Nongzhanguan,170.0,167.3806797043132
2017-01-17 22:00:00,Nongzhanguan,174.0,187.51624754759288
2017-01-17 23:00:00,Nongzhanguan,159.0,187.52653187700642
2017-01-18 00:00:00,Nongzhanguan,115.0,160.54732957580424
2017-01-18 01:00:00,Nongzhanguan,107.0,107.8500589908729
2017-01-18 02:00:00,Nongzhanguan,56.0,108.18258205040532
2017-01-18 03:00:00,Nongzhanguan,34.0,50.11123857992367
2017-01-18 04:00:00,Nongzhanguan,30.0,33.164910884537235
2017-01-18 05:00:00,Nongzhanguan,25.0,28.504236865547085
2017-01-18 06:00:00,Nongzhanguan,30.0,25.629356373388276
2017-01-18 07:00:00,Nongzhanguan,25.0,29.942018294256428
2017-01-18 08:00:00,Nongzhanguan,23.0,27.16273432280607
2017-01-18 09:00:00,Nongzhanguan,22.0,24.799705350817863
2017-01-18 10:00:00,Nongzhanguan,20.0,22.465025459369695
2017-01-18 11:00:00,Nongzhanguan,20.0,21.757394617495194
2017-01-18 12:00:00,Nongzhanguan,15.0,21.724237580074703
2017-01-18 13:00:00,Nongzhanguan,3.0,18.323081896009505
2017-01-18 14:00:00,Nongzhanguan,19.0,14.335765575507098
2017-01-18 15:00:00,Nongzhanguan,48.0,24.68679248912161
2017-01-18 16:00:00,Nongzhanguan,40.0,58.07573098057443
2017-01-18 17:00:00,Nongzhanguan,44.0,52.497267481097936
2017-01-18 18:00:00,Nongzhanguan,44.0,56.491052541638204
2017-01-18 19:00:00,Nongzhanguan,48.0,56.372705792192534
2017-01-18 20:00:00,Nongzhanguan,51.0,59.7381624483368
2017-01-18 21:00:00,Nongzhanguan,59.0,58.76384748669608
2017-01-18 22:00:00,Nongzhanguan,68.0,70.31124458997903
2017-01-18 23:00:00,Nongzhanguan,69.0,73.77930535237367
2017-01-19 00:00:00,Nongzhanguan,79.0,77.71247793348083
2017-01-19 01:00:00,Nongzhanguan,88.0,92.47185001181924
2017-01-19 02:00:00,Nongzhanguan,102.0,94.6880857294091
2017-01-19 03:00:00,Nongzhanguan,141.0,119.54799378079177
2017-01-19 04:00:00,Nongzhanguan,118.0,156.8059171092701
2017-01-19 05:00:00,Nongzhanguan,101.0,128.01877164702057
2017-01-19 06:00:00,Nongzhanguan,99.0,112.15006726344265
2017-01-19 07:00:00,Nongzhanguan,100.0,117.49510021589337
2017-01-19 08:00:00,Nongzhanguan,89.0,121.06372024595626
2017-01-19 09:00:00,Nongzhanguan,43.0,79.32279316469581
2017-01-19 10:00:00,Nongzhanguan,13.0,33.41641805792866
2017-01-19 11:00:00,Nongzhanguan,13.0,8.296273181070998
2017-01-19 12:00:00,Nongzhanguan,15.0,9.873165004369099
2017-01-19 13:00:00,Nongzhanguan,13.0,11.63537043837224
2017-01-19 14:00:00,Nongzhanguan,10.0,11.540429566789522
2017-01-19 15:00:00,Nongzhanguan,8.0,8.942513790731683
2017-01-19 16:00:00,Nongzhanguan,9.0,8.945462093567507
2017-01-19 17:00:00,Nongzhanguan,14.0,11.474892995501921
2017-01-19 18:00:00,Nongzhanguan,7.0,15.35054647084425
2017-01-19 19:00:00,Nongzhanguan,11.0,11.421275733194532
2017-01-19 20:00:00,Nongzhanguan,9.0,12.088325496877083
2017-01-19 21:00:00,Nongzhanguan,7.0,10.535592954944937
2017-01-19 22:00:00,Nongzhanguan,9.0,9.400288767058221
2017-01-19 23:00:00,Nongzhanguan,6.0,9.900928736501363
2017-01-20 00:00:00,Nongzhanguan,4.0,9.333263404628974
2017-01-20 01:00:00,Nongzhanguan,7.0,9.212394262827164
2017-01-20 02:00:00,Nongzhanguan,5.0,8.884345928441906
2017-01-20 03:00:00,Nongzhanguan,4.0,8.2054953549506
2017-01-20 04:00:00,Nongzhanguan,5.0,8.004996085100963
2017-01-20 05:00:00,Nongzhanguan,3.0,8.547899774524723
2017-01-20 06:00:00,Nongzhanguan,6.0,8.272787711053942
2017-01-20 07:00:00,Nongzhanguan,8.0,9.460725608845308
2017-01-20 08:00:00,Nongzhanguan,8.0,11.889319886537127
2017-01-20 09:00:00,Nongzhanguan,10.0,13.630019510424882
2017-01-20 10:00:00,Nongzhanguan,14.0,11.91125100619567
2017-01-20 11:00:00,Nongzhanguan,8.0,16.900623457555564
2017-01-20 12:00:00,Nongzhanguan,14.0,14.29675720376293
2017-01-20 13:00:00,Nongzhanguan,15.0,16.813612543768283
2017-01-20 14:00:00,Nongzhanguan,25.0,18.56159042378573
2017-01-20 15:00:00,Nongzhanguan,26.0,29.901112167081422
2017-01-20 16:00:00,Nongzhanguan,29.0,32.46745353893581
2017-01-20 17:00:00,Nongzhanguan,28.0,36.205348371283485
2017-01-20 18:00:00,Nongzhanguan,38.0,35.768951870367744
2017-01-20 19:00:00,Nongzhanguan,48.0,47.3569108013119
2017-01-20 20:00:00,Nongzhanguan,54.0,55.00027810591161
2017-01-20 21:00:00,Nongzhanguan,54.0,59.037842267552165
2017-01-20 22:00:00,Nongzhanguan,69.0,58.7447718685309
2017-01-20 23:00:00,Nongzhanguan,63.0,73.90422508290806
2017-01-21 00:00:00,Nongzhanguan,62.0,65.69399520470765
2017-01-21 01:00:00,Nongzhanguan,77.0,65.36694846358323
2017-01-21 02:00:00,Nongzhanguan,93.0,80.39740412681564
2017-01-21 03:00:00,Nongzhanguan,105.0,94.20849106776967
2017-01-21 04:00:00,Nongzhanguan,97.0,101.33890937975508
2017-01-21 05:00:00,Nongzhanguan,74.0,95.8733822058887
2017-01-21 06:00:00,Nongzhanguan,17.0,56.90138163770393
2017-01-21 07:00:00,Nongzhanguan,7.0,14.389980384566822
2017-01-21 08:00:00,Nongzhanguan,6.0,9.07447325271253
2017-01-21 09:00:00,Nongzhanguan,6.0,6.328181270571131
2017-01-21 10:00:00,Nongzhanguan,8.0,5.499648158922558
2017-01-21 11:00:00,Nongzhanguan,5.0,6.68915671662055
2017-01-21 12:00:00,Nongzhanguan,10.0,5.9719880051349925
2017-01-21 13:00:00,Nongzhanguan,10.0,7.606235638743527
2017-01-21 14:00:00,Nongzhanguan,7.0,8.04327096636114
2017-01-21 15:00:00,Nongzhanguan,7.0,6.587274439765279
2017-01-21 16:00:00,Nongzhanguan,8.0,6.957603887036096
2017-01-21 17:00:00,Nongzhanguan,8.0,11.377724738596807
2017-01-21 18:00:00,Nongzhanguan,15.0,11.218389854614568
2017-01-21 19:00:00,Nongzhanguan,8.0,15.362797979893934
2017-01-21 20:00:00,Nongzhanguan,5.0,11.319715119345199
2017-01-21 21:00:00,Nongzhanguan,7.0,9.63990903371729
2017-01-21 22:00:00,Nongzhanguan,8.0,10.106482727965417
2017-01-21 23:00:00,Nongzhanguan,10.0,11.207532398565567
2017-01-22 00:00:00,Nongzhanguan,13.0,10.355423965048901
2017-01-22 01:00:00,Nongzhanguan,14.0,13.72859849863508
2017-01-22 02:00:00,Nongzhanguan,12.0,13.959563163320764
2017-01-22 03:00:00,Nongzhanguan,15.0,12.22405288105383
2017-01-22 04:00:00,Nongzhanguan,14.0,14.035781293699321
2017-01-22 05:00:00,Nongzhanguan,11.0,14.05579455629029
2017-01-22 06:00:00,Nongzhanguan,13.0,12.388438572817707
2017-01-22 07:00:00,Nongzhanguan,15.0,12.940822766948257
2017-01-22 08:00:00,Nongzhanguan,13.0,14.5901013951503
2017-01-22 09:00:00,Nongzhanguan,17.0,12.969342200451864
2017-01-22 10:00:00,Nongzhanguan,17.0,15.499153203104202
2017-01-22 11:00:00,Nongzhanguan,12.0,17.62273511798828
2017-01-22 12:00:00,Nongzhanguan,18.0,13.336162052372377
2017-01-22 13:00:00,Nongzhanguan,20.0,21.088268256971407
2017-01-22 14:00:00,Nongzhanguan,26.0,24.283235675876643
2017-01-22 15:00:00,Nongzhanguan,28.0,30.855661753726807
2017-01-22 16:00:00,Nongzhanguan,50.0,37.80032957743705
2017-01-22 17:00:00,Nongzhanguan,64.0,59.3305034250139
2017-01-22 18:00:00,Nongzhanguan,73.0,74.46466710449819
2017-01-22 19:00:00,Nongzhanguan,58.0,84.7442538896105
2017-01-22 20:00:00,Nongzhanguan,52.0,59.71115777601976
2017-01-22 21:00:00,Nongzhanguan,56.0,53.054128688164134
2017-01-22 22:00:00,Nongzhanguan,46.0,57.05774811464758
2017-01-22 23:00:00,Nongzhanguan,34.0,46.03239639265851
2017-01-23 00:00:00,Nongzhanguan,28.0,32.503605284037945
2017-01-23 01:00:00,Nongzhanguan,27.0,26.423998353326454
2017-01-23 02:00:00,Nongzhanguan,18.0,26.17938093169115
2017-01-23 03:00:00,Nongzhanguan,20.0,18.65647424278303
2017-01-23 04:00:00,Nongzhanguan,17.0,20.435631077660982
2017-01-23 05:00:00,Nongzhanguan,18.0,17.414505951278148
2017-01-23 06:00:00,Nongzhanguan,20.0,18.637145907489565
2017-01-23 07:00:00,Nongzhanguan,16.0,22.457135405982708
2017-01-23 08:00:00,Nongzhanguan,14.0,18.63059238106845
2017-01-23 09:00:00,Nongzhanguan,9.0,15.583180839613501
2017-01-23 10:00:00,Nongzhanguan,15.0,11.0127496750273
2017-01-23 11:00:00,Nongzhanguan,18.0,14.442745843283385
2017-01-23 12:00:00,Nongzhanguan,19.0,18.656153724857514
2017-01-23 13:00:00,Nongzhanguan,26.0,22.142454562248815
2017-01-23 14:00:00,Nongzhanguan,30.0,25.260774107260662
2017-01-23 15:00:00,Nongzhanguan,35.0,30.32362503477434
2017-01-23 16:00:00,Nongzhanguan,42.0,38.4961284664755
2017-01-23 17:00:00,Nongzhanguan,47.0,49.166687012207994
2017-01-23 18:00:00,Nongzhanguan,65.0,55.44437212625717
2017-01-23 19:00:00,Nongzhanguan,76.0,77.01272225793535
2017-01-23 20:00:00,Nongzhanguan,90.0,85.48028646918397
2017-01-23 21:00:00,Nongzhanguan,109.0,94.46336751858446
2017-01-23 22:00:00,Nongzhanguan,119.0,119.51084412606254
2017-01-23 23:00:00,Nongzhanguan,135.0,122.98464597653997
2017-01-24 00:00:00,Nongzhanguan,150.0,147.42212449940936
2017-01-24 01:00:00,Nongzhanguan,149.0,166.3810783265417
2017-01-24 02:00:00,Nongzhanguan,145.0,143.77147610980353
2017-01-24 03:00:00,Nongzhanguan,133.0,130.65211711600335
2017-01-24 04:00:00,Nongzhanguan,154.0,119.65457519257015
2017-01-24 05:00:00,Nongzhanguan,158.0,143.3011353658221
2017-01-24 06:00:00,Nongzhanguan,115.0,142.6562164466902
2017-01-24 07:00:00,Nongzhanguan,66.0,85.21586233879579
2017-01-24 08:00:00,Nongzhanguan,45.0,43.6559505106647
2017-01-24 09:00:00,Nongzhanguan,34.0,37.88310962780604
2017-01-24 10:00:00,Nongzhanguan,32.0,27.09542815034342
2017-01-24 11:00:00,Nongzhanguan,52.0,34.8483839006217
2017-01-24 12:00:00,Nongzhanguan,64.0,54.185595347200696
2017-01-24 13:00:00,Nongzhanguan,69.0,64.34839965908274
2017-01-24 14:00:00,Nongzhanguan,81.0,71.80375503384504
2017-01-24 15:00:00,Nongzhanguan,97.0,87.7853707736299
2017-01-24 16:00:00,Nongzhanguan,120.0,115.61567915743953
2017-01-24 17:00:00,Nongzhanguan,129.0,140.78776778089036
2017-01-24 18:00:00,Nongzhanguan,130.0,149.16631745693883
2017-01-24 19:00:00,Nongzhanguan,128.0,153.7828488390816
2017-01-24 20:00:00,Nongzhanguan,125.0,145.8502739861876
2017-01-24 21:00:00,Nongzhanguan,123.0,140.91363601766125
2017-01-24 22:00:00,Nongzhanguan,131.0,139.11051151523284
2017-01-24 23:00:00,Nongzhanguan,160.0,143.00047897172692
2017-01-25 00:00:00,Nongzhanguan,173.0,167.82601852042552
2017-01-25 01:00:00,Nongzhanguan,182.0,183.8488378391916
2017-01-25 02:00:00,Nongzhanguan,198.0,169.60251775323408
2017-01-25 03:00:00,Nongzhanguan,208.0,182.00239020487737
2017-01-25 04:00:00,Nongzhanguan,232.0,211.51816106119816
2017-01-25 05:00:00,Nongzhanguan,219.0,213.50027394778354
2017-01-25 06:00:00,Nongzhanguan,190.0,191.09225388750295
2017-01-25 07:00:00,Nongzhanguan,160.0,173.6310024912524
2017-01-25 08:00:00,Nongzhanguan,138.0,143.56280834579093
2017-01-25 09:00:00,Nongzhanguan,114.0,130.72543646634747
2017-01-25 10:00:00,Nongzhanguan,114.0,108.9901705262125
2017-01-25 11:00:00,Nongzhanguan,121.0,101.35358139627061
2017-01-25 12:00:00,Nongzhanguan,135.0,118.67535164528712
2017-01-25 14:00:00,Nongzhanguan,146.0,137.2403350422739
2017-01-25 15:00:00,Nongzhanguan,170.0,171.6965836998903
2017-01-25 16:00:00,Nongzhanguan,187.0,177.12694596175987
2017-01-25 17:00:00,Nongzhanguan,189.0,201.09700795505233
2017-01-25 18:00:00,Nongzhanguan,202.0,200.0568482381226
2017-01-25 19:00:00,Nongzhanguan,222.0,218.10535182016574
2017-01-25 20:00:00,Nongzhanguan,232.0,227.50850244211696
2017-01-25 21:00:00,Nongzhanguan,251.0,235.99364629282812
2017-01-25 22:00:00,Nongzhanguan,268.0,246.97639735123727
2017-01-25 23:00:00,Nongzhanguan,277.0,253.09832063729627
2017-01-26 00:00:00,Nongzhanguan,282.0,267.5265046836308
2017-01-26 01:00:00,Nongzhanguan,306.0,262.01056539725414
2017-01-26 02:00:00,Nongzhanguan,339.0,290.4490560018652
2017-01-26 03:00:00,Nongzhanguan,335.0,315.565611593486
2017-01-26 04:00:00,Nongzhanguan,336.0,312.73906407114765
2017-01-26 05:00:00,Nongzhanguan,320.0,309.97821799921087
2017-01-26 06:00:00,Nongzhanguan,310.0,294.5144652476351
2017-01-26 07:00:00,Nongzhanguan,292.0,298.634807009635
2017-01-26 08:00:00,Nongzhanguan,283.0,264.23615620665856
2017-01-26 09:00:00,Nongzhanguan,282.0,278.00477979838473
2017-01-26 10:00:00,Nongzhanguan,301.0,268.0392532797676
2017-01-26 11:00:00,Nongzhanguan,300.0,289.7114045746523
2017-01-26 12:00:00,Nongzhanguan,211.0,295.08633969923346
2017-01-26 13:00:00,Nongzhanguan,81.0,184.13374922468566
2017-01-26 14:00:00,Nongzhanguan,47.0,47.13291981147486
2017-01-26 15:00:00,Nongzhanguan,8.0,40.708695691205804
2017-01-26 16:00:00,Nongzhanguan,9.0,9.949075718606803
2017-01-26 17:00:00,Nongzhanguan,12.0,9.998250471676814
2017-01-26 18:00:00,Nongzhanguan,6.0,12.114830781869195
2017-01-26 19:00:00,Nongzhanguan,7.0,7.8416009102580295
2017-01-26 20:00:00,Nongzhanguan,11.0,7.597747526837375
2017-01-26 21:00:00,Nongzhanguan,5.0,9.38848738117533
2017-01-26 22:00:00,Nongzhanguan,7.0,6.429299263135528
2017-01-26 23:00:00,Nongzhanguan,5.0,8.090340866198911
2017-01-27 00:00:00,Nongzhanguan,8.0,8.465563497516706
2017-01-27 01:00:00,Nongzhanguan,5.0,12.37034889566065
2017-01-27 02:00:00,Nongzhanguan,9.0,8.872338391759232
2017-01-27 03:00:00,Nongzhanguan,9.0,9.091623976603753
2017-01-27 04:00:00,Nongzhanguan,7.0,12.770453620066947
2017-01-27 05:00:00,Nongzhanguan,12.0,11.408075903674602
2017-01-27 06:00:00,Nongzhanguan,13.0,13.116033303111307
2017-01-27 07:00:00,Nongzhanguan,11.0,20.56160621759516
2017-01-27 08:00:00,Nongzhanguan,16.0,19.135889371478545
2017-01-27 09:00:00,Nongzhanguan,23.0,23.362144584523246
2017-01-27 10:00:00,Nongzhanguan,31.0,27.51137523549789
2017-01-27 11:00:00,Nongzhanguan,47.0,31.1912678581768
2017-01-27 12:00:00,Nongzhanguan,50.0,47.293471960474335
2017-01-27 13:00:00,Nongzhanguan,36.0,69.94529447029917
2017-01-27 14:00:00,Nongzhanguan,44.0,59.8472254818837
2017-01-27 15:00:00,Nongzhanguan,44.0,67.02824918693632
2017-01-27 16:00:00,Nongzhanguan,62.0,45.72807033083803
2017-01-27 17:00:00,Nongzhanguan,70.0,64.46366216175528
2017-01-27 18:00:00,Nongzhanguan,91.0,78.35878681604294
2017-01-27 19:00:00,Nongzhanguan,117.0,100.47044374161256
2017-01-27 20:00:00,Nongzhanguan,177.0,121.68515795012154
2017-01-27 21:00:00,Nongzhanguan,249.0,181.84566544425127
2017-01-27 22:00:00,Nongzhanguan,352.0,252.9203268873432
2017-01-27 23:00:00,Nongzhanguan,363.0,362.0024599334423
2017-01-28 00:00:00,Nongzhanguan,640.0,373.3149091499533
2017-01-28 01:00:00,Nongzhanguan,835.0,558.497462528277
2017-01-28 02:00:00,Nongzhanguan,678.0,495.6713534959025
2017-01-28 03:00:00,Nongzhanguan,744.0,522.4127308172291
2017-01-28 04:00:00,Nongzhanguan,632.0,416.4063743335561
2017-01-28 05:00:00,Nongzhanguan,494.0,471.01719460694807
2017-01-28 06:00:00,Nongzhanguan,403.0,395.0450083343893
2017-01-28 07:00:00,Nongzhanguan,368.0,329.09322519132877
2017-01-28 08:00:00,Nongzhanguan,291.0,322.74176912180144
2017-01-28 09:00:00,Nongzhanguan,260.0,259.3010711188367
2017-01-28 10:00:00,Nongzhanguan,247.0,254.46992968318202
2017-01-28 11:00:00,Nongzhanguan,230.0,241.1390274025613
2017-01-28 12:00:00,Nongzhanguan,233.0,202.61865929246855
2017-01-28 13:00:00,Nongzhanguan,222.0,233.04171487689257
2017-01-28 14:00:00,Nongzhanguan,239.0,220.43031198213234
2017-01-28 15:00:00,Nongzhanguan,236.0,216.65045001989688
2017-01-28 16:00:00,Nongzhanguan,238.0,231.03324058741512
2017-01-28 17:00:00,Nongzhanguan,220.0,240.55516296314244
2017-01-28 18:00:00,Nongzhanguan,212.0,228.05023847381557
2017-01-28 19:00:00,Nongzhanguan,244.0,219.9660606626687
2017-01-28 20:00:00,Nongzhanguan,251.0,247.84503082043025
2017-01-28 21:00:00,Nongzhanguan,272.0,252.51979105349267
2017-01-28 22:00:00,Nongzhanguan,287.0,262.7094250518923
2017-01-28 23:00:00,Nongzhanguan,271.0,286.21239540297324
2017-01-29 00:00:00,Nongzhanguan,287.0,264.9534601664562
2017-01-29 01:00:00,Nongzhanguan,241.0,298.2733687983424
2017-01-29 02:00:00,Nongzhanguan,57.0,144.0942155608972
2017-01-29 03:00:00,Nongzhanguan,5.0,1.6017489022608933
2017-01-29 04:00:00,Nongzhanguan,9.0,8.126621146444313
2017-01-29 05:00:00,Nongzhanguan,12.0,13.339106542676337
2017-01-29 06:00:00,Nongzhanguan,13.0,13.548244024447138
2017-01-29 07:00:00,Nongzhanguan,14.0,14.266928113201143
2017-01-29 08:00:00,Nongzhanguan,8.0,15.721805874508162
2017-01-29 09:00:00,Nongzhanguan,9.0,9.908715798285924
2017-01-29 10:00:00,Nongzhanguan,13.0,8.883893898634668
2017-01-29 11:00:00,Nongzhanguan,14.0,11.739644556509626
2017-01-29 12:00:00,Nongzhanguan,11.0,12.941719777534928
2017-01-29 13:00:00,Nongzhanguan,12.0,11.314714967751383
2017-01-29 14:00:00,Nongzhanguan,8.0,15.434382955066443
2017-01-29 15:00:00,Nongzhanguan,12.0,9.60052514224174
2017-01-29 16:00:00,Nongzhanguan,10.0,12.299199825963836
2017-01-29 17:00:00,Nongzhanguan,9.0,12.01093284281644
2017-01-29 18:00:00,Nongzhanguan,16.0,10.983726600828879
2017-01-29 19:00:00,Nongzhanguan,6.0,15.364171381909648
2017-01-29 20:00:00,Nongzhanguan,4.0,8.907501532677175
2017-01-29 21:00:00,Nongzhanguan,8.0,12.440469297091772
2017-01-29 22:00:00,Nongzhanguan,10.0,13.108603677231375
2017-01-29 23:00:00,Nongzhanguan,7.0,13.812905672790269
2017-01-30 00:00:00,Nongzhanguan,6.0,7.528915570586629
2017-01-30 01:00:00,Nongzhanguan,7.0,7.245464700437281
2017-01-30 02:00:00,Nongzhanguan,9.0,7.493630490473661
2017-01-30 03:00:00,Nongzhanguan,9.0,8.14732382623762
2017-01-30 04:00:00,Nongzhanguan,8.0,8.004044490771
2017-01-30 05:00:00,Nongzhanguan,8.0,8.150362421571856
2017-01-30 06:00:00,Nongzhanguan,8.0,8.377389511027786
2017-01-30 07:00:00,Nongzhanguan,5.0,9.4286961229161
2017-01-30 08:00:00,Nongzhanguan,9.0,8.473285050625929
2017-01-30 09:00:00,Nongzhanguan,11.0,9.090418786055912
2017-01-30 10:00:00,Nongzhanguan,4.0,11.293618452780763
2017-01-30 11:00:00,Nongzhanguan,11.0,7.740342259816658
2017-01-30 12:00:00,Nongzhanguan,14.0,10.261428507713653
2017-01-30 13:00:00,Nongzhanguan,8.0,15.363082806347823
2017-01-30 14:00:00,Nongzhanguan,7.0,13.933860783290385
2017-01-30 15:00:00,Nongzhanguan,6.0,13.555002355150641
2017-01-30 16:00:00,Nongzhanguan,22.0,12.986500167787879
2017-01-30 17:00:00,Nongzhanguan,101.0,25.674907494927588
2017-01-30 18:00:00,Nongzhanguan,84.0,105.44016437712007
2017-01-30 19:00:00,Nongzhanguan,69.0,78.21059356405001
2017-01-30 20:00:00,Nongzhanguan,71.0,71.24412046432859
2017-01-30 21:00:00,Nongzhanguan,66.0,74.15258614158753
2017-01-30 22:00:00,Nongzhanguan,61.0,69.11375867904881
2017-01-30 23:00:00,Nongzhanguan,76.0,67.14088767942741
2017-01-31 00:00:00,Nongzhanguan,82.0,87.66504870490924
2017-01-31 01:00:00,Nongzhanguan,92.0,85.23791278581763
2017-01-31 02:00:00,Nongzhanguan,91.0,95.21688367945993
2017-01-31 03:00:00,Nongzhanguan,97.0,89.9062899548284
2017-01-31 04:00:00,Nongzhanguan,100.0,96.99276587930099
2017-01-31 05:00:00,Nongzhanguan,101.0,99.12732972033508
2017-01-31 06:00:00,Nongzhanguan,108.0,98.23077500506332
2017-01-31 07:00:00,Nongzhanguan,105.0,103.80826790186691
2017-01-31 08:00:00,Nongzhanguan,100.0,101.40713969521705
2017-01-31 09:00:00,Nongzhanguan,76.0,97.53934444237578
2017-01-31 10:00:00,Nongzhanguan,73.0,71.35142171878034
2017-01-31 11:00:00,Nongzhanguan,64.0,74.30499376020886
2017-01-31 12:00:00,Nongzhanguan,75.0,64.46197913499635
2017-01-31 13:00:00,Nongzhanguan,88.0,76.7126938241396
2017-01-31 14:00:00,Nongzhanguan,86.0,91.33489401033984
2017-01-31 15:00:00,Nongzhanguan,78.0,87.4636137621991
2017-01-31 16:00:00,Nongzhanguan,79.0,83.34045937603965
2017-01-31 17:00:00,Nongzhanguan,79.0,88.87371148323939
2017-01-31 18:00:00,Nongzhanguan,98.0,84.6285878887424
2017-01-31 19:00:00,Nongzhanguan,101.0,110.01025465215264
2017-01-31 20:00:00,Nongzhanguan,63.0,104.23090010566222
2017-01-31 21:00:00,Nongzhanguan,18.0,56.0346547149212
2017-01-31 22:00:00,Nongzhanguan,4.0,20.447107927385872
2017-01-31 23:00:00,Nongzhanguan,7.0,14.73866333180933
2017-02-01 00:00:00,Nongzhanguan,11.0,9.896165366142581
2017-02-01 01:00:00,Nongzhanguan,6.0,11.265378389364729
2017-02-01 02:00:00,Nongzhanguan,5.0,9.196975018921563
2017-02-01 03:00:00,Nongzhanguan,6.0,10.067355030511775
2017-02-01 04:00:00,Nongzhanguan,5.0,10.816634860359244
2017-02-01 05:00:00,Nongzhanguan,8.0,10.430624257422965
2017-02-01 06:00:00,Nongzhanguan,6.0,11.065190628652605
2017-02-01 07:00:00,Nongzhanguan,5.0,11.587117862337974
2017-02-01 08:00:00,Nongzhanguan,7.0,10.772767289550725
2017-02-01 09:00:00,Nongzhanguan,5.0,9.58623842880141
2017-02-01 10:00:00,Nongzhanguan,4.0,7.905164007301045
2017-02-01 11:00:00,Nongzhanguan,9.0,6.39570585844097
2017-02-01 12:00:00,Nongzhanguan,13.0,7.378453090476199
2017-02-01 13:00:00,Nongzhanguan,6.0,11.679197558367306
2017-02-01 14:00:00,Nongzhanguan,12.0,12.573773818307501
2017-02-01 15:00:00,Nongzhanguan,11.0,16.21490027081014
2017-02-01 16:00:00,Nongzhanguan,27.0,15.413268808872234
2017-02-01 17:00:00,Nongzhanguan,46.0,30.364543572034727
2017-02-01 18:00:00,Nongzhanguan,63.0,53.62367877721685
2017-02-01 19:00:00,Nongzhanguan,87.0,72.21037568685207
2017-02-01 20:00:00,Nongzhanguan,109.0,95.82897993733235
2017-02-01 21:00:00,Nongzhanguan,119.0,108.44080107168114
2017-02-01 22:00:00,Nongzhanguan,129.0,118.57476341941269
2017-02-01 23:00:00,Nongzhanguan,148.0,135.0685552235882
2017-02-02 00:00:00,Nongzhanguan,152.0,186.99610702781598
2017-02-02 01:00:00,Nongzhanguan,162.0,155.87899349125144
2017-02-02 02:00:00,Nongzhanguan,140.0,159.99058291169794
2017-02-02 03:00:00,Nongzhanguan,112.0,128.53131660463345
2017-02-02 04:00:00,Nongzhanguan,84.0,100.0587421388058
2017-02-02 05:00:00,Nongzhanguan,65.0,71.45107343686925
2017-02-02 06:00:00,Nongzhanguan,51.0,64.15064548455359
2017-02-02 07:00:00,Nongzhanguan,29.0,51.460560601361756
2017-02-02 08:00:00,Nongzhanguan,31.0,32.303089977789845
2017-02-02 09:00:00,Nongzhanguan,39.0,34.23598958192438
2017-02-02 10:00:00,Nongzhanguan,42.0,41.39294826713786
2017-02-02 11:00:00,Nongzhanguan,55.0,43.88327405284294
2017-02-02 12:00:00,Nongzhanguan,60.0,53.310208388589565
2017-02-02 13:00:00,Nongzhanguan,69.0,55.372055394674035
2017-02-02 14:00:00,Nongzhanguan,66.0,71.37029303272921
2017-02-02 15:00:00,Nongzhanguan,79.0,69.3574847148718
2017-02-02 16:00:00,Nongzhanguan,87.0,88.45687712828762
2017-02-02 17:00:00,Nongzhanguan,96.0,99.97333109880208
2017-02-02 18:00:00,Nongzhanguan,121.0,112.71094418580726
2017-02-02 19:00:00,Nongzhanguan,143.0,137.0478819415603
2017-02-02 20:00:00,Nongzhanguan,154.0,150.62696830245642
2017-02-02 21:00:00,Nongzhanguan,162.0,162.02890291305556
2017-02-02 22:00:00,Nongzhanguan,167.0,174.9880498592139
2017-02-02 23:00:00,Nongzhanguan,176.0,170.07966534051917
2017-02-03 00:00:00,Nongzhanguan,263.0,208.6291397261788
2017-02-03 01:00:00,Nongzhanguan,235.0,270.07030197134964
2017-02-03 02:00:00,Nongzhanguan,245.0,197.4362621888683
2017-02-03 03:00:00,Nongzhanguan,221.0,218.34590491407914
2017-02-03 04:00:00,Nongzhanguan,194.0,185.78045735948285
2017-02-03 05:00:00,Nongzhanguan,132.0,158.9425409621636
2017-02-03 06:00:00,Nongzhanguan,79.0,103.64364794281204
2017-02-03 07:00:00,Nongzhanguan,70.0,64.13307261925215
2017-02-03 08:00:00,Nongzhanguan,74.0,71.77627550162605
2017-02-03 09:00:00,Nongzhanguan,65.0,73.0293299143268
2017-02-03 10:00:00,Nongzhanguan,63.0,64.86256093708224
2017-02-03 11:00:00,Nongzhanguan,73.0,59.037637812303544
2017-02-03 12:00:00,Nongzhanguan,102.0,70.92835676039957
2017-02-03 13:00:00,Nongzhanguan,124.0,112.46865089907618
2017-02-03 14:00:00,Nongzhanguan,148.0,130.36900519330072
2017-02-03 15:00:00,Nongzhanguan,193.0,164.99438244386437
2017-02-03 16:00:00,Nongzhanguan,220.0,198.833457894185
2017-02-03 17:00:00,Nongzhanguan,237.0,230.4452390247627
2017-02-03 18:00:00,Nongzhanguan,251.0,240.95996389073872
2017-02-03 19:00:00,Nongzhanguan,272.0,261.5441020037156
2017-02-03 20:00:00,Nongzhanguan,280.0,264.5719609584497
2017-02-03 21:00:00,Nongzhanguan,304.0,266.56325222190117
2017-02-03 22:00:00,Nongzhanguan,303.0,286.3163762393408
2017-02-03 23:00:00,Nongzhanguan,306.0,290.5437875188396
2017-02-04 00:00:00,Nongzhanguan,306.0,293.4901388112651
2017-02-04 01:00:00,Nongzhanguan,307.0,286.36648942514125
2017-02-04 02:00:00,Nongzhanguan,315.0,287.16025172817075
2017-02-04 03:00:00,Nongzhanguan,325.0,289.6660327415851
2017-02-04 04:00:00,Nongzhanguan,340.0,304.4390815030375
2017-02-04 05:00:00,Nongzhanguan,352.0,317.6360687245838
2017-02-04 06:00:00,Nongzhanguan,377.0,336.73851893649703
2017-02-04 07:00:00,Nongzhanguan,378.0,327.5983911748002
2017-02-04 08:00:00,Nongzhanguan,359.0,338.42313090098145
2017-02-04 09:00:00,Nongzhanguan,312.0,344.39235483969156
2017-02-04 10:00:00,Nongzhanguan,295.0,273.54152610667575
2017-02-04 11:00:00,Nongzhanguan,282.0,264.4192604162224
2017-02-04 12:00:00,Nongzhanguan,299.0,270.70254715485277
2017-02-04 13:00:00,Nongzhanguan,299.0,291.00032362159783
2017-02-04 14:00:00,Nongzhanguan,301.0,297.3949436627247
2017-02-04 15:00:00,Nongzhanguan,340.0,289.5023422573675
2017-02-04 16:00:00,Nongzhanguan,360.0,329.04499559433
2017-02-04 17:00:00,Nongzhanguan,364.0,349.15887141596664
2017-02-04 18:00:00,Nongzhanguan,378.0,352.20816416954017
2017-02-04 19:00:00,Nongzhanguan,171.0,321.6936487254178
2017-02-04 20:00:00,Nongzhanguan,16.0,59.95378534852247
2017-02-04 21:00:00,Nongzhanguan,5.0,7.807131299335272
2017-02-04 22:00:00,Nongzhanguan,8.0,10.325757446984483
2017-02-04 23:00:00,Nongzhanguan,9.0,9.881689027050903
2017-02-05 00:00:00,Nongzhanguan,9.0,13.098209936578218
2017-02-05 01:00:00,Nongzhanguan,6.0,13.011157274384528
2017-02-05 02:00:00,Nongzhanguan,14.0,13.484763953227588
2017-02-05 03:00:00,Nongzhanguan,16.0,15.476673520050882
2017-02-05 04:00:00,Nongzhanguan,18.0,21.844133485008435
2017-02-05 05:00:00,Nongzhanguan,15.0,20.09442256180917
2017-02-05 06:00:00,Nongzhanguan,15.0,19.817770140283688
2017-02-05 07:00:00,Nongzhanguan,10.0,13.605128834843688
2017-02-05 08:00:00,Nongzhanguan,11.0,9.480755363105553
2017-02-05 09:00:00,Nongzhanguan,8.0,9.625394045860856
2017-02-05 10:00:00,Nongzhanguan,3.0,11.496492290844444
2017-02-05 11:00:00,Nongzhanguan,4.0,6.576284696743662
2017-02-05 12:00:00,Nongzhanguan,6.0,6.14808801536413
2017-02-05 13:00:00,Nongzhanguan,3.0,5.964106207874013
2017-02-05 14:00:00,Nongzhanguan,6.0,5.984224749523644
2017-02-05 15:00:00,Nongzhanguan,12.0,6.71870778550618
2017-02-05 16:00:00,Nongzhanguan,18.0,10.144891228831298
2017-02-05 17:00:00,Nongzhanguan,11.0,16.3709521199143
2017-02-05 18:00:00,Nongzhanguan,6.0,10.28596433009207
2017-02-05 19:00:00,Nongzhanguan,6.0,7.87335661689825
2017-02-05 20:00:00,Nongzhanguan,4.0,6.90285197186629
2017-02-05 21:00:00,Nongzhanguan,13.0,10.561956977909615
2017-02-05 22:00:00,Nongzhanguan,7.0,12.16275767386169
2017-02-05 23:00:00,Nongzhanguan,6.0,7.257568046342502
2017-02-06 00:00:00,Nongzhanguan,4.0,6.09814241722386
2017-02-06 01:00:00,Nongzhanguan,6.0,6.3220627686627155
2017-02-06 02:00:00,Nongzhanguan,3.0,6.421520652688702
2017-02-06 03:00:00,Nongzhanguan,5.0,5.9223313858263165
2017-02-06 04:00:00,Nongzhanguan,3.0,5.2995921681687115
2017-02-06 05:00:00,Nongzhanguan,4.0,5.560409720595555
2017-02-06 06:00:00,Nongzhanguan,6.0,5.136183308531179
2017-02-06 07:00:00,Nongzhanguan,5.0,5.402600515405688
2017-02-06 08:00:00,Nongzhanguan,5.0,10.423489795945938
2017-02-06 09:00:00,Nongzhanguan,5.0,7.119703872525624
2017-02-06 10:00:00,Nongzhanguan,3.0,6.158554487318537
2017-02-06 11:00:00,Nongzhanguan,3.0,6.011144405706942
2017-02-06 12:00:00,Nongzhanguan,3.0,6.22547267828478
2017-02-06 13:00:00,Nongzhanguan,7.0,5.6543258598511565
2017-02-06 14:00:00,Nongzhanguan,5.0,7.924460845787243
2017-02-06 15:00:00,Nongzhanguan,6.0,10.89083903279771
2017-02-06 16:00:00,Nongzhanguan,13.0,14.20135445715367
2017-02-06 17:00:00,Nongzhanguan,15.0,18.377926704944482
2017-02-06 18:00:00,Nongzhanguan,16.0,20.508844236145038
2017-02-06 19:00:00,Nongzhanguan,20.0,23.213556967391646
2017-02-06 20:00:00,Nongzhanguan,27.0,26.7423430416164
2017-02-06 21:00:00,Nongzhanguan,35.0,33.3747887343058
2017-02-06 22:00:00,Nongzhanguan,43.0,41.74933412734647
2017-02-06 23:00:00,Nongzhanguan,48.0,46.618356587570595
2017-02-07 00:00:00,Nongzhanguan,60.0,52.25877271525939
2017-02-07 01:00:00,Nongzhanguan,68.0,67.53241283645752
2017-02-07 02:00:00,Nongzhanguan,62.0,71.17577296053075
2017-02-07 03:00:00,Nongzhanguan,65.0,66.7646569918883
2017-02-07 04:00:00,Nongzhanguan,70.0,68.53988312243398
2017-02-07 05:00:00,Nongzhanguan,52.0,71.61053188674006
2017-02-07 06:00:00,Nongzhanguan,51.0,52.8797285002762
2017-02-07 07:00:00,Nongzhanguan,56.0,60.86588210863952
2017-02-07 08:00:00,Nongzhanguan,57.0,63.12326780598103
2017-02-07 09:00:00,Nongzhanguan,62.0,70.46106957080116
2017-02-07 10:00:00,Nongzhanguan,43.0,75.15416219016173
2017-02-07 11:00:00,Nongzhanguan,33.0,53.31944657117559
2017-02-07 12:00:00,Nongzhanguan,38.0,40.975839667861685
2017-02-07 13:00:00,Nongzhanguan,34.0,45.61235874377417
2017-02-07 14:00:00,Nongzhanguan,41.0,40.66289543610453
2017-02-07 15:00:00,Nongzhanguan,48.0,50.5720490327228
2017-02-07 16:00:00,Nongzhanguan,87.0,58.08740591741527
2017-02-07 17:00:00,Nongzhanguan,104.0,105.83194360182253
2017-02-07 18:00:00,Nongzhanguan,101.0,118.14192447814558
2017-02-07 19:00:00,Nongzhanguan,104.0,109.57086662575318
2017-02-07 20:00:00,Nongzhanguan,112.0,111.02950187143398
2017-02-07 21:00:00,Nongzhanguan,116.0,114.85290662515546
2017-02-07 22:00:00,Nongzhanguan,108.0,125.12596542617878
2017-02-07 23:00:00,Nongzhanguan,106.0,108.01831733147799
2017-02-08 00:00:00,Nongzhanguan,100.0,111.73821846671764
2017-02-08 01:00:00,Nongzhanguan,106.0,100.71465086216259
2017-02-08 02:00:00,Nongzhanguan,104.0,105.52429591870445
2017-02-08 03:00:00,Nongzhanguan,109.0,100.81031899813439
2017-02-08 04:00:00,Nongzhanguan,98.0,108.6055501331123
2017-02-08 05:00:00,Nongzhanguan,71.0,92.5739032694234
2017-02-08 06:00:00,Nongzhanguan,48.0,60.068035998433984
2017-02-08 07:00:00,Nongzhanguan,10.0,45.42216339014751
2017-02-08 08:00:00,Nongzhanguan,3.0,8.946633246532816
2017-02-08 09:00:00,Nongzhanguan,9.0,6.82165794688021
2017-02-08 10:00:00,Nongzhanguan,10.0,6.906432040714173
2017-02-08 11:00:00,Nongzhanguan,6.0,8.085636409873592
2017-02-08 12:00:00,Nongzhanguan,14.0,6.310279060874558
2017-02-08 13:00:00,Nongzhanguan,5.0,11.167226875792794
2017-02-08 14:00:00,Nongzhanguan,6.0,7.178589687582987
2017-02-08 15:00:00,Nongzhanguan,3.0,5.642543485167699
2017-02-08 16:00:00,Nongzhanguan,3.0,7.236128456655772
2017-02-08 17:00:00,Nongzhanguan,3.0,6.651130038986653
2017-02-08 18:00:00,Nongzhanguan,5.0,6.699268367642205
2017-02-08 19:00:00,Nongzhanguan,7.0,9.055250463446288
2017-02-08 20:00:00,Nongzhanguan,3.0,9.053732277591502
2017-02-08 21:00:00,Nongzhanguan,14.0,8.519456174513317
2017-02-08 22:00:00,Nongzhanguan,8.0,13.002185373059985
2017-02-08 23:00:00,Nongzhanguan,6.0,10.610333838607515
2017-02-09 00:00:00,Nongzhanguan,4.0,8.95391043535914
2017-02-09 01:00:00,Nongzhanguan,9.0,6.398757272919996
2017-02-09 03:00:00,Nongzhanguan,3.0,1.6062622122837769
2017-02-09 04:00:00,Nongzhanguan,3.0,0.79859728802771
2017-02-09 05:00:00,Nongzhanguan,7.0,5.723778081979324
2017-02-09 06:00:00,Nongzhanguan,8.0,5.8420379191109815
2017-02-09 07:00:00,Nongzhanguan,6.0,6.310840191473953
2017-02-09 08:00:00,Nongzhanguan,4.0,6.111767558008651
2017-02-09 09:00:00,Nongzhanguan,3.0,5.614897862157893
2017-02-09 10:00:00,Nongzhanguan,3.0,5.232741887956438
2017-02-09 11:00:00,Nongzhanguan,8.0,4.779599188494965
2017-02-09 12:00:00,Nongzhanguan,3.0,5.865977363675352
2017-02-09 13:00:00,Nongzhanguan,3.0,5.564554213911878
2017-02-09 14:00:00,Nongzhanguan,3.0,16.07848697649156
2017-02-09 15:00:00,Nongzhanguan,4.0,8.55823014420413
2017-02-09 16:00:00,Nongzhanguan,5.0,6.867768132670499
2017-02-09 17:00:00,Nongzhanguan,3.0,6.645809687226376
2017-02-09 18:00:00,Nongzhanguan,4.0,7.484437214273288
2017-02-09 19:00:00,Nongzhanguan,5.0,7.427877578706724
2017-02-09 20:00:00,Nongzhanguan,6.0,6.954744535423616
2017-02-09 21:00:00,Nongzhanguan,5.0,7.182897050649082
2017-02-09 22:00:00,Nongzhanguan,5.0,5.418467091449018
2017-02-09 23:00:00,Nongzhanguan,4.0,5.2508693583635235
2017-02-10 00:00:00,Nongzhanguan,5.0,6.3725372422368824
2017-02-10 01:00:00,Nongzhanguan,11.0,6.015472546926146
2017-02-10 02:00:00,Nongzhanguan,9.0,7.863735395397787
2017-02-10 03:00:00,Nongzhanguan,5.0,6.718148791890471
2017-02-10 04:00:00,Nongzhanguan,3.0,5.32652897040133
2017-02-10 05:00:00,Nongzhanguan,8.0,5.36888623812208
2017-02-10 06:00:00,Nongzhanguan,3.0,6.595022560557929
2017-02-10 07:00:00,Nongzhanguan,8.0,5.817470412004587
2017-02-10 08:00:00,Nongzhanguan,7.0,6.282108633123325
2017-02-10 09:00:00,Nongzhanguan,6.0,6.102389295066701
2017-02-10 10:00:00,Nongzhanguan,7.0,4.855466790601687
2017-02-10 11:00:00,Nongzhanguan,5.0,6.195076495023106
2017-02-10 12:00:00,Nongzhanguan,9.0,6.369628609659751
2017-02-10 13:00:00,Nongzhanguan,3.0,9.171967262502838
2017-02-10 14:00:00,Nongzhanguan,3.0,7.1831721421840316
2017-02-10 15:00:00,Nongzhanguan,5.0,6.055537626156299
2017-02-10 16:00:00,Nongzhanguan,9.0,7.028061840653567
2017-02-10 17:00:00,Nongzhanguan,8.0,7.909023884157004
2017-02-10 18:00:00,Nongzhanguan,8.0,8.743802084483413
2017-02-10 19:00:00,Nongzhanguan,5.0,7.737313590522828
2017-02-10 20:00:00,Nongzhanguan,7.0,8.270111954401482
2017-02-10 21:00:00,Nongzhanguan,10.0,7.245509840717619
2017-02-10 22:00:00,Nongzhanguan,9.0,9.973192941747842
2017-02-10 23:00:00,Nongzhanguan,10.0,7.7404427709134715
2017-02-11 00:00:00,Nongzhanguan,9.0,8.96871175585889
2017-02-11 01:00:00,Nongzhanguan,9.0,11.86006539024309
2017-02-11 02:00:00,Nongzhanguan,12.0,9.097295728568568
2017-02-11 03:00:00,Nongzhanguan,11.0,11.140891118459445
2017-02-11 04:00:00,Nongzhanguan,11.0,10.018169199887742
2017-02-11 05:00:00,Nongzhanguan,9.0,13.953722775357804
2017-02-11 06:00:00,Nongzhanguan,12.0,13.364168414251987
2017-02-11 07:00:00,Nongzhanguan,14.0,11.972987823900182
2017-02-11 08:00:00,Nongzhanguan,25.0,17.244472002107248
2017-02-11 09:00:00,Nongzhanguan,28.0,24.204959759420564
2017-02-11 10:00:00,Nongzhanguan,24.0,26.991299241138076
2017-02-11 11:00:00,Nongzhanguan,17.0,24.132784160775234
2017-02-11 12:00:00,Nongzhanguan,11.0,15.696426990116196
2017-02-11 13:00:00,Nongzhanguan,14.0,10.939956856686786
2017-02-11 14:00:00,Nongzhanguan,10.0,12.592275520902493
2017-02-11 15:00:00,Nongzhanguan,11.0,13.745600139676107
2017-02-11 16:00:00,Nongzhanguan,28.0,10.36961264411572
2017-02-11 17:00:00,Nongzhanguan,49.0,37.674112584513686
2017-02-11 18:00:00,Nongzhanguan,58.0,57.18495657180223
2017-02-11 19:00:00,Nongzhanguan,83.0,67.60344233968996
2017-02-11 20:00:00,Nongzhanguan,141.0,89.45432745552847
2017-02-11 21:00:00,Nongzhanguan,529.0,145.4343711854097
2017-02-11 22:00:00,Nongzhanguan,322.0,636.6537083081186
2017-02-11 23:00:00,Nongzhanguan,291.0,295.5922478317524
2017-02-12 00:00:00,Nongzhanguan,290.0,313.57845103074993
2017-02-12 01:00:00,Nongzhanguan,288.0,268.5509370863562
2017-02-12 02:00:00,Nongzhanguan,250.0,249.29375628001964
2017-02-12 03:00:00,Nongzhanguan,170.0,211.95754587704596
2017-02-12 04:00:00,Nongzhanguan,108.0,123.66294816075099
2017-02-12 05:00:00,Nongzhanguan,69.0,79.95650006074942
2017-02-12 06:00:00,Nongzhanguan,73.0,60.85232214111908
2017-02-12 07:00:00,Nongzhanguan,107.0,76.63904734854482
2017-02-12 08:00:00,Nongzhanguan,98.0,111.02324973969093
2017-02-12 09:00:00,Nongzhanguan,115.0,97.87677353175079
2017-02-12 10:00:00,Nongzhanguan,157.0,128.54647722193957
2017-02-12 11:00:00,Nongzhanguan,152.0,150.4304601669516
2017-02-12 12:00:00,Nongzhanguan,145.0,139.11288114599557
2017-02-12 13:00:00,Nongzhanguan,149.0,147.45092375458174
2017-02-12 14:00:00,Nongzhanguan,151.0,155.48298292038297
2017-02-12 15:00:00,Nongzhanguan,126.0,152.285885246154
2017-02-12 16:00:00,Nongzhanguan,130.0,120.58967322173245
2017-02-12 17:00:00,Nongzhanguan,127.0,136.5640725259978
2017-02-12 18:00:00,Nongzhanguan,129.0,138.0447529872121
2017-02-12 19:00:00,Nongzhanguan,119.0,140.53605948300043
2017-02-12 20:00:00,Nongzhanguan,120.0,127.20394728846856
2017-02-12 21:00:00,Nongzhanguan,141.0,132.92986916471713
2017-02-12 22:00:00,Nongzhanguan,172.0,168.91493429353707
2017-02-12 23:00:00,Nongzhanguan,183.0,185.40157496515732
2017-02-13 00:00:00,Nongzhanguan,181.0,190.68111375257928
2017-02-13 01:00:00,Nongzhanguan,215.0,184.03983075512093
2017-02-13 02:00:00,Nongzhanguan,220.0,209.70980787231633
2017-02-13 03:00:00,Nongzhanguan,220.0,207.5777225415991
2017-02-13 04:00:00,Nongzhanguan,202.0,197.872519197159
2017-02-13 05:00:00,Nongzhanguan,171.0,174.21798589708084
2017-02-13 06:00:00,Nongzhanguan,136.0,157.1037255481206
2017-02-13 07:00:00,Nongzhanguan,112.0,128.4008187822163
2017-02-13 08:00:00,Nongzhanguan,89.0,104.80092421743915
2017-02-13 09:00:00,Nongzhanguan,51.0,75.50026237930938
2017-02-13 10:00:00,Nongzhanguan,31.0,43.67888954531035
2017-02-13 11:00:00,Nongzhanguan,27.0,30.721591580633966
2017-02-13 12:00:00,Nongzhanguan,21.0,25.410433468479134
2017-02-13 13:00:00,Nongzhanguan,19.0,20.51463690452013
2017-02-13 14:00:00,Nongzhanguan,18.0,18.965017133984897
2017-02-13 15:00:00,Nongzhanguan,16.0,18.509305378578052
2017-02-13 16:00:00,Nongzhanguan,19.0,15.577873450752685
2017-02-13 17:00:00,Nongzhanguan,17.0,23.343321340636543
2017-02-13 18:00:00,Nongzhanguan,85.0,23.378063104221425
2017-02-13 19:00:00,Nongzhanguan,116.0,110.20922207474065
2017-02-13 20:00:00,Nongzhanguan,123.0,125.28107712172516
2017-02-13 21:00:00,Nongzhanguan,169.0,137.89597275349738
2017-02-13 22:00:00,Nongzhanguan,163.0,173.01624879348387
2017-02-13 23:00:00,Nongzhanguan,146.0,170.40425945280927
2017-02-14 00:00:00,Nongzhanguan,128.0,142.36918681215127
2017-02-14 01:00:00,Nongzhanguan,149.0,131.35167308200477
2017-02-14 02:00:00,Nongzhanguan,146.0,151.57837624496943
2017-02-14 03:00:00,Nongzhanguan,141.0,145.5408185994629
2017-02-14 04:00:00,Nongzhanguan,129.0,142.94492497427842
2017-02-14 05:00:00,Nongzhanguan,136.0,128.72518364416376
2017-02-14 06:00:00,Nongzhanguan,133.0,139.07296254923307
2017-02-14 07:00:00,Nongzhanguan,134.0,137.1761972523228
2017-02-14 08:00:00,Nongzhanguan,152.0,146.98965849771977
2017-02-14 09:00:00,Nongzhanguan,177.0,167.88183786493911
2017-02-14 10:00:00,Nongzhanguan,191.0,191.4503987559969
2017-02-14 11:00:00,Nongzhanguan,210.0,203.5797443258392
2017-02-14 12:00:00,Nongzhanguan,202.0,228.4745350796427
2017-02-14 13:00:00,Nongzhanguan,189.0,213.1041051847414
2017-02-14 14:00:00,Nongzhanguan,200.0,204.72490989502296
2017-02-14 15:00:00,Nongzhanguan,211.0,217.46460175651526
2017-02-14 16:00:00,Nongzhanguan,207.0,227.68294925535278
2017-02-14 17:00:00,Nongzhanguan,198.0,227.69819166593498
2017-02-14 18:00:00,Nongzhanguan,204.0,215.1928412724995
2017-02-14 19:00:00,Nongzhanguan,218.0,227.85991921357052
2017-02-14 20:00:00,Nongzhanguan,227.0,228.3596971691304
2017-02-14 21:00:00,Nongzhanguan,248.0,240.30503190258494
2017-02-14 22:00:00,Nongzhanguan,260.0,247.55486613183723
2017-02-14 23:00:00,Nongzhanguan,255.0,269.39415863809046
2017-02-15 00:00:00,Nongzhanguan,258.0,240.87921320374238
2017-02-15 01:00:00,Nongzhanguan,243.0,255.3161580606638
2017-02-15 02:00:00,Nongzhanguan,233.0,240.58187373512592
2017-02-15 03:00:00,Nongzhanguan,258.0,223.65538827953833
2017-02-15 04:00:00,Nongzhanguan,250.0,242.9907547349781
2017-02-15 05:00:00,Nongzhanguan,245.0,235.7536345892501
2017-02-15 06:00:00,Nongzhanguan,232.0,232.44996423490795
2017-02-15 07:00:00,Nongzhanguan,226.0,224.61798542665352
2017-02-15 08:00:00,Nongzhanguan,232.0,222.7650072593251
2017-02-15 09:00:00,Nongzhanguan,245.0,239.25428038043347
2017-02-15 10:00:00,Nongzhanguan,254.0,251.57448452726456
2017-02-15 11:00:00,Nongzhanguan,270.0,254.40374766652323
2017-02-15 12:00:00,Nongzhanguan,226.0,273.4827433528106
2017-02-15 13:00:00,Nongzhanguan,223.0,224.51822457424765
2017-02-15 14:00:00,Nongzhanguan,236.0,231.44488873878896
2017-02-15 15:00:00,Nongzhanguan,235.0,234.43692868879478
2017-02-15 16:00:00,Nongzhanguan,247.0,232.21445566948498
2017-02-15 17:00:00,Nongzhanguan,252.0,251.06860132208178
2017-02-15 18:00:00,Nongzhanguan,247.0,262.49116539405054
2017-02-15 19:00:00,Nongzhanguan,250.0,257.4291565551444
2017-02-15 20:00:00,Nongzhanguan,273.0,259.4595146458353
2017-02-15 21:00:00,Nongzhanguan,270.0,273.87836420848674
2017-02-15 22:00:00,Nongzhanguan,276.0,271.0336759291482
2017-02-15 23:00:00,Nongzhanguan,279.0,281.84482236353153
2017-02-16 00:00:00,Nongzhanguan,256.0,283.65652761999314
2017-02-16 01:00:00,Nongzhanguan,280.0,248.48851639984215
2017-02-16 02:00:00,Nongzhanguan,272.0,271.2318325459793
2017-02-16 03:00:00,Nongzhanguan,272.0,259.387426205869
2017-02-16 04:00:00,Nongzhanguan,273.0,256.81672547384665
2017-02-16 05:00:00,Nongzhanguan,274.0,257.5514178976151
2017-02-16 06:00:00,Nongzhanguan,259.0,267.6811026857637
2017-02-16 07:00:00,Nongzhanguan,182.0,235.9661955306182
2017-02-16 08:00:00,Nongzhanguan,155.0,130.13644327803308
2017-02-16 09:00:00,Nongzhanguan,87.0,142.16766399669604
2017-02-16 10:00:00,Nongzhanguan,18.0,40.67668207533561
2017-02-16 11:00:00,Nongzhanguan,16.0,15.409802415100373
2017-02-16 12:00:00,Nongzhanguan,9.0,19.08122338413111
2017-02-16 13:00:00,Nongzhanguan,7.0,11.693818472666496
2017-02-16 14:00:00,Nongzhanguan,12.0,7.177221493353684
2017-02-16 15:00:00,Nongzhanguan,13.0,11.187653963500216
2017-02-16 16:00:00,Nongzhanguan,3.0,17.73620938641919
2017-02-16 17:00:00,Nongzhanguan,10.0,8.92408210344269
2017-02-16 18:00:00,Nongzhanguan,12.0,9.424835621716356
2017-02-16 19:00:00,Nongzhanguan,12.0,11.081485673041506
2017-02-16 20:00:00,Nongzhanguan,9.0,10.876706938540329
2017-02-16 21:00:00,Nongzhanguan,6.0,8.332786415857196
2017-02-16 22:00:00,Nongzhanguan,5.0,6.656823768144974
2017-02-16 23:00:00,Nongzhanguan,6.0,5.908282001643086
2017-02-17 00:00:00,Nongzhanguan,5.0,6.082110318734219
2017-02-17 01:00:00,Nongzhanguan,4.0,5.446040162227149
2017-02-17 02:00:00,Nongzhanguan,3.0,5.187440976841571
2017-02-17 03:00:00,Nongzhanguan,5.0,4.80996482457084
2017-02-17 04:00:00,Nongzhanguan,9.0,8.004996085100963
2017-02-17 05:00:00,Nongzhanguan,8.0,9.255014774051071
2017-02-17 06:00:00,Nongzhanguan,12.0,10.042617912816691
2017-02-17 07:00:00,Nongzhanguan,3.0,12.016573619745602
2017-02-17 08:00:00,Nongzhanguan,7.0,11.139406280864542
2017-02-17 09:00:00,Nongzhanguan,11.0,9.333591325190747
2017-02-17 10:00:00,Nongzhanguan,10.0,8.586516825574389
2017-02-17 11:00:00,Nongzhanguan,3.0,7.580514683097317
2017-02-17 12:00:00,Nongzhanguan,8.0,6.185398312400941
2017-02-17 13:00:00,Nongzhanguan,3.0,7.115876094860781
2017-02-17 14:00:00,Nongzhanguan,12.0,5.880667251069083
2017-02-17 15:00:00,Nongzhanguan,12.0,13.870199169999717
2017-02-17 16:00:00,Nongzhanguan,38.0,16.80613418183914
2017-02-17 17:00:00,Nongzhanguan,50.0,44.216978976271704
2017-02-17 18:00:00,Nongzhanguan,64.0,58.681130132178204
2017-02-17 19:00:00,Nongzhanguan,61.0,74.06359219882678
2017-02-17 20:00:00,Nongzhanguan,61.0,65.91721654806263
2017-02-17 21:00:00,Nongzhanguan,59.0,66.65939820388147
2017-02-17 22:00:00,Nongzhanguan,59.0,62.11521078542966
2017-02-17 23:00:00,Nongzhanguan,64.0,62.24720347867743
2017-02-18 00:00:00,Nongzhanguan,71.0,69.36699642269028
2017-02-18 01:00:00,Nongzhanguan,84.0,75.53983350417086
2017-02-18 02:00:00,Nongzhanguan,93.0,86.35503638489394
2017-02-18 03:00:00,Nongzhanguan,106.0,93.70618865512517
2017-02-18 04:00:00,Nongzhanguan,97.0,106.74178076440293
2017-02-18 05:00:00,Nongzhanguan,97.0,95.36580632589256
2017-02-18 06:00:00,Nongzhanguan,91.0,98.61382352411027
2017-02-18 07:00:00,Nongzhanguan,87.0,94.16249166626847
2017-02-18 08:00:00,Nongzhanguan,82.0,90.78594662720079
2017-02-18 09:00:00,Nongzhanguan,93.0,83.61059818547137
2017-02-18 10:00:00,Nongzhanguan,98.0,99.30610386036221
2017-02-18 11:00:00,Nongzhanguan,101.0,94.93368537097327
2017-02-18 12:00:00,Nongzhanguan,92.0,102.531069329154
2017-02-18 13:00:00,Nongzhanguan,107.0,94.05704834290829
2017-02-18 14:00:00,Nongzhanguan,97.0,109.23796537335323
2017-02-18 15:00:00,Nongzhanguan,92.0,96.59329137924865
2017-02-18 16:00:00,Nongzhanguan,74.0,97.07103814920356
2017-02-18 17:00:00,Nongzhanguan,62.0,77.74434590621608
2017-02-18 18:00:00,Nongzhanguan,72.0,70.07352631858474
2017-02-18 19:00:00,Nongzhanguan,95.0,87.4666298672395
2017-02-18 20:00:00,Nongzhanguan,104.0,108.62947240203026
2017-02-18 21:00:00,Nongzhanguan,107.0,112.61080154884343
2017-02-18 22:00:00,Nongzhanguan,134.0,124.94523304679178
2017-02-18 23:00:00,Nongzhanguan,131.0,142.9288995026496
2017-02-19 00:00:00,Nongzhanguan,137.0,137.89540207476963
2017-02-19 01:00:00,Nongzhanguan,149.0,139.7120327756302
2017-02-19 02:00:00,Nongzhanguan,174.0,150.4567875890426
2017-02-19 03:00:00,Nongzhanguan,170.0,174.18279707082135
2017-02-19 04:00:00,Nongzhanguan,174.0,171.9327480567633
2017-02-19 05:00:00,Nongzhanguan,165.0,169.17869064487905
2017-02-19 06:00:00,Nongzhanguan,167.0,169.5521927887184
2017-02-19 07:00:00,Nongzhanguan,160.0,171.73061730366078
2017-02-19 08:00:00,Nongzhanguan,160.0,167.4573297509229
2017-02-19 09:00:00,Nongzhanguan,163.0,167.30884369243623
2017-02-19 10:00:00,Nongzhanguan,170.0,161.95615102823385
2017-02-19 11:00:00,Nongzhanguan,171.0,155.95772943248787
2017-02-19 12:00:00,Nongzhanguan,171.0,160.15521661977894
2017-02-19 13:00:00,Nongzhanguan,158.0,172.7882367246499
2017-02-19 14:00:00,Nongzhanguan,79.0,152.2729176407277
2017-02-19 15:00:00,Nongzhanguan,13.0,32.11891478883225
2017-02-19 16:00:00,Nongzhanguan,6.0,9.77148468166039
2017-02-19 17:00:00,Nongzhanguan,10.0,9.171812556043305
2017-02-19 18:00:00,Nongzhanguan,12.0,10.86648176660597
2017-02-19 19:00:00,Nongzhanguan,8.0,10.791715794577362
2017-02-19 20:00:00,Nongzhanguan,5.0,8.614910400674763
2017-02-19 21:00:00,Nongzhanguan,11.0,7.834486129332612
2017-02-19 22:00:00,Nongzhanguan,4.0,9.721355116129766
2017-02-19 23:00:00,Nongzhanguan,6.0,6.846524118935229
2017-02-20 00:00:00,Nongzhanguan,3.0,5.619296706357574
2017-02-20 01:00:00,Nongzhanguan,7.0,6.276308195742714
2017-02-20 02:00:00,Nongzhanguan,13.0,5.565355567706428
2017-02-20 03:00:00,Nongzhanguan,8.0,11.180318832590443
2017-02-20 04:00:00,Nongzhanguan,6.0,8.880579602731165
2017-02-20 05:00:00,Nongzhanguan,8.0,8.034738388593656
2017-02-20 06:00:00,Nongzhanguan,3.0,6.483282759559849
2017-02-20 07:00:00,Nongzhanguan,4.0,5.846274904428265
2017-02-20 08:00:00,Nongzhanguan,3.0,8.278059777629219
2017-02-20 09:00:00,Nongzhanguan,3.0,8.900599333063992
2017-02-20 10:00:00,Nongzhanguan,6.0,7.625638401270854
2017-02-20 11:00:00,Nongzhanguan,5.0,7.896638984433317
2017-02-20 12:00:00,Nongzhanguan,9.0,5.798431067857887
2017-02-20 13:00:00,Nongzhanguan,6.0,6.921546062444176
2017-02-20 16:00:00,Nongzhanguan,6.0,6.600697799211875
2017-02-20 18:00:00,Nongzhanguan,15.0,38.95777786555169
2017-02-20 19:00:00,Nongzhanguan,21.0,21.44566368409754
2017-02-20 20:00:00,Nongzhanguan,27.0,31.743531615654323
2017-02-20 21:00:00,Nongzhanguan,22.0,32.23858409201308
2017-02-20 22:00:00,Nongzhanguan,27.0,27.634562023969238
2017-02-21 01:00:00,Nongzhanguan,38.0,79.4222437141768
2017-02-21 02:00:00,Nongzhanguan,45.0,40.059226472572725
2017-02-21 05:00:00,Nongzhanguan,87.0,50.74762647414299
2017-02-21 08:00:00,Nongzhanguan,65.0,61.5131181756592
2017-02-21 09:00:00,Nongzhanguan,63.0,67.8240348934014
2017-02-21 11:00:00,Nongzhanguan,60.0,66.33548776506869
2017-02-21 13:00:00,Nongzhanguan,47.0,84.96836460541202
2017-02-21 14:00:00,Nongzhanguan,46.0,49.49110229350087
2017-02-21 15:00:00,Nongzhanguan,37.0,57.096610177762265
2017-02-21 16:00:00,Nongzhanguan,37.0,49.91586143334696
2017-02-21 17:00:00,Nongzhanguan,34.0,42.58730942588545
2017-02-21 18:00:00,Nongzhanguan,49.0,43.8873930717421
2017-02-21 19:00:00,Nongzhanguan,69.0,68.52530375042633
2017-02-21 20:00:00,Nongzhanguan,78.0,87.73701752809939
2017-02-21 21:00:00,Nongzhanguan,52.0,91.22691739365254
2017-02-21 22:00:00,Nongzhanguan,53.0,63.54099244501524
2017-02-21 23:00:00,Nongzhanguan,55.0,54.47744741732674
2017-02-22 00:00:00,Nongzhanguan,62.0,59.38567056012984
2017-02-22 01:00:00,Nongzhanguan,76.0,65.07611489148131
2017-02-22 02:00:00,Nongzhanguan,86.0,79.03087554525067
2017-02-22 03:00:00,Nongzhanguan,84.0,89.58862757232397
2017-02-22 04:00:00,Nongzhanguan,94.0,86.95901548219857
2017-02-22 05:00:00,Nongzhanguan,92.0,99.58530208361819
2017-02-22 07:00:00,Nongzhanguan,90.0,97.9747529379698
2017-02-22 08:00:00,Nongzhanguan,100.0,98.30447598084402
2017-02-22 09:00:00,Nongzhanguan,119.0,111.17938015840213
2017-02-22 10:00:00,Nongzhanguan,143.0,126.21268539023919
2017-02-22 11:00:00,Nongzhanguan,128.0,155.720683788913
2017-02-22 12:00:00,Nongzhanguan,133.0,142.41200994423914
2017-02-22 13:00:00,Nongzhanguan,135.0,145.00003775271773
2017-02-22 15:00:00,Nongzhanguan,97.0,109.71681791962175
2017-02-22 16:00:00,Nongzhanguan,61.0,114.09773093354343
2017-02-22 17:00:00,Nongzhanguan,12.0,38.33626568859994
2017-02-22 18:00:00,Nongzhanguan,9.0,16.189983601822565
2017-02-22 19:00:00,Nongzhanguan,13.0,9.864040934644228
2017-02-22 20:00:00,Nongzhanguan,9.0,15.752757502054836
2017-02-22 21:00:00,Nongzhanguan,6.0,13.32492494462794
2017-02-22 22:00:00,Nongzhanguan,9.0,11.913507892850642
2017-02-22 23:00:00,Nongzhanguan,10.0,12.60797690591144
2017-02-23 00:00:00,Nongzhanguan,8.0,14.072627711324893
2017-02-23 01:00:00,Nongzhanguan,7.0,11.862565834652749
2017-02-23 02:00:00,Nongzhanguan,8.0,9.19630125739523
2017-02-23 03:00:00,Nongzhanguan,12.0,12.636087161943717
2017-02-23 04:00:00,Nongzhanguan,11.0,11.753962615037148
2017-02-23 05:00:00,Nongzhanguan,15.0,11.947699481009344
2017-02-23 06:00:00,Nongzhanguan,9.0,15.808215207359458
2017-02-23 07:00:00,Nongzhanguan,12.0,18.299346925438886
2017-02-23 08:00:00,Nongzhanguan,13.0,23.006056857703268
2017-02-23 09:00:00,Nongzhanguan,13.0,18.845486303309066
2017-02-23 10:00:00,Nongzhanguan,16.0,19.701796677643845
2017-02-23 11:00:00,Nongzhanguan,10.0,18.8660354017201
2017-02-23 12:00:00,Nongzhanguan,10.0,14.700117760206934
2017-02-23 13:00:00,Nongzhanguan,3.0,9.762645124503388
2017-02-23 14:00:00,Nongzhanguan,8.0,7.191229020241558
2017-02-23 15:00:00,Nongzhanguan,31.0,12.857582092804146
2017-02-23 16:00:00,Nongzhanguan,28.0,41.069688326022074
2017-02-23 17:00:00,Nongzhanguan,28.0,35.63864039710058
2017-02-23 18:00:00,Nongzhanguan,32.0,40.81703177000239
2017-02-23 19:00:00,Nongzhanguan,37.0,51.97207588505461
2017-02-23 20:00:00,Nongzhanguan,29.0,50.50505746474526
2017-02-23 21:00:00,Nongzhanguan,37.0,40.12442200734566
2017-02-23 22:00:00,Nongzhanguan,47.0,46.686806864212606
2017-02-23 23:00:00,Nongzhanguan,57.0,57.65026202335519
2017-02-24 00:00:00,Nongzhanguan,67.0,70.74310196405884
2017-02-24 01:00:00,Nongzhanguan,68.0,78.25399241391652
2017-02-24 03:00:00,Nongzhanguan,82.0,72.49661484453212
2017-02-24 04:00:00,Nongzhanguan,54.0,87.71008506192952
2017-02-24 05:00:00,Nongzhanguan,33.0,49.20738872087182
2017-02-24 06:00:00,Nongzhanguan,24.0,30.831992686536957
2017-02-24 07:00:00,Nongzhanguan,27.0,25.26749150401285
2017-02-24 08:00:00,Nongzhanguan,18.0,34.028703588550144
2017-02-24 09:00:00,Nongzhanguan,19.0,24.903810109493193
2017-02-24 10:00:00,Nongzhanguan,24.0,26.426485892843708
2017-02-24 11:00:00,Nongzhanguan,9.0,28.35226902173285
2017-02-24 12:00:00,Nongzhanguan,17.0,15.581966882814314
2017-02-24 14:00:00,Nongzhanguan,14.0,28.034230741056053
2017-02-24 15:00:00,Nongzhanguan,14.0,22.874499514352873
2017-02-24 16:00:00,Nongzhanguan,18.0,18.262313701871623
2017-02-24 17:00:00,Nongzhanguan,7.0,25.79917082624197
2017-02-24 18:00:00,Nongzhanguan,11.0,17.48450585443524
2017-02-24 19:00:00,Nongzhanguan,7.0,19.077160134787665
2017-02-24 20:00:00,Nongzhanguan,14.0,15.471979293195686
2017-02-24 21:00:00,Nongzhanguan,13.0,16.45261770366311
2017-02-24 22:00:00,Nongzhanguan,10.0,18.75976736437303
2017-02-24 23:00:00,Nongzhanguan,14.0,20.467451855428582
2017-02-25 00:00:00,Nongzhanguan,8.0,21.96451373753396
2017-02-25 01:00:00,Nongzhanguan,8.0,18.485891001960894
2017-02-25 02:00:00,Nongzhanguan,7.0,18.69433385642698
2017-02-25 03:00:00,Nongzhanguan,10.0,17.208363090823585
2017-02-25 04:00:00,Nongzhanguan,8.0,19.074934285617886
2017-02-25 05:00:00,Nongzhanguan,4.0,18.07305270469306
2017-02-25 06:00:00,Nongzhanguan,6.0,19.225872961196938
2017-02-25 07:00:00,Nongzhanguan,12.0,11.203826039219685
2017-02-25 08:00:00,Nongzhanguan,23.0,17.35763630825265
2017-02-25 09:00:00,Nongzhanguan,5.0,25.8997786302334
2017-02-25 10:00:00,Nongzhanguan,11.0,12.808977967678944
2017-02-25 11:00:00,Nongzhanguan,6.0,13.636531532608533
2017-02-25 12:00:00,Nongzhanguan,12.0,11.506300468598752
2017-02-25 13:00:00,Nongzhanguan,16.0,13.809850593384738
2017-02-25 14:00:00,Nongzhanguan,7.0,18.159458227426292
2017-02-25 15:00:00,Nongzhanguan,8.0,18.774149244512586
2017-02-25 16:00:00,Nongzhanguan,14.0,15.695752270765599
2017-02-25 18:00:00,Nongzhanguan,11.0,13.714757867383868
2017-02-25 19:00:00,Nongzhanguan,18.0,14.515401185602311
2017-02-25 20:00:00,Nongzhanguan,12.0,23.58443050466533
2017-02-25 21:00:00,Nongzhanguan,15.0,24.15324542859137
2017-02-25 22:00:00,Nongzhanguan,16.0,19.02483937895065
2017-02-25 23:00:00,Nongzhanguan,17.0,26.166398314476588
2017-02-26 00:00:00,Nongzhanguan,15.0,23.214105669628736
2017-02-26 01:00:00,Nongzhanguan,17.0,20.453120732214952
2017-02-26 02:00:00,Nongzhanguan,24.0,22.268657713502357
2017-02-26 03:00:00,Nongzhanguan,22.0,29.205556864132635
2017-02-26 04:00:00,Nongzhanguan,22.0,22.954246429407696
2017-02-26 05:00:00,Nongzhanguan,19.0,22.892826109840716
2017-02-26 06:00:00,Nongzhanguan,19.0,23.73422376695795
2017-02-26 07:00:00,Nongzhanguan,16.0,26.405176809293707
2017-02-26 08:00:00,Nongzhanguan,24.0,23.20452539403648
2017-02-26 09:00:00,Nongzhanguan,23.0,30.61817483646185
2017-02-26 10:00:00,Nongzhanguan,17.0,28.437860396378962
2017-02-26 11:00:00,Nongzhanguan,21.0,25.001383981765454
2017-02-26 12:00:00,Nongzhanguan,21.0,24.923495461469972
2017-02-26 14:00:00,Nongzhanguan,18.0,39.21214377637918
2017-02-26 15:00:00,Nongzhanguan,30.0,25.352203413844386
2017-02-26 16:00:00,Nongzhanguan,23.0,38.530012999511584
2017-02-26 17:00:00,Nongzhanguan,30.0,32.7766800420476
2017-02-26 18:00:00,Nongzhanguan,32.0,37.07375739073736
2017-02-26 19:00:00,Nongzhanguan,37.0,42.767703535632904
2017-02-26 20:00:00,Nongzhanguan,41.0,49.397662200363314
2017-02-26 21:00:00,Nongzhanguan,45.0,50.00956358181001
2017-02-26 22:00:00,Nongzhanguan,61.0,53.0426770629164
2017-02-26 23:00:00,Nongzhanguan,48.0,71.64282102971838
2017-02-27 00:00:00,Nongzhanguan,45.0,55.451021171712604
2017-02-27 01:00:00,Nongzhanguan,47.0,50.11101910122486
2017-02-27 02:00:00,Nongzhanguan,68.0,51.480556471140545
2017-02-27 03:00:00,Nongzhanguan,100.0,75.85838336160539
2017-02-27 04:00:00,Nongzhanguan,124.0,105.61675031983914
2017-02-27 05:00:00,Nongzhanguan,116.0,125.90663440646591
2017-02-27 06:00:00,Nongzhanguan,106.0,117.20244793076272
2017-02-27 07:00:00,Nongzhanguan,91.0,105.96183743788112
2017-02-27 08:00:00,Nongzhanguan,83.0,90.74615671571696
2017-02-27 10:00:00,Nongzhanguan,94.0,95.68252367527313
2017-02-27 11:00:00,Nongzhanguan,126.0,100.00136348588593
2017-02-27 13:00:00,Nongzhanguan,89.0,52.92113756528612
2017-02-27 14:00:00,Nongzhanguan,107.0,122.92865994717134
2017-02-27 15:00:00,Nongzhanguan,71.0,106.94963422995579
2017-02-27 16:00:00,Nongzhanguan,53.0,64.26912424405067
2017-02-27 17:00:00,Nongzhanguan,53.0,55.49105355846223
2017-02-27 18:00:00,Nongzhanguan,51.0,57.5036055841209
2017-02-27 19:00:00,Nongzhanguan,41.0,61.96781539733033
2017-02-27 20:00:00,Nongzhanguan,54.0,52.0073223000613
2017-02-27 21:00:00,Nongzhanguan,51.0,62.05087530007644
2017-02-27 22:00:00,Nongzhanguan,56.0,55.85524081438082
2017-02-27 23:00:00,Nongzhanguan,74.0,62.62412447778725
2017-02-28 00:00:00,Nongzhanguan,58.0,80.04480998877035
2017-02-28 02:00:00,Nongzhanguan,33.0,60.4826468006979
2017-02-28 03:00:00,Nongzhanguan,24.0,28.66105137908671
2017-02-28 04:00:00,Nongzhanguan,14.0,28.21132994281438
2017-02-28 05:00:00,Nongzhanguan,12.0,19.46642302540904
2017-02-28 06:00:00,Nongzhanguan,15.0,16.581573609342644
2017-02-28 07:00:00,Nongzhanguan,8.0,17.55019207149073
2017-02-28 08:00:00,Nongzhanguan,11.0,14.585664615311202
2017-02-28 09:00:00,Nongzhanguan,8.0,15.787687321500945
2017-02-28 10:00:00,Nongzhanguan,4.0,12.689285452117206
2017-02-28 11:00:00,Nongzhanguan,3.0,11.04247746417717
2017-02-28 12:00:00,Nongzhanguan,5.0,6.671000910828254
2017-02-28 15:00:00,Nongzhanguan,3.0,-2.694300915351015
2017-02-28 16:00:00,Nongzhanguan,12.0,1.8054229629651715
2017-02-28 17:00:00,Nongzhanguan,16.0,11.746187824206748
2017-02-28 18:00:00,Nongzhanguan,14.0,17.67379386235481
2017-02-28 19:00:00,Nongzhanguan,18.0,14.465504477139621
2017-02-28 20:00:00,Nongzhanguan,15.0,20.672774060962865
2017-02-28 21:00:00,Nongzhanguan,11.0,21.65005233559717
2017-02-28 22:00:00,Nongzhanguan,10.0,18.395808470151845
2017-01-01 00:00:00,Shunyi,483.0,538.7776841118904
2017-01-01 01:00:00,Shunyi,473.0,496.1731807733192
2017-01-01 02:00:00,Shunyi,411.0,433.05083837801243
2017-01-01 03:00:00,Shunyi,394.0,360.7661234999386
2017-01-01 04:00:00,Shunyi,398.0,374.1806319898171
2017-01-01 05:00:00,Shunyi,384.0,372.3472879053514
2017-01-01 06:00:00,Shunyi,378.0,362.4143148038034
2017-01-01 07:00:00,Shunyi,371.0,333.8596846414167
2017-01-01 08:00:00,Shunyi,368.0,345.4901592724574
2017-01-01 09:00:00,Shunyi,382.0,352.67569970769694
2017-01-01 10:00:00,Shunyi,388.0,392.62463178149125
2017-01-01 11:00:00,Shunyi,448.0,391.62853619221636
2017-01-01 12:00:00,Shunyi,522.0,471.64295080295943
2017-01-01 13:00:00,Shunyi,503.0,544.8201907361909
2017-01-01 14:00:00,Shunyi,501.0,489.38088165343083
2017-01-01 15:00:00,Shunyi,509.0,540.5860609928793
2017-01-01 16:00:00,Shunyi,455.0,502.09159791812397
2017-01-01 17:00:00,Shunyi,426.0,446.83721182447084
2017-01-01 18:00:00,Shunyi,411.0,408.7750847157248
2017-01-01 19:00:00,Shunyi,393.0,400.54866572039685
2017-01-01 20:00:00,Shunyi,373.0,383.43633990794734
2017-01-01 21:00:00,Shunyi,386.0,365.04007795304517
2017-01-01 22:00:00,Shunyi,410.0,379.0269089722561
2017-01-01 23:00:00,Shunyi,418.0,392.2227000690718
2017-01-02 00:00:00,Shunyi,474.0,385.58316180165855
2017-01-02 01:00:00,Shunyi,449.0,525.1944940167635
2017-01-02 02:00:00,Shunyi,419.0,448.5746119567074
2017-01-02 03:00:00,Shunyi,397.0,367.9146812848932
2017-01-02 04:00:00,Shunyi,369.0,350.4388954791092
2017-01-02 05:00:00,Shunyi,276.0,309.8999919039537
2017-01-02 06:00:00,Shunyi,226.0,217.89117600256336
2017-01-02 07:00:00,Shunyi,167.0,189.89360079070175
2017-01-02 08:00:00,Shunyi,107.0,117.6948583452345
2017-01-02 09:00:00,Shunyi,84.0,91.72589206616256
2017-01-02 10:00:00,Shunyi,50.0,83.04331584611815
2017-01-02 11:00:00,Shunyi,25.0,47.508005518613245
2017-01-02 12:00:00,Shunyi,21.0,28.94811665903243
2017-01-02 13:00:00,Shunyi,73.0,27.65270573612226
2017-01-02 14:00:00,Shunyi,95.0,78.00245864334897
2017-01-02 15:00:00,Shunyi,118.0,112.3442785896222
2017-01-02 16:00:00,Shunyi,204.0,149.38410063595475
2017-01-02 17:00:00,Shunyi,266.0,245.47139697766744
2017-01-02 18:00:00,Shunyi,242.0,281.20957638547173
2017-01-02 19:00:00,Shunyi,266.0,262.040222745388
2017-01-02 20:00:00,Shunyi,304.0,279.088916255628
2017-01-02 21:00:00,Shunyi,307.0,304.9765201989555
2017-01-02 22:00:00,Shunyi,300.0,311.20860532170957
2017-01-02 23:00:00,Shunyi,364.0,293.5325258706494
2017-01-03 00:00:00,Shunyi,276.0,356.56762716744197
2017-01-03 01:00:00,Shunyi,264.0,256.4059446529098
2017-01-03 02:00:00,Shunyi,265.0,255.11996647690341
2017-01-03 03:00:00,Shunyi,235.0,241.89486428783508
2017-01-03 04:00:00,Shunyi,219.0,195.15531563219153
2017-01-03 05:00:00,Shunyi,201.0,193.54346175239922
2017-01-03 06:00:00,Shunyi,193.0,182.51911913080858
2017-01-03 07:00:00,Shunyi,173.0,188.9040142038098
2017-01-03 08:00:00,Shunyi,203.0,174.78310523906094
2017-01-03 09:00:00,Shunyi,181.0,207.07156761808972
2017-01-03 10:00:00,Shunyi,148.0,180.29679709601203
2017-01-03 11:00:00,Shunyi,144.0,141.20483473712864
2017-01-03 12:00:00,Shunyi,119.0,144.65300856097403
2017-01-03 13:00:00,Shunyi,127.0,113.96313042395508
2017-01-03 14:00:00,Shunyi,125.0,136.8994034186324
2017-01-03 15:00:00,Shunyi,166.0,129.84193140483964
2017-01-03 16:00:00,Shunyi,449.0,183.88068842610338
2017-01-03 17:00:00,Shunyi,535.0,473.9777970313984
2017-01-03 18:00:00,Shunyi,488.0,446.6433771950431
2017-01-03 19:00:00,Shunyi,470.0,440.77814207534857
2017-01-03 20:00:00,Shunyi,530.0,519.7482930286073
2017-01-03 21:00:00,Shunyi,507.0,560.168001937382
2017-01-03 22:00:00,Shunyi,494.0,549.1288389110209
2017-01-03 23:00:00,Shunyi,472.0,560.7397550338927
2017-01-04 00:00:00,Shunyi,473.0,531.4846335157047
2017-01-04 01:00:00,Shunyi,477.0,528.8104926915622
2017-01-04 02:00:00,Shunyi,472.0,535.0902660516596
2017-01-04 03:00:00,Shunyi,582.0,523.5465210803397
2017-01-04 04:00:00,Shunyi,554.0,519.9743827578166
2017-01-04 05:00:00,Shunyi,450.0,500.25842511483245
2017-01-04 06:00:00,Shunyi,439.0,445.8273482016828
2017-01-04 07:00:00,Shunyi,337.0,424.9196691485648
2017-01-04 08:00:00,Shunyi,249.0,297.6865756727041
2017-01-04 09:00:00,Shunyi,313.0,210.15128222793055
2017-01-04 10:00:00,Shunyi,229.0,316.8545664617098
2017-01-04 11:00:00,Shunyi,313.0,211.2301664004653
2017-01-04 12:00:00,Shunyi,332.0,321.7091490905879
2017-01-04 13:00:00,Shunyi,292.0,310.1830982462439
2017-01-04 14:00:00,Shunyi,258.0,279.0638566505092
2017-01-04 15:00:00,Shunyi,249.0,260.18981923485416
2017-01-04 16:00:00,Shunyi,249.0,242.39457577207153
2017-01-04 17:00:00,Shunyi,3.0,251.42266018174567
2017-01-04 18:00:00,Shunyi,233.0,78.77534029574846
2017-01-04 19:00:00,Shunyi,345.0,320.0553348727297
2017-01-04 20:00:00,Shunyi,364.0,385.4135893964527
2017-01-04 21:00:00,Shunyi,255.0,339.5708332838605
2017-01-04 22:00:00,Shunyi,192.0,195.6920970422265
2017-01-04 23:00:00,Shunyi,181.0,186.56530909992512
2017-01-05 00:00:00,Shunyi,175.0,199.03188910729173
2017-01-05 01:00:00,Shunyi,165.0,197.4438427142818
2017-01-05 02:00:00,Shunyi,189.0,189.19629393084557
2017-01-05 03:00:00,Shunyi,271.0,200.84157586917027
2017-01-05 04:00:00,Shunyi,257.0,294.93565011443076
2017-01-05 05:00:00,Shunyi,274.0,267.8837186056407
2017-01-05 06:00:00,Shunyi,288.0,283.79637400614973
2017-01-05 07:00:00,Shunyi,307.0,286.2254804669854
2017-01-05 08:00:00,Shunyi,292.0,317.9437081796065
2017-01-05 09:00:00,Shunyi,281.0,312.6565111406319
2017-01-05 10:00:00,Shunyi,319.0,290.5544388826004
2017-01-05 11:00:00,Shunyi,311.0,338.7945395458503
2017-01-05 12:00:00,Shunyi,290.0,322.66708953252027
2017-01-05 13:00:00,Shunyi,254.0,285.020441451755
2017-01-05 14:00:00,Shunyi,204.0,258.27665210992956
2017-01-05 15:00:00,Shunyi,179.0,197.03822440462756
2017-01-05 16:00:00,Shunyi,166.0,183.3299334241499
2017-01-05 17:00:00,Shunyi,165.0,187.47183371430253
2017-01-05 18:00:00,Shunyi,172.0,187.95403018402453
2017-01-05 19:00:00,Shunyi,165.0,192.00857268043018
2017-01-05 20:00:00,Shunyi,163.0,173.29947075529736
2017-01-05 21:00:00,Shunyi,190.0,170.03784438723832
2017-01-05 22:00:00,Shunyi,214.0,201.1423546639
2017-01-05 23:00:00,Shunyi,240.0,225.83488095844945
2017-01-06 00:00:00,Shunyi,200.0,268.6033534339763
2017-01-06 01:00:00,Shunyi,248.0,188.9418854619011
2017-01-06 02:00:00,Shunyi,367.0,263.89330730738425
2017-01-06 03:00:00,Shunyi,331.0,375.52733059522825
2017-01-06 04:00:00,Shunyi,308.0,331.8438966587183
2017-01-06 05:00:00,Shunyi,209.0,293.0806001678719
2017-01-06 06:00:00,Shunyi,187.0,180.63615185692632
2017-01-06 07:00:00,Shunyi,209.0,185.8278453331725
2017-01-06 08:00:00,Shunyi,220.0,209.4546942844037
2017-01-06 09:00:00,Shunyi,195.0,231.9160813791567
2017-01-06 10:00:00,Shunyi,161.0,205.93127893146297
2017-01-06 11:00:00,Shunyi,170.0,151.45930839174335
2017-01-06 12:00:00,Shunyi,171.0,180.6295841741694
2017-01-06 13:00:00,Shunyi,181.0,199.289628752994
2017-01-06 14:00:00,Shunyi,184.0,205.43842009913425
2017-01-06 15:00:00,Shunyi,184.0,209.14915147821068
2017-01-06 16:00:00,Shunyi,182.0,209.64009732553717
2017-01-06 17:00:00,Shunyi,184.0,215.99902646210478
2017-01-06 18:00:00,Shunyi,189.0,218.4277354753073
2017-01-06 19:00:00,Shunyi,187.0,223.456172611257
2017-01-06 20:00:00,Shunyi,227.0,220.52945334187126
2017-01-06 21:00:00,Shunyi,271.0,254.69968498631454
2017-01-06 22:00:00,Shunyi,272.0,290.648077959304
2017-01-06 23:00:00,Shunyi,247.0,286.0990778810382
2017-01-07 00:00:00,Shunyi,224.0,249.28019816794856
2017-01-07 01:00:00,Shunyi,221.0,212.0146030894606
2017-01-07 02:00:00,Shunyi,196.0,219.28912509410583
2017-01-07 03:00:00,Shunyi,190.0,198.26745442810616
2017-01-07 04:00:00,Shunyi,170.0,188.09092439384645
2017-01-07 05:00:00,Shunyi,155.0,180.41957144648154
2017-01-07 06:00:00,Shunyi,140.0,161.06957255815792
2017-01-07 07:00:00,Shunyi,148.0,148.21929868229304
2017-01-07 08:00:00,Shunyi,163.0,158.52257343243542
2017-01-07 09:00:00,Shunyi,170.0,192.90652858617088
2017-01-07 10:00:00,Shunyi,163.0,199.99702216253954
2017-01-07 11:00:00,Shunyi,136.0,188.40285002607783
2017-01-07 12:00:00,Shunyi,127.0,155.38364801207754
2017-01-07 13:00:00,Shunyi,125.0,153.8680766351835
2017-01-07 14:00:00,Shunyi,121.0,150.8613184419185
2017-01-07 15:00:00,Shunyi,129.0,143.7059607985835
2017-01-07 16:00:00,Shunyi,131.0,151.73343878324334
2017-01-07 17:00:00,Shunyi,129.0,155.61309200103634
2017-01-07 18:00:00,Shunyi,124.0,153.38224514130403
2017-01-07 19:00:00,Shunyi,129.0,149.35309475008904
2017-01-07 20:00:00,Shunyi,142.0,150.43094870036344
2017-01-07 21:00:00,Shunyi,131.0,161.62600543617253
2017-01-07 22:00:00,Shunyi,139.0,153.0240517796619
2017-01-07 23:00:00,Shunyi,165.0,157.74853875459206
2017-01-08 00:00:00,Shunyi,211.0,184.21112502207058
2017-01-08 01:00:00,Shunyi,153.0,221.8995173884924
2017-01-08 02:00:00,Shunyi,123.0,155.5235565675327
2017-01-08 03:00:00,Shunyi,126.0,128.14628935492328
2017-01-08 04:00:00,Shunyi,53.0,112.70497049251826
2017-01-08 05:00:00,Shunyi,30.0,29.77441856082999
2017-01-08 06:00:00,Shunyi,32.0,32.01664264003234
2017-01-08 07:00:00,Shunyi,37.0,30.75781691813492
2017-01-08 08:00:00,Shunyi,40.0,33.917792239287806
2017-01-08 09:00:00,Shunyi,31.0,46.002336245926216
2017-01-08 10:00:00,Shunyi,28.0,32.78528316226255
2017-01-08 11:00:00,Shunyi,27.0,30.44151384009547
2017-01-08 12:00:00,Shunyi,19.0,29.640832960609426
2017-01-08 13:00:00,Shunyi,18.0,22.077965164092493
2017-01-08 14:00:00,Shunyi,18.0,21.32389540668939
2017-01-08 15:00:00,Shunyi,18.0,25.93491590152719
2017-01-08 16:00:00,Shunyi,22.0,21.57226560970153
2017-01-08 17:00:00,Shunyi,31.0,31.249641334039744
2017-01-08 18:00:00,Shunyi,21.0,36.04031181051712
2017-01-08 19:00:00,Shunyi,12.0,24.308930674893347
2017-01-08 20:00:00,Shunyi,6.0,15.610890900350674
2017-01-08 21:00:00,Shunyi,5.0,11.461513293385652
2017-01-08 22:00:00,Shunyi,8.0,11.031077143387922
2017-01-08 23:00:00,Shunyi,10.0,11.726181733024353
2017-01-09 00:00:00,Shunyi,6.0,15.676680887149935
2017-01-09 01:00:00,Shunyi,10.0,11.878623517558873
2017-01-09 02:00:00,Shunyi,7.0,14.73608659535479
2017-01-09 03:00:00,Shunyi,5.0,7.876816118417175
2017-01-09 04:00:00,Shunyi,8.0,7.823985043925156
2017-01-09 05:00:00,Shunyi,12.0,13.135872653079646
2017-01-09 06:00:00,Shunyi,14.0,10.855714430370808
2017-01-09 07:00:00,Shunyi,11.0,13.317871461066915
2017-01-09 08:00:00,Shunyi,21.0,12.624606521043292
2017-01-09 09:00:00,Shunyi,16.0,19.848016177763462
2017-01-09 10:00:00,Shunyi,12.0,15.760711405542507
2017-01-09 11:00:00,Shunyi,12.0,11.906199347678545
2017-01-09 12:00:00,Shunyi,9.0,11.387115864515184
2017-01-09 13:00:00,Shunyi,9.0,9.662033155019673
2017-01-09 14:00:00,Shunyi,12.0,14.198614279938548
2017-01-09 15:00:00,Shunyi,22.0,17.838607154739375
2017-01-09 16:00:00,Shunyi,30.0,31.425906306942164
2017-01-09 17:00:00,Shunyi,38.0,45.825163694534325
2017-01-09 18:00:00,Shunyi,45.0,52.3959828444425
2017-01-09 19:00:00,Shunyi,55.0,56.746115329440876
2017-01-09 20:00:00,Shunyi,73.0,65.7747565254247
2017-01-09 21:00:00,Shunyi,99.0,84.08918113515682
2017-01-09 22:00:00,Shunyi,113.0,105.55722183017977
2017-01-09 23:00:00,Shunyi,104.0,117.87752497889512
2017-01-10 00:00:00,Shunyi,45.0,89.70140155131296
2017-01-10 01:00:00,Shunyi,7.0,22.335683770197157
2017-01-10 02:00:00,Shunyi,6.0,6.810096097233644
2017-01-10 03:00:00,Shunyi,4.0,4.455841944049704
2017-01-10 04:00:00,Shunyi,3.0,5.284990530176797
2017-01-10 05:00:00,Shunyi,4.0,4.827822651899632
2017-01-10 06:00:00,Shunyi,9.0,5.097457205048914
2017-01-10 07:00:00,Shunyi,11.0,9.138385371741759
2017-01-10 08:00:00,Shunyi,20.0,30.781007601467
2017-01-10 09:00:00,Shunyi,25.0,20.675384771808915
2017-01-10 10:00:00,Shunyi,10.0,26.08661012096805
2017-01-10 11:00:00,Shunyi,6.0,12.745504684943981
2017-01-10 12:00:00,Shunyi,10.0,6.523132195193386
2017-01-10 13:00:00,Shunyi,3.0,8.36078545543077
2017-01-10 14:00:00,Shunyi,9.0,6.768829927350024
2017-01-10 15:00:00,Shunyi,10.0,10.74076828718473
2017-01-10 16:00:00,Shunyi,6.0,9.506310537414038
2017-01-10 17:00:00,Shunyi,12.0,7.785366587704474
2017-01-10 18:00:00,Shunyi,13.0,36.218382608901145
2017-01-10 19:00:00,Shunyi,9.0,15.417741666936463
2017-01-10 20:00:00,Shunyi,17.0,16.458044515070902
2017-01-10 21:00:00,Shunyi,23.0,27.198584380701252
2017-01-10 22:00:00,Shunyi,24.0,31.84245865637153
2017-01-10 23:00:00,Shunyi,13.0,29.845610191021212
2017-01-11 00:00:00,Shunyi,29.0,23.45558485447284
2017-01-11 01:00:00,Shunyi,24.0,35.22865201928501
2017-01-11 02:00:00,Shunyi,41.0,23.79675206125135
2017-01-11 03:00:00,Shunyi,42.0,38.424184558087624
2017-01-11 04:00:00,Shunyi,38.0,37.97871782716809
2017-01-11 05:00:00,Shunyi,36.0,35.37073249220582
2017-01-11 06:00:00,Shunyi,31.0,36.22754936824714
2017-01-11 07:00:00,Shunyi,31.0,32.84542800795913
2017-01-11 08:00:00,Shunyi,35.0,33.51996928494011
2017-01-11 09:00:00,Shunyi,38.0,35.38981110111127
2017-01-11 10:00:00,Shunyi,52.0,45.33119572415952
2017-01-11 11:00:00,Shunyi,51.0,64.46331310893221
2017-01-11 12:00:00,Shunyi,58.0,62.190637013608665
2017-01-11 13:00:00,Shunyi,47.0,59.18144440292404
2017-01-11 14:00:00,Shunyi,29.0,40.52228174877809
2017-01-11 15:00:00,Shunyi,18.0,24.654570087351637
2017-01-11 16:00:00,Shunyi,27.0,17.53354560435675
2017-01-11 17:00:00,Shunyi,31.0,28.15857163129883
2017-01-11 18:00:00,Shunyi,48.0,36.91541401032226
2017-01-11 19:00:00,Shunyi,42.0,67.4737982566084
2017-01-11 20:00:00,Shunyi,45.0,50.726110792801265
2017-01-11 21:00:00,Shunyi,48.0,53.18223258581613
2017-01-11 22:00:00,Shunyi,15.0,53.32914721311956
2017-01-11 23:00:00,Shunyi,22.0,22.6167478318271
2017-01-12 00:00:00,Shunyi,22.0,28.748452787674903
2017-01-12 01:00:00,Shunyi,29.0,28.32909461009525
2017-01-12 02:00:00,Shunyi,45.0,32.98440063809267
2017-01-12 03:00:00,Shunyi,32.0,50.5612916860058
2017-01-12 04:00:00,Shunyi,51.0,35.13842132123486
2017-01-12 05:00:00,Shunyi,28.0,55.79085995142106
2017-01-12 06:00:00,Shunyi,39.0,29.625899887493105
2017-01-12 07:00:00,Shunyi,26.0,49.058634445349384
2017-01-12 08:00:00,Shunyi,29.0,26.54317194300973
2017-01-12 09:00:00,Shunyi,38.0,33.66010292447258
2017-01-12 10:00:00,Shunyi,39.0,43.78357658518701
2017-01-12 11:00:00,Shunyi,38.0,42.501762568487585
2017-01-12 12:00:00,Shunyi,22.0,39.269055149620236
2017-01-12 13:00:00,Shunyi,11.0,19.662465680749673
2017-01-12 14:00:00,Shunyi,21.0,11.400848768539394
2017-01-12 15:00:00,Shunyi,57.0,26.682934959370833
2017-01-12 16:00:00,Shunyi,69.0,73.69842916523379
2017-01-12 17:00:00,Shunyi,80.0,89.47698680873256
2017-01-12 18:00:00,Shunyi,90.0,101.59034444224885
2017-01-12 19:00:00,Shunyi,113.0,112.62860796229126
2017-01-12 20:00:00,Shunyi,83.0,128.43959152146155
2017-01-12 21:00:00,Shunyi,13.0,82.1272669256744
2017-01-12 22:00:00,Shunyi,10.0,13.086289153930709
2017-01-12 23:00:00,Shunyi,16.0,12.937232371866756
2017-01-13 00:00:00,Shunyi,10.0,13.382184322643873
2017-01-13 01:00:00,Shunyi,13.0,10.546531574321904
2017-01-13 02:00:00,Shunyi,10.0,11.495188431603712
2017-01-13 03:00:00,Shunyi,2.0,9.52774220075144
2017-01-13 04:00:00,Shunyi,2.0,6.653962689481317
2017-01-13 05:00:00,Shunyi,16.0,6.6855327794587875
2017-01-13 06:00:00,Shunyi,15.0,13.648616074048466
2017-01-13 07:00:00,Shunyi,9.0,13.675146588502347
2017-01-13 08:00:00,Shunyi,18.0,11.199864234263611
2017-01-13 09:00:00,Shunyi,13.0,17.667000478423706
2017-01-13 10:00:00,Shunyi,14.0,12.239888965551152
2017-01-13 11:00:00,Shunyi,18.0,12.337701842162884
2017-01-13 12:00:00,Shunyi,18.0,15.373532526258648
2017-01-13 13:00:00,Shunyi,10.0,15.521370512192117
2017-01-13 14:00:00,Shunyi,10.0,9.575085923562229
2017-01-13 15:00:00,Shunyi,12.0,9.43659950331742
2017-01-13 16:00:00,Shunyi,2.0,10.481187164675314
2017-01-13 17:00:00,Shunyi,13.0,8.042338492518958
2017-01-13 18:00:00,Shunyi,13.0,12.123960181525954
2017-01-13 19:00:00,Shunyi,11.0,12.862155141828584
2017-01-13 20:00:00,Shunyi,16.0,10.580158552678279
2017-01-13 21:00:00,Shunyi,8.0,13.536343909379221
2017-01-13 22:00:00,Shunyi,9.0,8.130771045258713
2017-01-13 23:00:00,Shunyi,15.0,8.27256539753012
2017-01-14 00:00:00,Shunyi,11.0,12.694523945656043
2017-01-14 01:00:00,Shunyi,6.0,9.851023346708962
2017-01-14 02:00:00,Shunyi,14.0,10.48009154579999
2017-01-14 03:00:00,Shunyi,13.0,14.87473125713308
2017-01-14 04:00:00,Shunyi,2.0,14.245474324951665
2017-01-14 05:00:00,Shunyi,4.0,10.808096170259903
2017-01-14 06:00:00,Shunyi,17.0,9.439206436641546
2017-01-14 07:00:00,Shunyi,19.0,16.713832162296306
2017-01-14 08:00:00,Shunyi,15.0,20.133384082525957
2017-01-14 09:00:00,Shunyi,13.0,17.288600530584297
2017-01-14 10:00:00,Shunyi,16.0,15.850415813350343
2017-01-14 11:00:00,Shunyi,7.0,16.313805440221692
2017-01-14 12:00:00,Shunyi,10.0,11.87968179222299
2017-01-14 13:00:00,Shunyi,2.0,8.79680443102709
2017-01-14 14:00:00,Shunyi,12.0,11.84624928243368
2017-01-14 15:00:00,Shunyi,17.0,15.197798668633931
2017-01-14 16:00:00,Shunyi,23.0,21.596946843129853
2017-01-14 17:00:00,Shunyi,36.0,31.2997091786389
2017-01-14 18:00:00,Shunyi,54.0,47.99282048144068
2017-01-14 19:00:00,Shunyi,77.0,69.98028844749489
2017-01-14 20:00:00,Shunyi,82.0,89.3489331243753
2017-01-14 21:00:00,Shunyi,61.0,88.29844578188745
2017-01-14 22:00:00,Shunyi,53.0,80.28684180787666
2017-01-14 23:00:00,Shunyi,56.0,66.2940954601766
2017-01-15 00:00:00,Shunyi,56.0,63.89902909430038
2017-01-15 01:00:00,Shunyi,42.0,58.247666777162436
2017-01-15 02:00:00,Shunyi,51.0,44.071665803176295
2017-01-15 03:00:00,Shunyi,49.0,51.48492841003473
2017-01-15 04:00:00,Shunyi,37.0,51.19278077470651
2017-01-15 05:00:00,Shunyi,53.0,41.03271954527944
2017-01-15 06:00:00,Shunyi,45.0,57.29923058848609
2017-01-15 07:00:00,Shunyi,56.0,53.10544004474739
2017-01-15 08:00:00,Shunyi,59.0,65.3791376382533
2017-01-15 09:00:00,Shunyi,64.0,66.22020774007143
2017-01-15 10:00:00,Shunyi,52.0,71.47140662166305
2017-01-15 11:00:00,Shunyi,59.0,61.302362010721154
2017-01-15 12:00:00,Shunyi,34.0,64.25492982399452
2017-01-15 13:00:00,Shunyi,46.0,39.839333139553155
2017-01-15 14:00:00,Shunyi,47.0,52.99986094730731
2017-01-15 15:00:00,Shunyi,52.0,49.65141878987174
2017-01-15 16:00:00,Shunyi,55.0,61.07265561865124
2017-01-15 17:00:00,Shunyi,57.0,62.72127915358725
2017-01-15 18:00:00,Shunyi,73.0,64.50656976984826
2017-01-15 19:00:00,Shunyi,106.0,84.86368757898052
2017-01-15 20:00:00,Shunyi,110.0,115.32924644207446
2017-01-15 21:00:00,Shunyi,102.0,115.68139695653483
2017-01-15 22:00:00,Shunyi,123.0,111.42586591242363
2017-01-15 23:00:00,Shunyi,131.0,136.773115274565
2017-01-16 00:00:00,Shunyi,111.0,135.06744102681867
2017-01-16 01:00:00,Shunyi,117.0,107.86085247080926
2017-01-16 02:00:00,Shunyi,126.0,121.29665774730698
2017-01-16 03:00:00,Shunyi,116.0,125.43089903356311
2017-01-16 04:00:00,Shunyi,123.0,110.73423785795512
2017-01-16 05:00:00,Shunyi,108.0,121.26259561564233
2017-01-16 06:00:00,Shunyi,80.0,104.75450216528209
2017-01-16 07:00:00,Shunyi,84.0,72.87972191954678
2017-01-16 08:00:00,Shunyi,87.0,86.92165226704758
2017-01-16 09:00:00,Shunyi,87.0,96.17075125347597
2017-01-16 10:00:00,Shunyi,86.0,100.873161691713
2017-01-16 11:00:00,Shunyi,100.0,97.78466464736735
2017-01-16 12:00:00,Shunyi,98.0,111.329800301059
2017-01-16 13:00:00,Shunyi,104.0,106.98291961963271
2017-01-16 14:00:00,Shunyi,10.0,113.18887019106256
2017-01-16 15:00:00,Shunyi,13.0,25.124862639729386
2017-01-16 16:00:00,Shunyi,100.0,32.741641535681815
2017-01-16 17:00:00,Shunyi,116.0,124.55235941804742
2017-01-16 18:00:00,Shunyi,114.0,127.44104181525621
2017-01-16 19:00:00,Shunyi,119.0,123.38341527911287
2017-01-16 20:00:00,Shunyi,138.0,126.64423149646595
2017-01-16 21:00:00,Shunyi,144.0,138.10851871319696
2017-01-16 22:00:00,Shunyi,153.0,145.26413798643915
2017-01-16 23:00:00,Shunyi,143.0,156.07877463564733
2017-01-17 00:00:00,Shunyi,153.0,136.40534688529357
2017-01-17 01:00:00,Shunyi,162.0,155.16491706322176
2017-01-17 02:00:00,Shunyi,148.0,162.97326052683107
2017-01-17 03:00:00,Shunyi,144.0,145.26629819353218
2017-01-17 04:00:00,Shunyi,137.0,145.45257826541484
2017-01-17 05:00:00,Shunyi,138.0,133.3131055941132
2017-01-17 06:00:00,Shunyi,125.0,140.9383971155235
2017-01-17 07:00:00,Shunyi,129.0,124.96152845185615
2017-01-17 08:00:00,Shunyi,119.0,132.706397043333
2017-01-17 09:00:00,Shunyi,126.0,127.23795758664811
2017-01-17 10:00:00,Shunyi,136.0,136.80563340331443
2017-01-17 11:00:00,Shunyi,136.0,150.41241882413226
2017-01-17 12:00:00,Shunyi,158.0,150.8685618912887
2017-01-17 13:00:00,Shunyi,147.0,160.1501562299599
2017-01-17 14:00:00,Shunyi,136.0,156.22501697550732
2017-01-17 15:00:00,Shunyi,132.0,141.95300001727207
2017-01-17 16:00:00,Shunyi,132.0,138.75041546222937
2017-01-17 17:00:00,Shunyi,160.0,145.03328084718194
2017-01-17 18:00:00,Shunyi,174.0,181.84864201837206
2017-01-17 19:00:00,Shunyi,191.0,198.15812580015273
2017-01-17 20:00:00,Shunyi,180.0,197.46610082429603
2017-01-17 21:00:00,Shunyi,153.0,180.52149719063405
2017-01-17 22:00:00,Shunyi,136.0,154.21095547626842
2017-01-17 23:00:00,Shunyi,98.0,142.71606566275398
2017-01-18 00:00:00,Shunyi,54.0,89.98532775674997
2017-01-18 01:00:00,Shunyi,36.0,54.802558350428406
2017-01-18 02:00:00,Shunyi,23.0,37.17353587403618
2017-01-18 03:00:00,Shunyi,20.0,22.59561886224204
2017-01-18 04:00:00,Shunyi,19.0,22.946828919446297
2017-01-18 05:00:00,Shunyi,24.0,21.027126649970228
2017-01-18 06:00:00,Shunyi,28.0,24.57878476324002
2017-01-18 07:00:00,Shunyi,30.0,27.316055080675177
2017-01-18 08:00:00,Shunyi,27.0,28.34927355060155
2017-01-18 09:00:00,Shunyi,22.0,25.356945397493114
2017-01-18 10:00:00,Shunyi,13.0,21.71980736706021
2017-01-18 11:00:00,Shunyi,12.0,13.905962474415794
2017-01-18 12:00:00,Shunyi,17.0,13.298355053205228
2017-01-18 13:00:00,Shunyi,13.0,17.441292253403976
2017-01-18 14:00:00,Shunyi,11.0,16.189487143698628
2017-01-18 15:00:00,Shunyi,13.0,11.787368630194322
2017-01-18 16:00:00,Shunyi,25.0,17.799396678323728
2017-01-18 17:00:00,Shunyi,29.0,32.772752457520646
2017-01-18 18:00:00,Shunyi,39.0,42.351751879868814
2017-01-18 19:00:00,Shunyi,51.0,56.99199423207207
2017-01-18 20:00:00,Shunyi,80.0,65.56285601493106
2017-01-18 21:00:00,Shunyi,91.0,91.31815359295206
2017-01-18 22:00:00,Shunyi,99.0,97.23173425515932
2017-01-18 23:00:00,Shunyi,140.0,107.96452974010961
2017-01-19 00:00:00,Shunyi,152.0,150.3331750569055
2017-01-19 01:00:00,Shunyi,141.0,155.41158418289848
2017-01-19 02:00:00,Shunyi,130.0,139.37799152333895
2017-01-19 03:00:00,Shunyi,109.0,132.01544127351454
2017-01-19 04:00:00,Shunyi,103.0,119.4114382703736
2017-01-19 05:00:00,Shunyi,95.0,109.18723379623643
2017-01-19 06:00:00,Shunyi,94.0,106.4771435073133
2017-01-19 07:00:00,Shunyi,92.0,103.44511572455458
2017-01-19 08:00:00,Shunyi,91.0,105.4968754736441
2017-01-19 09:00:00,Shunyi,99.0,88.65143461502723
2017-01-19 10:00:00,Shunyi,20.0,89.15607910048763
2017-01-19 11:00:00,Shunyi,3.0,8.619368655841907
2017-01-19 12:00:00,Shunyi,3.0,5.872068000022295
2017-01-19 13:00:00,Shunyi,3.0,5.545846034984151
2017-01-19 14:00:00,Shunyi,8.0,5.806736563716705
2017-01-19 15:00:00,Shunyi,8.0,6.69219800477991
2017-01-19 16:00:00,Shunyi,3.0,10.124238596505178
2017-01-19 17:00:00,Shunyi,7.0,8.777862381012214
2017-01-19 18:00:00,Shunyi,11.0,10.077543273598552
2017-01-19 19:00:00,Shunyi,12.0,12.167361054875864
2017-01-19 20:00:00,Shunyi,10.0,12.224908049872022
2017-01-19 21:00:00,Shunyi,7.0,11.763592716782359
2017-01-19 22:00:00,Shunyi,3.0,9.737552537359981
2017-01-19 23:00:00,Shunyi,5.0,8.123228672540073
2017-01-20 00:00:00,Shunyi,8.0,8.1894906969999
2017-01-20 01:00:00,Shunyi,4.0,9.642180048262714
2017-01-20 02:00:00,Shunyi,9.0,9.176305866248436
2017-01-20 03:00:00,Shunyi,9.0,9.749201851060732
2017-01-20 04:00:00,Shunyi,5.0,11.36462410116279
2017-01-20 05:00:00,Shunyi,3.0,9.747802253515106
2017-01-20 06:00:00,Shunyi,9.0,8.956697927287664
2017-01-20 07:00:00,Shunyi,11.0,10.9347233790485
2017-01-20 08:00:00,Shunyi,11.0,13.43200290501124
2017-01-20 09:00:00,Shunyi,10.0,12.678382689766273
2017-01-20 10:00:00,Shunyi,8.0,12.120421784866128
2017-01-20 11:00:00,Shunyi,11.0,10.58008726542591
2017-01-20 12:00:00,Shunyi,6.0,13.127621140355057
2017-01-20 13:00:00,Shunyi,12.0,11.985700380979774
2017-01-20 14:00:00,Shunyi,14.0,14.294372181159051
2017-01-20 15:00:00,Shunyi,13.0,16.944182170977818
2017-01-20 16:00:00,Shunyi,19.0,18.10234437589667
2017-01-20 17:00:00,Shunyi,28.0,27.274163886765006
2017-01-20 18:00:00,Shunyi,48.0,40.155036179728256
2017-01-20 19:00:00,Shunyi,52.0,63.58483208434668
2017-01-20 20:00:00,Shunyi,76.0,64.19288301369593
2017-01-20 21:00:00,Shunyi,85.0,83.51855517663412
2017-01-20 22:00:00,Shunyi,94.0,83.99814820098929
2017-01-20 23:00:00,Shunyi,121.0,93.71965332900523
2017-01-21 00:00:00,Shunyi,124.0,128.06883979951112
2017-01-21 01:00:00,Shunyi,81.0,115.68990739914283
2017-01-21 02:00:00,Shunyi,63.0,66.37662468066479
2017-01-21 03:00:00,Shunyi,63.0,57.35690267620975
2017-01-21 04:00:00,Shunyi,63.0,63.225030662248244
2017-01-21 05:00:00,Shunyi,58.0,60.693262351182526
2017-01-21 06:00:00,Shunyi,55.0,61.249055119903446
2017-01-21 07:00:00,Shunyi,27.0,52.62339868646611
2017-01-21 08:00:00,Shunyi,4.0,21.6035331266664
2017-01-21 09:00:00,Shunyi,8.0,6.54291836040844
2017-01-21 10:00:00,Shunyi,9.0,6.65173426044116
2017-01-21 11:00:00,Shunyi,4.0,6.822493533825273
2017-01-21 12:00:00,Shunyi,5.0,6.5243090918186395
2017-01-21 13:00:00,Shunyi,8.0,6.686650953230789
2017-01-21 14:00:00,Shunyi,9.0,7.200262536550523
2017-01-21 15:00:00,Shunyi,6.0,6.736822474616993
2017-01-21 16:00:00,Shunyi,7.0,8.822934023087328
2017-01-21 17:00:00,Shunyi,6.0,9.595597003647555
2017-01-21 18:00:00,Shunyi,7.0,9.255559048009257
2017-01-21 19:00:00,Shunyi,5.0,9.16356490906581
2017-01-21 20:00:00,Shunyi,7.0,8.888444231390089
2017-01-21 21:00:00,Shunyi,5.0,10.923939819991833
2017-01-21 22:00:00,Shunyi,7.0,11.493968419690415
2017-01-21 23:00:00,Shunyi,19.0,11.842259823191412
2017-01-22 00:00:00,Shunyi,13.0,18.112022485479873
2017-01-22 01:00:00,Shunyi,8.0,12.14763409397136
2017-01-22 02:00:00,Shunyi,8.0,9.379572279689757
2017-01-22 03:00:00,Shunyi,6.0,9.133443283195291
2017-01-22 04:00:00,Shunyi,5.0,8.095289996390584
2017-01-22 05:00:00,Shunyi,5.0,6.2262784651685354
2017-01-22 06:00:00,Shunyi,6.0,6.547719518480023
2017-01-22 07:00:00,Shunyi,7.0,6.318776823433328
2017-01-22 08:00:00,Shunyi,8.0,6.914396821360755
2017-01-22 09:00:00,Shunyi,10.0,7.500599925172869
2017-01-22 10:00:00,Shunyi,9.0,8.802511502319739
2017-01-22 11:00:00,Shunyi,7.0,7.590781193654059
2017-01-22 12:00:00,Shunyi,7.0,6.925378091136831
2017-01-22 13:00:00,Shunyi,7.0,10.990217114636028
2017-01-22 14:00:00,Shunyi,8.0,8.613365282282114
2017-01-22 15:00:00,Shunyi,12.0,12.538587315607728
2017-01-22 16:00:00,Shunyi,18.0,17.07613424835386
2017-01-22 17:00:00,Shunyi,18.0,22.156879883020572
2017-01-22 18:00:00,Shunyi,32.0,20.758125811915342
2017-01-22 19:00:00,Shunyi,48.0,35.45524504847564
2017-01-22 20:00:00,Shunyi,42.0,50.501616512238705
2017-01-22 21:00:00,Shunyi,38.0,39.56971492709461
2017-01-22 22:00:00,Shunyi,23.0,35.02775979384066
2017-01-22 23:00:00,Shunyi,19.0,21.961810104334575
2017-01-23 00:00:00,Shunyi,16.0,18.930946767285903
2017-01-23 01:00:00,Shunyi,14.0,15.627185961308953
2017-01-23 02:00:00,Shunyi,14.0,14.282039810531884
2017-01-23 03:00:00,Shunyi,16.0,14.967297293405444
2017-01-23 04:00:00,Shunyi,8.0,15.767513122840226
2017-01-23 05:00:00,Shunyi,12.0,9.802588249357857
2017-01-23 06:00:00,Shunyi,10.0,11.863107797124986
2017-01-23 07:00:00,Shunyi,10.0,10.656693752743509
2017-01-23 08:00:00,Shunyi,11.0,9.841364045312883
2017-01-23 09:00:00,Shunyi,13.0,10.598298884387118
2017-01-23 10:00:00,Shunyi,10.0,11.602192514723349
2017-01-23 11:00:00,Shunyi,12.0,10.156028455144805
2017-01-23 12:00:00,Shunyi,9.0,11.52355464992856
2017-01-23 13:00:00,Shunyi,14.0,13.685789171728752
2017-01-23 14:00:00,Shunyi,19.0,17.69938103007621
2017-01-23 15:00:00,Shunyi,31.0,22.70131741208538
2017-01-23 16:00:00,Shunyi,41.0,37.69279755981947
2017-01-23 17:00:00,Shunyi,42.0,46.86211341510086
2017-01-23 18:00:00,Shunyi,45.0,49.16781625499535
2017-01-23 19:00:00,Shunyi,66.0,60.196433147596984
2017-01-23 20:00:00,Shunyi,104.0,83.2184539841283
2017-01-23 21:00:00,Shunyi,110.0,120.8131444092084
2017-01-23 22:00:00,Shunyi,164.0,112.29983435378469
2017-01-23 23:00:00,Shunyi,187.0,170.44773725268897
2017-01-24 00:00:00,Shunyi,145.0,196.88478777783268
2017-01-24 01:00:00,Shunyi,109.0,141.0177504364031
2017-01-24 02:00:00,Shunyi,70.0,85.2624743845716
2017-01-24 03:00:00,Shunyi,64.0,60.761009010467184
2017-01-24 04:00:00,Shunyi,45.0,58.915741138664906
2017-01-24 05:00:00,Shunyi,30.0,44.50820117805314
2017-01-24 06:00:00,Shunyi,34.0,29.52269452297026
2017-01-24 07:00:00,Shunyi,29.0,34.84337705367103
2017-01-24 08:00:00,Shunyi,27.0,30.818996466064213
2017-01-24 09:00:00,Shunyi,28.0,29.11857199418747
2017-01-24 10:00:00,Shunyi,27.0,27.861102051730686
2017-01-24 11:00:00,Shunyi,23.0,26.20361004273947
2017-01-24 12:00:00,Shunyi,20.0,26.625292628662468
2017-01-24 13:00:00,Shunyi,38.0,24.398248893439273
2017-01-24 14:00:00,Shunyi,47.0,42.73210085830438
2017-01-24 15:00:00,Shunyi,59.0,50.68311370146685
2017-01-24 16:00:00,Shunyi,60.0,62.13608776603208
2017-01-24 17:00:00,Shunyi,80.0,72.77228766973944
2017-01-24 18:00:00,Shunyi,114.0,105.55323183154334
2017-01-24 19:00:00,Shunyi,120.0,140.88929014916107
2017-01-24 20:00:00,Shunyi,131.0,145.33935376830993
2017-01-24 21:00:00,Shunyi,157.0,160.33712690902874
2017-01-24 22:00:00,Shunyi,190.0,174.25203168961562
2017-01-24 23:00:00,Shunyi,234.0,191.53522436527203
2017-01-25 00:00:00,Shunyi,202.0,268.5484703419799
2017-01-25 01:00:00,Shunyi,185.0,189.0397393405144
2017-01-25 02:00:00,Shunyi,155.0,168.75150803746527
2017-01-25 03:00:00,Shunyi,128.0,140.645737958443
2017-01-25 04:00:00,Shunyi,109.0,109.7148033152114
2017-01-25 05:00:00,Shunyi,102.0,94.93370264149924
2017-01-25 06:00:00,Shunyi,130.0,96.31785962540847
2017-01-25 07:00:00,Shunyi,115.0,139.60533595357938
2017-01-25 08:00:00,Shunyi,95.0,115.81719617931816
2017-01-25 09:00:00,Shunyi,88.0,89.24344377437444
2017-01-25 10:00:00,Shunyi,98.0,85.08281665452348
2017-01-25 11:00:00,Shunyi,123.0,90.89922813729417
2017-01-25 12:00:00,Shunyi,151.0,127.09611330232792
2017-01-25 14:00:00,Shunyi,165.0,133.600839752221
2017-01-25 15:00:00,Shunyi,175.0,193.48127800291826
2017-01-25 16:00:00,Shunyi,188.0,179.01719921891268
2017-01-25 17:00:00,Shunyi,200.0,201.08788414716975
2017-01-25 18:00:00,Shunyi,208.0,212.68197728848799
2017-01-25 19:00:00,Shunyi,253.0,227.4939525800489
2017-01-25 20:00:00,Shunyi,241.0,263.86949123926564
2017-01-25 21:00:00,Shunyi,298.0,242.76990854404102
2017-01-25 22:00:00,Shunyi,338.0,304.32096947386117
2017-01-25 23:00:00,Shunyi,343.0,332.08618278549375
2017-01-26 00:00:00,Shunyi,333.0,336.5125915535407
2017-01-26 01:00:00,Shunyi,313.0,324.30947766014924
2017-01-26 02:00:00,Shunyi,309.0,300.61283758834105
2017-01-26 03:00:00,Shunyi,274.0,304.9797742380737
2017-01-26 04:00:00,Shunyi,258.0,250.2726163198864
2017-01-26 05:00:00,Shunyi,257.0,242.10607272896942
2017-01-26 06:00:00,Shunyi,253.0,243.1616819491192
2017-01-26 07:00:00,Shunyi,242.0,232.47263658773264
2017-01-26 08:00:00,Shunyi,245.0,219.75278471613038
2017-01-26 09:00:00,Shunyi,254.0,233.43316707347873
2017-01-26 10:00:00,Shunyi,276.0,241.41576875242436
2017-01-26 11:00:00,Shunyi,292.0,242.38821163414082
2017-01-26 12:00:00,Shunyi,264.0,262.1669104442227
2017-01-26 13:00:00,Shunyi,244.0,243.56869558675868
2017-01-26 14:00:00,Shunyi,3.0,204.4372158237497
2017-01-26 15:00:00,Shunyi,3.0,-2.466747597238591
2017-01-26 16:00:00,Shunyi,4.0,18.98577218705056
2017-01-26 17:00:00,Shunyi,10.0,10.617847395694927
2017-01-26 18:00:00,Shunyi,8.0,9.64953179471323
2017-01-26 19:00:00,Shunyi,13.0,9.438842973819778
2017-01-26 20:00:00,Shunyi,8.0,11.653685932461062
2017-01-26 21:00:00,Shunyi,7.0,8.452677302096479
2017-01-26 22:00:00,Shunyi,6.0,7.485361446831538
2017-01-26 23:00:00,Shunyi,7.0,6.865383316392221
2017-01-27 00:00:00,Shunyi,7.0,7.032033530989337
2017-01-27 01:00:00,Shunyi,7.0,6.887012966792777
2017-01-27 02:00:00,Shunyi,8.0,5.768688773057423
2017-01-27 03:00:00,Shunyi,14.0,7.302638612428178
2017-01-27 04:00:00,Shunyi,10.0,12.792638792499163
2017-01-27 05:00:00,Shunyi,9.0,11.257304571844356
2017-01-27 06:00:00,Shunyi,9.0,13.92227861510666
2017-01-27 07:00:00,Shunyi,10.0,12.7594696474473
2017-01-27 08:00:00,Shunyi,15.0,14.690920091704589
2017-01-27 09:00:00,Shunyi,32.0,23.52222031892717
2017-01-27 10:00:00,Shunyi,22.0,37.95872633673039
2017-01-27 11:00:00,Shunyi,26.0,28.92139429877112
2017-01-27 12:00:00,Shunyi,41.0,28.02602796067967
2017-01-27 13:00:00,Shunyi,43.0,59.23971448252879
2017-01-27 14:00:00,Shunyi,44.0,61.669039048808486
2017-01-27 15:00:00,Shunyi,39.0,46.353419791044885
2017-01-27 16:00:00,Shunyi,46.0,43.94900855471477
2017-01-27 17:00:00,Shunyi,58.0,51.397353168674925
2017-01-27 18:00:00,Shunyi,93.0,67.58068050503076
2017-01-27 19:00:00,Shunyi,140.0,101.54268477554861
2017-01-27 20:00:00,Shunyi,192.0,146.12370212683476
2017-01-27 21:00:00,Shunyi,405.0,198.3996300972872
2017-01-27 22:00:00,Shunyi,531.0,430.5453197101954
2017-01-27 23:00:00,Shunyi,609.0,492.1628852712806
2017-01-28 00:00:00,Shunyi,637.0,626.3406055872467
2017-01-28 01:00:00,Shunyi,762.0,570.683933275588
2017-01-28 02:00:00,Shunyi,650.0,541.5631967495319
2017-01-28 03:00:00,Shunyi,671.0,534.4765323518229
2017-01-28 04:00:00,Shunyi,640.0,545.4502783532231
2017-01-28 05:00:00,Shunyi,593.0,527.1068521732461
2017-01-28 06:00:00,Shunyi,433.0,409.2173380288569
2017-01-28 07:00:00,Shunyi,330.0,297.58830356311535
2017-01-28 08:00:00,Shunyi,340.0,269.06652599854897
2017-01-28 09:00:00,Shunyi,346.0,258.03974279542035
2017-01-28 10:00:00,Shunyi,283.0,266.4458698120196
2017-01-28 11:00:00,Shunyi,220.0,254.07493150564622
2017-01-28 12:00:00,Shunyi,213.0,211.15380725695158
2017-01-28 13:00:00,Shunyi,213.0,215.74409250871486
2017-01-28 14:00:00,Shunyi,207.0,215.43368594086397
2017-01-28 15:00:00,Shunyi,198.0,216.1627814443917
2017-01-28 16:00:00,Shunyi,209.0,202.9651789370863
2017-01-28 17:00:00,Shunyi,210.0,216.75876386273103
2017-01-28 18:00:00,Shunyi,217.0,221.53434141206412
2017-01-28 19:00:00,Shunyi,249.0,228.68342616822227
2017-01-28 20:00:00,Shunyi,245.0,253.9837209916764
2017-01-28 21:00:00,Shunyi,271.0,246.35610103004677
2017-01-28 22:00:00,Shunyi,322.0,274.11536630633424
2017-01-28 23:00:00,Shunyi,322.0,316.93903058912537
2017-01-29 00:00:00,Shunyi,292.0,312.2115757623653
2017-01-29 01:00:00,Shunyi,247.0,264.91170744550095
2017-01-29 02:00:00,Shunyi,171.0,227.57023720605534
2017-01-29 03:00:00,Shunyi,72.0,140.1313500697766
2017-01-29 04:00:00,Shunyi,7.0,47.52873041621202
2017-01-29 05:00:00,Shunyi,4.0,7.840487878057622
2017-01-29 06:00:00,Shunyi,7.0,8.644703339165615
2017-01-29 07:00:00,Shunyi,7.0,10.276618327678467
2017-01-29 08:00:00,Shunyi,10.0,9.759339426402606
2017-01-29 09:00:00,Shunyi,8.0,10.733673214269183
2017-01-29 10:00:00,Shunyi,9.0,10.36342529134466
2017-01-29 11:00:00,Shunyi,8.0,8.371270409291608
2017-01-29 12:00:00,Shunyi,8.0,8.51442312901554
2017-01-29 13:00:00,Shunyi,11.0,8.266901426949916
2017-01-29 14:00:00,Shunyi,11.0,10.081653839116463
2017-01-29 15:00:00,Shunyi,12.0,10.936026505445444
2017-01-29 16:00:00,Shunyi,14.0,12.016554439816309
2017-01-29 17:00:00,Shunyi,10.0,14.305798882666743
2017-01-29 18:00:00,Shunyi,10.0,11.728436306789199
2017-01-29 19:00:00,Shunyi,7.0,10.164646294244468
2017-01-29 20:00:00,Shunyi,14.0,8.059314599921896
2017-01-29 21:00:00,Shunyi,15.0,17.30794405382437
2017-01-29 22:00:00,Shunyi,14.0,18.689873057095774
2017-01-29 23:00:00,Shunyi,5.0,18.031865041998724
2017-01-30 00:00:00,Shunyi,6.0,8.180439668600815
2017-01-30 01:00:00,Shunyi,6.0,7.293404258072434
2017-01-30 02:00:00,Shunyi,3.0,8.067234183278488
2017-01-30 03:00:00,Shunyi,6.0,7.734394768402057
2017-01-30 04:00:00,Shunyi,6.0,7.9916378756488005
2017-01-30 05:00:00,Shunyi,6.0,8.04915353711998
2017-01-30 06:00:00,Shunyi,5.0,11.676509330043698
2017-01-30 07:00:00,Shunyi,6.0,10.239830778177394
2017-01-30 08:00:00,Shunyi,7.0,9.88105818900317
2017-01-30 09:00:00,Shunyi,8.0,8.362429984218041
2017-01-30 10:00:00,Shunyi,6.0,7.930108271700154
2017-01-30 11:00:00,Shunyi,4.0,8.815182410457785
2017-01-30 12:00:00,Shunyi,6.0,9.088578227747274
2017-01-30 13:00:00,Shunyi,11.0,8.733493675944109
2017-01-30 14:00:00,Shunyi,8.0,11.972829982570246
2017-01-30 15:00:00,Shunyi,14.0,13.655875985540256
2017-01-30 16:00:00,Shunyi,13.0,19.498170376993933
2017-01-30 17:00:00,Shunyi,14.0,21.83194228070591
2017-01-30 18:00:00,Shunyi,31.0,21.77037478856586
2017-01-30 19:00:00,Shunyi,64.0,41.53761864518092
2017-01-30 20:00:00,Shunyi,81.0,74.68975351655047
2017-01-30 21:00:00,Shunyi,108.0,87.46622838267643
2017-01-30 22:00:00,Shunyi,87.0,107.89549293863391
2017-01-30 23:00:00,Shunyi,94.0,81.27450513598117
2017-01-31 00:00:00,Shunyi,136.0,93.73569110581276
2017-01-31 01:00:00,Shunyi,112.0,134.11823848916302
2017-01-31 02:00:00,Shunyi,110.0,99.35189137733329
2017-01-31 03:00:00,Shunyi,112.0,101.12927209727046
2017-01-31 04:00:00,Shunyi,108.0,104.15067301007049
2017-01-31 05:00:00,Shunyi,99.0,97.99829312706177
2017-01-31 06:00:00,Shunyi,106.0,90.59106895280584
2017-01-31 07:00:00,Shunyi,102.0,101.57151052426171
2017-01-31 08:00:00,Shunyi,102.0,98.29715957390765
2017-01-31 09:00:00,Shunyi,96.0,98.0923934437665
2017-01-31 10:00:00,Shunyi,104.0,91.14860726965148
2017-01-31 11:00:00,Shunyi,82.0,100.95275404067065
2017-01-31 12:00:00,Shunyi,72.0,74.4933458504731
2017-01-31 13:00:00,Shunyi,66.0,71.09054589813745
2017-01-31 14:00:00,Shunyi,65.0,67.20702917821471
2017-01-31 15:00:00,Shunyi,62.0,65.37572731794158
2017-01-31 16:00:00,Shunyi,68.0,57.85479077001416
2017-01-31 17:00:00,Shunyi,67.0,63.598250464299696
2017-01-31 18:00:00,Shunyi,69.0,69.73105236765355
2017-01-31 19:00:00,Shunyi,72.0,79.93251027252555
2017-01-31 20:00:00,Shunyi,152.0,74.80831238118644
2017-01-31 21:00:00,Shunyi,60.0,152.20674986776854
2017-01-31 22:00:00,Shunyi,47.0,55.53674744652192
2017-01-31 23:00:00,Shunyi,14.0,52.912032810314955
2017-02-01 00:00:00,Shunyi,10.0,15.739638841320415
2017-02-01 01:00:00,Shunyi,4.0,13.507460691411934
2017-02-01 02:00:00,Shunyi,7.0,11.134092514309504
2017-02-01 03:00:00,Shunyi,6.0,10.785368782555548
2017-02-01 04:00:00,Shunyi,5.0,10.195266139105966
2017-02-01 05:00:00,Shunyi,3.0,8.463983678853012
2017-02-01 06:00:00,Shunyi,3.0,8.531319114365463
2017-02-01 07:00:00,Shunyi,3.0,8.08713114692905
2017-02-01 08:00:00,Shunyi,6.0,8.205787862912453
2017-02-01 09:00:00,Shunyi,9.0,7.980655577820784
2017-02-01 10:00:00,Shunyi,3.0,9.42843771106779
2017-02-01 11:00:00,Shunyi,4.0,8.326561640114043
2017-02-01 12:00:00,Shunyi,6.0,6.34240400477146
2017-02-01 13:00:00,Shunyi,5.0,6.7873137547099835
2017-02-01 14:00:00,Shunyi,9.0,12.192202446913313
2017-02-01 15:00:00,Shunyi,11.0,11.719152830087697
2017-02-01 16:00:00,Shunyi,13.0,15.901936251962539
2017-02-01 17:00:00,Shunyi,18.0,18.86929380237398
2017-02-01 18:00:00,Shunyi,24.0,26.03568232339218
2017-02-01 19:00:00,Shunyi,57.0,35.16235048869201
2017-02-01 20:00:00,Shunyi,90.0,71.60543284439208
2017-02-01 21:00:00,Shunyi,80.0,108.34968239290838
2017-02-01 22:00:00,Shunyi,196.0,80.02194135674023
2017-02-01 23:00:00,Shunyi,202.0,185.01619383906305
2017-02-02 00:00:00,Shunyi,112.0,196.57089964298308
2017-02-02 01:00:00,Shunyi,87.0,87.3702296975054
2017-02-02 02:00:00,Shunyi,64.0,73.29889284890574
2017-02-02 03:00:00,Shunyi,46.0,59.8296332898419
2017-02-02 04:00:00,Shunyi,37.0,45.21449913734138
2017-02-02 05:00:00,Shunyi,26.0,36.69589023225727
2017-02-02 06:00:00,Shunyi,27.0,25.4054754442871
2017-02-02 07:00:00,Shunyi,28.0,30.773514043742175
2017-02-02 08:00:00,Shunyi,33.0,32.202293679382656
2017-02-02 09:00:00,Shunyi,33.0,37.10013485691967
2017-02-02 10:00:00,Shunyi,28.0,34.729659045158364
2017-02-02 11:00:00,Shunyi,28.0,30.245200775989606
2017-02-02 12:00:00,Shunyi,36.0,28.246729220017478
2017-02-02 13:00:00,Shunyi,39.0,34.74009962913539
2017-02-02 14:00:00,Shunyi,44.0,41.02888885643643
2017-02-02 15:00:00,Shunyi,57.0,48.218083341048775
2017-02-02 16:00:00,Shunyi,55.0,61.71711129967188
2017-02-02 17:00:00,Shunyi,62.0,60.292318482403694
2017-02-02 18:00:00,Shunyi,65.0,67.8611543746017
2017-02-02 19:00:00,Shunyi,77.0,89.3776383807492
2017-02-02 20:00:00,Shunyi,85.0,98.46114560698905
2017-02-02 21:00:00,Shunyi,158.0,100.55776129709692
2017-02-02 22:00:00,Shunyi,227.0,160.39721310147797
2017-02-02 23:00:00,Shunyi,174.0,225.7169330834623
2017-02-03 00:00:00,Shunyi,132.0,156.13880259550143
2017-02-03 01:00:00,Shunyi,112.0,119.24285376774016
2017-02-03 02:00:00,Shunyi,88.0,101.69495523642591
2017-02-03 03:00:00,Shunyi,68.0,73.87551418104462
2017-02-03 04:00:00,Shunyi,56.0,61.75456682059218
2017-02-03 05:00:00,Shunyi,52.0,53.24145887516961
2017-02-03 06:00:00,Shunyi,54.0,51.27468768654184
2017-02-03 07:00:00,Shunyi,57.0,50.184242395281515
2017-02-03 08:00:00,Shunyi,51.0,56.25883144883413
2017-02-03 09:00:00,Shunyi,57.0,51.13208709681643
2017-02-03 10:00:00,Shunyi,72.0,60.66390698432452
2017-02-03 11:00:00,Shunyi,79.0,72.3685334630683
2017-02-03 12:00:00,Shunyi,111.0,79.35478502849483
2017-02-03 13:00:00,Shunyi,157.0,118.48623046186529
2017-02-03 14:00:00,Shunyi,204.0,164.37204469147764
2017-02-03 15:00:00,Shunyi,210.0,201.0649949047939
2017-02-03 16:00:00,Shunyi,225.0,193.81013423880208
2017-02-03 17:00:00,Shunyi,235.0,211.10665112345583
2017-02-03 18:00:00,Shunyi,246.0,240.16396341409296
2017-02-03 19:00:00,Shunyi,274.0,257.92051250234914
2017-02-03 20:00:00,Shunyi,281.0,285.15967442537413
2017-02-03 21:00:00,Shunyi,279.0,275.92726914242127
2017-02-03 22:00:00,Shunyi,343.0,247.46877521293763
2017-02-03 23:00:00,Shunyi,388.0,317.32530548474534
2017-02-04 00:00:00,Shunyi,349.0,370.9659429155299
2017-02-04 01:00:00,Shunyi,316.0,333.21729083937913
2017-02-04 02:00:00,Shunyi,302.0,263.2823281921899
2017-02-04 03:00:00,Shunyi,283.0,263.09265977353306
2017-02-04 04:00:00,Shunyi,283.0,256.35094147992504
2017-02-04 05:00:00,Shunyi,283.0,251.47377451787906
2017-02-04 06:00:00,Shunyi,277.0,256.9080779963477
2017-02-04 07:00:00,Shunyi,274.0,255.24852782198758
2017-02-04 08:00:00,Shunyi,273.0,259.6884676666522
2017-02-04 09:00:00,Shunyi,271.0,245.07741143947058
2017-02-04 10:00:00,Shunyi,264.0,239.08578673444467
2017-02-04 11:00:00,Shunyi,266.0,237.18797400408505
2017-02-04 12:00:00,Shunyi,276.0,255.00649755582432
2017-02-04 13:00:00,Shunyi,294.0,266.8724082092965
2017-02-04 14:00:00,Shunyi,294.0,283.20903094916474
2017-02-04 15:00:00,Shunyi,296.0,285.7644873910409
2017-02-04 16:00:00,Shunyi,297.0,288.4619221988012
2017-02-04 17:00:00,Shunyi,306.0,295.8263204301703
2017-02-04 18:00:00,Shunyi,320.0,306.2476782098689
2017-02-04 19:00:00,Shunyi,241.0,323.31167047718395
2017-02-04 20:00:00,Shunyi,220.0,193.12759913527222
2017-02-04 21:00:00,Shunyi,166.0,209.017947582551
2017-02-04 22:00:00,Shunyi,49.0,144.3879839599029
2017-02-04 23:00:00,Shunyi,37.0,48.383403735407214
2017-02-05 00:00:00,Shunyi,29.0,40.54419838613933
2017-02-05 01:00:00,Shunyi,61.0,33.61035311113521
2017-02-05 02:00:00,Shunyi,77.0,57.878923379916266
2017-02-05 03:00:00,Shunyi,38.0,78.95667201692733
2017-02-05 04:00:00,Shunyi,17.0,36.64949018001285
2017-02-05 05:00:00,Shunyi,10.0,21.926363710481663
2017-02-05 06:00:00,Shunyi,10.0,15.390039208111869
2017-02-05 07:00:00,Shunyi,9.0,14.586188166225684
2017-02-05 08:00:00,Shunyi,9.0,16.558433899020248
2017-02-05 09:00:00,Shunyi,11.0,13.627564804638677
2017-02-05 10:00:00,Shunyi,6.0,12.71941500615051
2017-02-05 11:00:00,Shunyi,7.0,5.976728154245425
2017-02-05 12:00:00,Shunyi,3.0,9.707349381382693
2017-02-05 13:00:00,Shunyi,4.0,6.22124821191556
2017-02-05 14:00:00,Shunyi,8.0,6.959008781324699
2017-02-05 15:00:00,Shunyi,4.0,8.395520869677986
2017-02-05 16:00:00,Shunyi,3.0,9.68578811996027
2017-02-05 17:00:00,Shunyi,3.0,8.859023494947184
2017-02-05 18:00:00,Shunyi,11.0,8.744769660846993
2017-02-05 19:00:00,Shunyi,13.0,8.903629319678755
2017-02-05 20:00:00,Shunyi,9.0,10.960041279852025
2017-02-05 21:00:00,Shunyi,8.0,8.83091760690948
2017-02-05 22:00:00,Shunyi,10.0,8.537624549118064
2017-02-05 23:00:00,Shunyi,11.0,9.017298245471174
2017-02-06 00:00:00,Shunyi,6.0,9.685102959751564
2017-02-06 01:00:00,Shunyi,3.0,7.4664840428918975
2017-02-06 02:00:00,Shunyi,3.0,5.959226975275462
2017-02-06 03:00:00,Shunyi,3.0,5.51674832487159
2017-02-06 04:00:00,Shunyi,3.0,5.290722909413683
2017-02-06 05:00:00,Shunyi,3.0,8.041754873644715
2017-02-06 06:00:00,Shunyi,3.0,7.583020206004329
2017-02-06 07:00:00,Shunyi,3.0,7.99830897267721
2017-02-06 08:00:00,Shunyi,5.0,8.138770027309672
2017-02-06 09:00:00,Shunyi,7.0,7.992873135834431
2017-02-06 10:00:00,Shunyi,4.0,6.095899993255546
2017-02-06 11:00:00,Shunyi,3.0,6.576287636357965
2017-02-06 12:00:00,Shunyi,3.0,6.511728062334015
2017-02-06 13:00:00,Shunyi,5.0,9.245057328805979
2017-02-06 14:00:00,Shunyi,8.0,10.492811902769466
2017-02-06 15:00:00,Shunyi,9.0,12.083408329615562
2017-02-06 16:00:00,Shunyi,12.0,12.668193289750706
2017-02-06 17:00:00,Shunyi,17.0,17.403149123019865
2017-02-06 18:00:00,Shunyi,21.0,22.81354639467494
2017-02-06 19:00:00,Shunyi,28.0,31.627960758462276
2017-02-06 20:00:00,Shunyi,29.0,38.71547845701605
2017-02-06 21:00:00,Shunyi,26.0,36.28683647859888
2017-02-06 22:00:00,Shunyi,38.0,36.63054316071881
2017-02-06 23:00:00,Shunyi,40.0,49.52916504160492
2017-02-07 00:00:00,Shunyi,71.0,52.51838415574312
2017-02-07 01:00:00,Shunyi,74.0,77.79900408496697
2017-02-07 02:00:00,Shunyi,87.0,77.75083245669387
2017-02-07 03:00:00,Shunyi,104.0,88.9792554515939
2017-02-07 04:00:00,Shunyi,100.0,100.74061334889493
2017-02-07 05:00:00,Shunyi,103.0,97.95933764289889
2017-02-07 06:00:00,Shunyi,98.0,100.66450757684525
2017-02-07 07:00:00,Shunyi,97.0,93.60963851824106
2017-02-07 08:00:00,Shunyi,101.0,96.43994280907603
2017-02-07 09:00:00,Shunyi,115.0,116.90909776149478
2017-02-07 10:00:00,Shunyi,103.0,128.61018926098728
2017-02-07 11:00:00,Shunyi,93.0,107.10732716992486
2017-02-07 12:00:00,Shunyi,107.0,102.21245768082697
2017-02-07 13:00:00,Shunyi,108.0,114.80776683547765
2017-02-07 14:00:00,Shunyi,111.0,116.33699218503017
2017-02-07 15:00:00,Shunyi,107.0,115.73793776931761
2017-02-07 16:00:00,Shunyi,102.0,110.60470856056902
2017-02-07 17:00:00,Shunyi,99.0,108.45035598191865
2017-02-07 18:00:00,Shunyi,105.0,105.61825940864524
2017-02-07 19:00:00,Shunyi,108.0,114.90683919833171
2017-02-07 20:00:00,Shunyi,106.0,113.35531525020522
2017-02-07 21:00:00,Shunyi,109.0,109.54202774524445
2017-02-07 22:00:00,Shunyi,137.0,119.11442264113121
2017-02-07 23:00:00,Shunyi,120.0,142.8248178355441
2017-02-08 00:00:00,Shunyi,114.0,122.13783750328705
2017-02-08 01:00:00,Shunyi,126.0,117.60856987054312
2017-02-08 02:00:00,Shunyi,99.0,122.01399084365387
2017-02-08 03:00:00,Shunyi,90.0,90.33265131513677
2017-02-08 04:00:00,Shunyi,70.0,86.81313664692118
2017-02-08 05:00:00,Shunyi,53.0,59.73975045531949
2017-02-08 06:00:00,Shunyi,28.0,46.25956681264376
2017-02-08 07:00:00,Shunyi,15.0,25.251381322208015
2017-02-08 08:00:00,Shunyi,4.0,17.917214143742914
2017-02-08 09:00:00,Shunyi,6.0,11.4475080208831
2017-02-08 10:00:00,Shunyi,7.0,10.477545887109583
2017-02-08 11:00:00,Shunyi,8.0,6.822936111885393
2017-02-08 12:00:00,Shunyi,9.0,6.838630253497639
2017-02-08 13:00:00,Shunyi,6.0,7.563553927781109
2017-02-08 14:00:00,Shunyi,3.0,9.599239070712805
2017-02-08 15:00:00,Shunyi,3.0,9.422287081142757
2017-02-08 16:00:00,Shunyi,8.0,6.655217394150299
2017-02-08 17:00:00,Shunyi,8.0,7.0743786603420435
2017-02-08 18:00:00,Shunyi,10.0,10.273585159403762
2017-02-08 19:00:00,Shunyi,7.0,11.178489714834441
2017-02-08 20:00:00,Shunyi,7.0,9.257702233289441
2017-02-08 21:00:00,Shunyi,7.0,8.705817699800985
2017-02-08 22:00:00,Shunyi,4.0,8.796709518902025
2017-02-08 23:00:00,Shunyi,6.0,7.975714631697201
2017-02-09 00:00:00,Shunyi,5.0,8.063084145274262
2017-02-09 01:00:00,Shunyi,6.0,7.9532432046606925
2017-02-09 03:00:00,Shunyi,4.0,4.133216660801634
2017-02-09 04:00:00,Shunyi,3.0,-0.7006301579197902
2017-02-09 05:00:00,Shunyi,3.0,4.648785968671987
2017-02-09 06:00:00,Shunyi,3.0,5.125158970570673
2017-02-09 07:00:00,Shunyi,8.0,4.872036722204287
2017-02-09 08:00:00,Shunyi,4.0,5.9359480007926475
2017-02-09 09:00:00,Shunyi,7.0,4.988577539217322
2017-02-09 10:00:00,Shunyi,5.0,5.037280129468101
2017-02-09 11:00:00,Shunyi,5.0,5.40763332194861
2017-02-09 12:00:00,Shunyi,3.0,5.09566877303065
2017-02-09 13:00:00,Shunyi,4.0,5.531006169823111
2017-02-09 14:00:00,Shunyi,6.0,5.735044377249421
2017-02-09 15:00:00,Shunyi,3.0,5.870581110558112
2017-02-09 16:00:00,Shunyi,4.0,6.805153039523387
2017-02-09 17:00:00,Shunyi,5.0,5.915456729983103
2017-02-09 18:00:00,Shunyi,8.0,7.165094167720173
2017-02-09 19:00:00,Shunyi,5.0,6.756624124493388
2017-02-09 20:00:00,Shunyi,5.0,5.748682190067264
2017-02-09 21:00:00,Shunyi,3.0,4.997174615358984
2017-02-09 22:00:00,Shunyi,5.0,5.468026744776043
2017-02-09 23:00:00,Shunyi,6.0,4.837979613680819
2017-02-10 00:00:00,Shunyi,3.0,4.997174615358984
2017-02-10 01:00:00,Shunyi,4.0,4.958175182358256
2017-02-10 02:00:00,Shunyi,4.0,4.699575996972678
2017-02-10 03:00:00,Shunyi,3.0,4.388138950955718
2017-02-10 04:00:00,Shunyi,3.0,4.699575996972678
2017-02-10 05:00:00,Shunyi,3.0,4.357614577326545
2017-02-10 06:00:00,Shunyi,3.0,4.416881212892412
2017-02-10 07:00:00,Shunyi,4.0,5.140009965654081
2017-02-10 08:00:00,Shunyi,5.0,8.242658009538633
2017-02-10 09:00:00,Shunyi,3.0,8.372848519577957
2017-02-10 10:00:00,Shunyi,7.0,8.219670144304606
2017-02-10 11:00:00,Shunyi,6.0,8.241423641511016
2017-02-10 12:00:00,Shunyi,3.0,5.361058054891019
2017-02-10 13:00:00,Shunyi,4.0,7.961521357211745
2017-02-10 14:00:00,Shunyi,3.0,6.201524343145055
2017-02-10 15:00:00,Shunyi,5.0,5.856403190482181
2017-02-10 16:00:00,Shunyi,4.0,6.085705289015625
2017-02-10 17:00:00,Shunyi,5.0,6.191107163735014
2017-02-10 18:00:00,Shunyi,9.0,6.476940747723863
2017-02-10 19:00:00,Shunyi,5.0,7.93378054973946
2017-02-10 20:00:00,Shunyi,4.0,6.199466557603284
2017-02-10 21:00:00,Shunyi,6.0,5.519134314271889
2017-02-10 22:00:00,Shunyi,5.0,6.210424717985339
2017-02-10 23:00:00,Shunyi,7.0,5.814749139249131
2017-02-11 00:00:00,Shunyi,5.0,6.038550473238789
2017-02-11 01:00:00,Shunyi,3.0,5.4801348812711606
2017-02-11 02:00:00,Shunyi,3.0,5.247052688058705
2017-02-11 03:00:00,Shunyi,8.0,10.511246129561787
2017-02-11 04:00:00,Shunyi,13.0,7.492043077138297
2017-02-11 05:00:00,Shunyi,10.0,10.981252145126772
2017-02-11 06:00:00,Shunyi,9.0,10.656731590087258
2017-02-11 07:00:00,Shunyi,8.0,10.834194026202635
2017-02-11 08:00:00,Shunyi,10.0,9.340221746357935
2017-02-11 09:00:00,Shunyi,13.0,10.711982850706733
2017-02-11 10:00:00,Shunyi,6.0,11.921892874996832
2017-02-11 11:00:00,Shunyi,5.0,6.873369733711196
2017-02-11 12:00:00,Shunyi,8.0,6.271536248466316
2017-02-11 13:00:00,Shunyi,10.0,8.801931777322949
2017-02-11 14:00:00,Shunyi,11.0,9.888099735871707
2017-02-11 15:00:00,Shunyi,8.0,9.699294426322242
2017-02-11 16:00:00,Shunyi,15.0,9.614682187660902
2017-02-11 17:00:00,Shunyi,17.0,14.778484037692875
2017-02-11 18:00:00,Shunyi,50.0,24.56720426468501
2017-02-11 19:00:00,Shunyi,66.0,68.92225124742781
2017-02-11 20:00:00,Shunyi,98.0,74.5735358257466
2017-02-11 21:00:00,Shunyi,199.0,111.56627244079057
2017-02-11 22:00:00,Shunyi,123.0,192.10959660568122
2017-02-11 23:00:00,Shunyi,145.0,103.39778921410652
2017-02-12 00:00:00,Shunyi,127.0,145.77071841747136
2017-02-12 01:00:00,Shunyi,81.0,113.27891221429199
2017-02-12 02:00:00,Shunyi,55.0,65.34115784747218
2017-02-12 03:00:00,Shunyi,54.0,48.33860468396797
2017-02-12 04:00:00,Shunyi,36.0,51.73549932179332
2017-02-12 05:00:00,Shunyi,22.0,34.49908479093003
2017-02-12 06:00:00,Shunyi,25.0,21.90897510728656
2017-02-12 07:00:00,Shunyi,23.0,25.208677321854946
2017-02-12 08:00:00,Shunyi,23.0,24.791293485848694
2017-02-12 09:00:00,Shunyi,29.0,24.742698188211545
2017-02-12 10:00:00,Shunyi,36.0,30.890426895985367
2017-02-12 11:00:00,Shunyi,31.0,39.50901442733052
2017-02-12 12:00:00,Shunyi,33.0,31.24833163374389
2017-02-12 13:00:00,Shunyi,71.0,34.8870619156061
2017-02-12 14:00:00,Shunyi,106.0,86.33184717036362
2017-02-12 15:00:00,Shunyi,112.0,112.77054344868715
2017-02-12 16:00:00,Shunyi,122.0,115.87803221232106
2017-02-12 17:00:00,Shunyi,132.0,131.20052701703824
2017-02-12 18:00:00,Shunyi,147.0,152.28929456609697
2017-02-12 19:00:00,Shunyi,148.0,166.09931437548752
2017-02-12 20:00:00,Shunyi,156.0,162.2725257328001
2017-02-12 21:00:00,Shunyi,200.0,170.59544200427965
2017-02-12 22:00:00,Shunyi,265.0,210.41598015964425
2017-02-12 23:00:00,Shunyi,180.0,268.0710183939205
2017-02-13 00:00:00,Shunyi,129.0,136.6997550045881
2017-02-13 01:00:00,Shunyi,142.0,119.36618990947063
2017-02-13 02:00:00,Shunyi,107.0,132.62685607354388
2017-02-13 03:00:00,Shunyi,99.0,86.35170858148888
2017-02-13 04:00:00,Shunyi,94.0,93.98012324259923
2017-02-13 05:00:00,Shunyi,104.0,93.91209702488177
2017-02-13 06:00:00,Shunyi,71.0,98.14606351510477
2017-02-13 07:00:00,Shunyi,69.0,65.70294620456356
2017-02-13 08:00:00,Shunyi,61.0,70.38962758745777
2017-02-13 09:00:00,Shunyi,39.0,66.15199100037847
2017-02-13 10:00:00,Shunyi,30.0,36.548885823385014
2017-02-13 11:00:00,Shunyi,19.0,31.166298500991374
2017-02-13 12:00:00,Shunyi,15.0,21.63275624339688
2017-02-13 13:00:00,Shunyi,12.0,18.865085801863057
2017-02-13 14:00:00,Shunyi,12.0,23.161092275825947
2017-02-13 15:00:00,Shunyi,14.0,15.385303845031453
2017-02-13 16:00:00,Shunyi,13.0,18.729691450558832
2017-02-13 17:00:00,Shunyi,14.0,17.57643168645332
2017-02-13 18:00:00,Shunyi,101.0,19.72683272848695
2017-02-13 19:00:00,Shunyi,121.0,141.86822469939716
2017-02-13 20:00:00,Shunyi,148.0,135.9034211638706
2017-02-13 21:00:00,Shunyi,189.0,154.17108937532376
2017-02-13 22:00:00,Shunyi,192.0,199.5540406186488
2017-02-13 23:00:00,Shunyi,175.0,201.73206745497095
2017-02-14 00:00:00,Shunyi,145.0,177.98582640725064
2017-02-14 01:00:00,Shunyi,131.0,135.60059905055525
2017-02-14 02:00:00,Shunyi,138.0,130.66425017543094
2017-02-14 03:00:00,Shunyi,137.0,137.09911192345737
2017-02-14 04:00:00,Shunyi,143.0,137.40574658521032
2017-02-14 05:00:00,Shunyi,141.0,139.22750831212292
2017-02-14 06:00:00,Shunyi,140.0,141.42670207510048
2017-02-14 07:00:00,Shunyi,160.0,145.41456617958963
2017-02-14 08:00:00,Shunyi,175.0,174.25771374265636
2017-02-14 09:00:00,Shunyi,194.0,191.71043267421666
2017-02-14 10:00:00,Shunyi,208.0,198.36203328295323
2017-02-14 11:00:00,Shunyi,216.0,233.505597634663
2017-02-14 12:00:00,Shunyi,214.0,236.95321616703492
2017-02-14 13:00:00,Shunyi,217.0,229.26464551186197
2017-02-14 14:00:00,Shunyi,207.0,231.68460106810917
2017-02-14 15:00:00,Shunyi,228.0,223.2665569585588
2017-02-14 16:00:00,Shunyi,246.0,241.1349128580643
2017-02-14 17:00:00,Shunyi,241.0,259.5640223830898
2017-02-14 18:00:00,Shunyi,252.0,257.7950600288159
2017-02-14 19:00:00,Shunyi,263.0,283.5729406741143
2017-02-14 20:00:00,Shunyi,288.0,274.1451963168613
2017-02-14 21:00:00,Shunyi,263.0,299.4825160034509
2017-02-14 22:00:00,Shunyi,275.0,255.73105907419375
2017-02-14 23:00:00,Shunyi,261.0,274.2292383567432
2017-02-15 00:00:00,Shunyi,301.0,284.15173441394285
2017-02-15 01:00:00,Shunyi,311.0,298.9903514138173
2017-02-15 02:00:00,Shunyi,268.0,309.1283271227228
2017-02-15 03:00:00,Shunyi,241.0,233.2636183494398
2017-02-15 04:00:00,Shunyi,218.0,224.80372853892203
2017-02-15 05:00:00,Shunyi,219.0,194.6831705991639
2017-02-15 06:00:00,Shunyi,210.0,203.99770117437362
2017-02-15 07:00:00,Shunyi,208.0,199.4212662934084
2017-02-15 08:00:00,Shunyi,221.0,203.04124125184077
2017-02-15 09:00:00,Shunyi,215.0,218.29740261620933
2017-02-15 10:00:00,Shunyi,221.0,210.842881366253
2017-02-15 11:00:00,Shunyi,229.0,224.21126369865345
2017-02-15 12:00:00,Shunyi,220.0,232.50640609341437
2017-02-15 13:00:00,Shunyi,191.0,224.9939512062466
2017-02-15 14:00:00,Shunyi,193.0,192.97670245635788
2017-02-15 15:00:00,Shunyi,202.0,191.85787261284213
2017-02-15 16:00:00,Shunyi,213.0,199.93286551400365
2017-02-15 17:00:00,Shunyi,213.0,218.6826309623169
2017-02-15 18:00:00,Shunyi,218.0,219.80710660695308
2017-02-15 19:00:00,Shunyi,224.0,223.58229327111692
2017-02-15 20:00:00,Shunyi,247.0,236.30242272413645
2017-02-15 21:00:00,Shunyi,272.0,255.22238061514116
2017-02-15 22:00:00,Shunyi,256.0,271.7018740030311
2017-02-15 23:00:00,Shunyi,254.0,256.7887632681927
2017-02-16 00:00:00,Shunyi,272.0,257.6283531873693
2017-02-16 01:00:00,Shunyi,253.0,260.93522260287193
2017-02-16 02:00:00,Shunyi,232.0,245.68706026284212
2017-02-16 03:00:00,Shunyi,236.0,224.9657986598891
2017-02-16 04:00:00,Shunyi,226.0,224.48963008403604
2017-02-16 05:00:00,Shunyi,225.0,217.13895401535527
2017-02-16 06:00:00,Shunyi,225.0,218.21847534826887
2017-02-16 07:00:00,Shunyi,210.0,217.57016507759235
2017-02-16 08:00:00,Shunyi,141.0,161.69977426068883
2017-02-16 09:00:00,Shunyi,32.0,60.89020280023449
2017-02-16 10:00:00,Shunyi,18.0,17.739529636952625
2017-02-16 11:00:00,Shunyi,11.0,21.336427017138046
2017-02-16 12:00:00,Shunyi,11.0,8.608901500157524
2017-02-16 13:00:00,Shunyi,7.0,9.065849571945186
2017-02-16 14:00:00,Shunyi,5.0,8.594507922946704
2017-02-16 15:00:00,Shunyi,5.0,7.360959030910087
2017-02-16 16:00:00,Shunyi,10.0,12.070287257553959
2017-02-16 17:00:00,Shunyi,10.0,9.665361778994308
2017-02-16 18:00:00,Shunyi,7.0,8.981423240273232
2017-02-16 19:00:00,Shunyi,9.0,7.747353425710069
2017-02-16 20:00:00,Shunyi,5.0,10.280726245326612
2017-02-16 21:00:00,Shunyi,4.0,13.474243987675282
2017-02-16 22:00:00,Shunyi,6.0,7.3912821359459775
2017-02-16 23:00:00,Shunyi,6.0,5.66300515724569
2017-02-17 00:00:00,Shunyi,10.0,5.3889039202486915
2017-02-17 01:00:00,Shunyi,4.0,10.080778822509767
2017-02-17 02:00:00,Shunyi,7.0,8.992974684620863
2017-02-17 03:00:00,Shunyi,8.0,8.162913266631248
2017-02-17 04:00:00,Shunyi,6.0,9.160093350479066
2017-02-17 05:00:00,Shunyi,4.0,7.663946106197124
2017-02-17 06:00:00,Shunyi,5.0,8.901624714000397
2017-02-17 07:00:00,Shunyi,9.0,11.30440945631827
2017-02-17 08:00:00,Shunyi,6.0,12.269508553866077
2017-02-17 09:00:00,Shunyi,6.0,9.351219636958694
2017-02-17 10:00:00,Shunyi,6.0,5.817548309915891
2017-02-17 11:00:00,Shunyi,4.0,8.370672664137865
2017-02-17 12:00:00,Shunyi,8.0,5.230233795026018
2017-02-17 13:00:00,Shunyi,5.0,6.736823067679511
2017-02-17 14:00:00,Shunyi,10.0,5.540423938109944
2017-02-17 15:00:00,Shunyi,11.0,7.413270257765161
2017-02-17 16:00:00,Shunyi,13.0,9.752775334885765
2017-02-17 17:00:00,Shunyi,18.0,16.28873898091049
2017-02-17 18:00:00,Shunyi,43.0,26.521279938073683
2017-02-17 19:00:00,Shunyi,64.0,57.25956723968824
2017-02-17 20:00:00,Shunyi,72.0,85.28036267374448
2017-02-17 21:00:00,Shunyi,95.0,86.0579712399356
2017-02-17 22:00:00,Shunyi,118.0,107.62563560084116
2017-02-17 23:00:00,Shunyi,123.0,125.31490439839901
2017-02-18 00:00:00,Shunyi,95.0,119.04756143390101
2017-02-18 01:00:00,Shunyi,83.0,85.78108509010217
2017-02-18 02:00:00,Shunyi,56.0,78.6752687296931
2017-02-18 03:00:00,Shunyi,47.0,50.11156999905833
2017-02-18 04:00:00,Shunyi,42.0,46.79104626690071
2017-02-18 05:00:00,Shunyi,37.0,43.15833419891092
2017-02-18 06:00:00,Shunyi,30.0,38.409158772212194
2017-02-18 07:00:00,Shunyi,27.0,33.93639598487648
2017-02-18 08:00:00,Shunyi,33.0,31.511367869962267
2017-02-18 09:00:00,Shunyi,58.0,39.25891454062396
2017-02-18 10:00:00,Shunyi,97.0,68.49138549435156
2017-02-18 11:00:00,Shunyi,98.0,96.74239337980318
2017-02-18 12:00:00,Shunyi,77.0,93.3170681889086
2017-02-18 13:00:00,Shunyi,50.0,70.52837633936045
2017-02-18 14:00:00,Shunyi,75.0,45.02404559525033
2017-02-18 15:00:00,Shunyi,75.0,74.37887249108019
2017-02-18 16:00:00,Shunyi,78.0,73.58656958070752
2017-02-18 17:00:00,Shunyi,81.0,85.78552565145418
2017-02-18 18:00:00,Shunyi,95.0,91.30759368096471
2017-02-18 19:00:00,Shunyi,95.0,108.81615475992656
2017-02-18 20:00:00,Shunyi,96.0,107.84922578317199
2017-02-18 21:00:00,Shunyi,118.0,104.87707412475828
2017-02-18 22:00:00,Shunyi,148.0,137.47651471891055
2017-02-18 23:00:00,Shunyi,156.0,155.77297468741844
2017-02-19 00:00:00,Shunyi,145.0,171.93653226476624
2017-02-19 01:00:00,Shunyi,141.0,139.43791784458926
2017-02-19 02:00:00,Shunyi,148.0,140.4018177297042
2017-02-19 03:00:00,Shunyi,150.0,148.70354624162954
2017-02-19 04:00:00,Shunyi,143.0,150.6063407781421
2017-02-19 05:00:00,Shunyi,145.0,137.40149039444023
2017-02-19 06:00:00,Shunyi,150.0,144.0106438678727
2017-02-19 07:00:00,Shunyi,148.0,153.8633005232211
2017-02-19 08:00:00,Shunyi,143.0,153.26346787883278
2017-02-19 09:00:00,Shunyi,132.0,151.35382730953322
2017-02-19 10:00:00,Shunyi,133.0,133.45067793981454
2017-02-19 11:00:00,Shunyi,123.0,135.0080556297786
2017-02-19 12:00:00,Shunyi,120.0,118.73861160823556
2017-02-19 13:00:00,Shunyi,103.0,114.82132778412533
2017-02-19 14:00:00,Shunyi,42.0,89.8762012720171
2017-02-19 15:00:00,Shunyi,3.0,24.978070187922263
2017-02-19 16:00:00,Shunyi,10.0,9.401848175788736
2017-02-19 17:00:00,Shunyi,8.0,10.190890916152284
2017-02-19 18:00:00,Shunyi,9.0,10.230011515730874
2017-02-19 19:00:00,Shunyi,6.0,9.215902247316986
2017-02-19 20:00:00,Shunyi,9.0,9.028901189330313
2017-02-19 21:00:00,Shunyi,4.0,8.495525654556834
2017-02-19 22:00:00,Shunyi,6.0,7.6093129980666285
2017-02-19 23:00:00,Shunyi,3.0,6.259319337798216
2017-02-20 00:00:00,Shunyi,5.0,7.6236238988120855
2017-02-20 01:00:00,Shunyi,3.0,5.6009584450964685
2017-02-20 02:00:00,Shunyi,3.0,7.920306537177683
2017-02-20 03:00:00,Shunyi,5.0,7.261544054748158
2017-02-20 04:00:00,Shunyi,5.0,7.153977762116854
2017-02-20 05:00:00,Shunyi,3.0,5.787161722840397
2017-02-20 06:00:00,Shunyi,3.0,6.457381957177328
2017-02-20 07:00:00,Shunyi,3.0,10.818306731073735
2017-02-20 08:00:00,Shunyi,3.0,11.249489953796287
2017-02-20 09:00:00,Shunyi,4.0,10.95016319339251
2017-02-20 10:00:00,Shunyi,3.0,9.60704592989509
2017-02-20 11:00:00,Shunyi,5.0,5.647706828012141
2017-02-20 12:00:00,Shunyi,5.0,5.305604756869522
2017-02-20 13:00:00,Shunyi,3.0,5.544397262769428
2017-02-20 16:00:00,Shunyi,6.0,21.15220599149783
2017-02-20 18:00:00,Shunyi,14.0,38.115951423524926
2017-02-20 19:00:00,Shunyi,22.0,22.85054241014827
2017-02-20 20:00:00,Shunyi,59.0,45.34628276460888
2017-02-20 21:00:00,Shunyi,88.0,71.71004871402171
2017-02-20 22:00:00,Shunyi,109.0,94.19399338899532
2017-02-21 01:00:00,Shunyi,95.0,95.09647794355197
2017-02-21 02:00:00,Shunyi,79.0,105.67826873927598
2017-02-21 05:00:00,Shunyi,77.0,69.37925540337538
2017-02-21 08:00:00,Shunyi,119.0,60.24675030803821
2017-02-21 09:00:00,Shunyi,115.0,136.0823399848108
2017-02-21 11:00:00,Shunyi,127.0,100.32762648509666
2017-02-21 13:00:00,Shunyi,59.0,107.99957295841166
2017-02-21 14:00:00,Shunyi,59.0,65.92554151484221
2017-02-21 15:00:00,Shunyi,56.0,65.25728795885708
2017-02-21 16:00:00,Shunyi,63.0,58.47653912636262
2017-02-21 17:00:00,Shunyi,64.0,78.5366483075535
2017-02-21 18:00:00,Shunyi,58.0,67.63979408382048
2017-02-21 19:00:00,Shunyi,63.0,67.23634410156698
2017-02-21 20:00:00,Shunyi,73.0,77.13378434122112
2017-02-21 21:00:00,Shunyi,85.0,86.16801823559209
2017-02-21 22:00:00,Shunyi,85.0,97.28530166608816
2017-02-21 23:00:00,Shunyi,68.0,98.57159347813844
2017-02-22 00:00:00,Shunyi,65.0,73.96361655792846
2017-02-22 01:00:00,Shunyi,60.0,70.61472048244843
2017-02-22 02:00:00,Shunyi,67.0,69.24756687652197
2017-02-22 03:00:00,Shunyi,74.0,75.5457630106219
2017-02-22 04:00:00,Shunyi,76.0,75.03014530760233
2017-02-22 05:00:00,Shunyi,80.0,69.80462604126693
2017-02-22 06:00:00,Shunyi,82.0,72.74802036995105
2017-02-22 07:00:00,Shunyi,85.0,88.76876350831719
2017-02-22 08:00:00,Shunyi,97.0,92.46161371836715
2017-02-22 09:00:00,Shunyi,105.0,105.79514850907334
2017-02-22 10:00:00,Shunyi,118.0,106.3480214927206
2017-02-22 11:00:00,Shunyi,131.0,122.62166830267368
2017-02-22 12:00:00,Shunyi,155.0,151.99196315114293
2017-02-22 13:00:00,Shunyi,166.0,172.11383399317972
2017-02-22 14:00:00,Shunyi,171.0,184.41320611673157
2017-02-22 15:00:00,Shunyi,155.0,188.64089242529943
2017-02-22 16:00:00,Shunyi,45.0,144.61687214599206
2017-02-22 17:00:00,Shunyi,5.0,12.624779405811926
2017-02-22 18:00:00,Shunyi,8.0,9.396037785678113
2017-02-22 19:00:00,Shunyi,7.0,8.357444104888714
2017-02-22 20:00:00,Shunyi,7.0,12.214517634932962
2017-02-22 21:00:00,Shunyi,6.0,11.156840575089337
2017-02-22 22:00:00,Shunyi,7.0,11.231278602250256
2017-02-22 23:00:00,Shunyi,6.0,11.17742327877908
2017-02-23 00:00:00,Shunyi,6.0,6.749937614719828
2017-02-23 01:00:00,Shunyi,6.0,10.499939140177585
2017-02-23 02:00:00,Shunyi,7.0,7.615749873044715
2017-02-23 03:00:00,Shunyi,9.0,13.236983768104219
2017-02-23 04:00:00,Shunyi,8.0,8.990108502462844
2017-02-23 05:00:00,Shunyi,10.0,8.050790514412421
2017-02-23 06:00:00,Shunyi,15.0,12.37760354085401
2017-02-23 07:00:00,Shunyi,13.0,17.69439640933552
2017-02-23 08:00:00,Shunyi,8.0,20.435874934821186
2017-02-23 09:00:00,Shunyi,15.0,16.581185123238463
2017-02-23 10:00:00,Shunyi,17.0,19.60409209103576
2017-02-23 11:00:00,Shunyi,10.0,20.138645961400805
2017-02-23 12:00:00,Shunyi,10.0,14.19035899285935
2017-02-23 13:00:00,Shunyi,11.0,13.336753070116748
2017-02-23 14:00:00,Shunyi,4.0,13.129193004856088
2017-02-23 17:00:00,Shunyi,9.0,15.760778765762268
2017-02-23 18:00:00,Shunyi,12.0,12.466520011502878
2017-02-23 19:00:00,Shunyi,20.0,22.729918173636666
2017-02-23 20:00:00,Shunyi,31.0,35.64160671856762
2017-02-23 21:00:00,Shunyi,41.0,40.17192915899591
2017-02-23 22:00:00,Shunyi,47.0,51.90291061625541
2017-02-23 23:00:00,Shunyi,74.0,59.24984326482547
2017-02-24 00:00:00,Shunyi,60.0,82.86991293033954
2017-02-24 01:00:00,Shunyi,71.0,61.249134836066
2017-02-24 02:00:00,Shunyi,54.0,78.70131754205796
2017-02-24 03:00:00,Shunyi,35.0,46.91577219580138
2017-02-24 04:00:00,Shunyi,38.0,33.172704751967395
2017-02-24 05:00:00,Shunyi,33.0,39.47344584538622
2017-02-24 06:00:00,Shunyi,24.0,34.00298086007483
2017-02-24 07:00:00,Shunyi,17.0,29.9193889546172
2017-02-24 08:00:00,Shunyi,14.0,21.28847885539379
2017-02-24 09:00:00,Shunyi,8.0,18.643211680054563
2017-02-24 10:00:00,Shunyi,9.0,12.726800034643004
2017-02-24 11:00:00,Shunyi,12.0,13.703487334544995
2017-02-24 12:00:00,Shunyi,15.0,16.210304851054076
2017-02-24 13:00:00,Shunyi,13.0,20.380744264850897
2017-02-24 14:00:00,Shunyi,10.0,19.244995087872613
2017-02-24 15:00:00,Shunyi,15.0,18.17493963233394
2017-02-24 16:00:00,Shunyi,14.0,21.215754313752548
2017-02-24 17:00:00,Shunyi,14.0,19.941887350532316
2017-02-24 18:00:00,Shunyi,27.0,22.280017201817625
2017-02-24 19:00:00,Shunyi,17.0,34.622854750860874
2017-02-24 20:00:00,Shunyi,8.0,20.606096555494695
2017-02-24 21:00:00,Shunyi,5.0,14.257509651211144
2017-02-24 22:00:00,Shunyi,8.0,11.809987095065395
2017-02-24 23:00:00,Shunyi,19.0,15.036037445123096
2017-02-25 00:00:00,Shunyi,18.0,24.06170623898179
2017-02-25 01:00:00,Shunyi,17.0,24.1941962682763
2017-02-25 02:00:00,Shunyi,17.0,23.67984811323663
2017-02-25 03:00:00,Shunyi,12.0,23.002702536472956
2017-02-25 04:00:00,Shunyi,11.0,20.438475629428304
2017-02-25 05:00:00,Shunyi,12.0,17.002605136425583
2017-02-25 06:00:00,Shunyi,14.0,18.643929115162443
2017-02-25 07:00:00,Shunyi,12.0,19.76117731598355
2017-02-25 08:00:00,Shunyi,14.0,19.393708804911974
2017-02-25 09:00:00,Shunyi,19.0,19.36053351152385
2017-02-25 10:00:00,Shunyi,19.0,22.78870720966532
2017-02-25 11:00:00,Shunyi,10.0,23.78251485784969
2017-02-25 12:00:00,Shunyi,10.0,16.937532651587702
2017-02-25 13:00:00,Shunyi,14.0,16.011124235001454
2017-02-25 14:00:00,Shunyi,9.0,20.205470649231387
2017-02-25 15:00:00,Shunyi,13.0,16.239577584374373
2017-02-25 16:00:00,Shunyi,15.0,17.46857910265389
2017-02-25 17:00:00,Shunyi,15.0,19.521286025063468
2017-02-25 18:00:00,Shunyi,18.0,20.20500352451942
2017-02-25 19:00:00,Shunyi,34.0,26.892029445786218
2017-02-25 20:00:00,Shunyi,32.0,47.51280211412999
2017-02-25 21:00:00,Shunyi,24.0,38.83250416530191
2017-02-25 22:00:00,Shunyi,17.0,29.996069750405024
2017-02-25 23:00:00,Shunyi,13.0,22.503241149412233
2017-02-26 00:00:00,Shunyi,13.0,19.995071569994955
2017-02-26 01:00:00,Shunyi,15.0,21.245287140496245
2017-02-26 02:00:00,Shunyi,18.0,19.59997928631772
2017-02-26 03:00:00,Shunyi,17.0,18.494562021315506
2017-02-26 04:00:00,Shunyi,23.0,21.66606185468207
2017-02-26 05:00:00,Shunyi,29.0,30.415678484777523
2017-02-26 06:00:00,Shunyi,16.0,30.952358695291736
2017-02-26 07:00:00,Shunyi,16.0,18.573128537265614
2017-02-26 08:00:00,Shunyi,20.0,21.59069863329516
2017-02-26 09:00:00,Shunyi,17.0,27.086318100120355
2017-02-26 10:00:00,Shunyi,15.0,21.874813769823447
2017-02-26 11:00:00,Shunyi,11.0,19.39797250597174
2017-02-26 12:00:00,Shunyi,11.0,17.409034777110033
2017-02-26 13:00:00,Shunyi,16.0,19.991990403712144
2017-02-26 14:00:00,Shunyi,17.0,23.240996143868472
2017-02-26 15:00:00,Shunyi,19.0,24.90491926386609
2017-02-26 16:00:00,Shunyi,22.0,26.543061966460954
2017-02-26 17:00:00,Shunyi,32.0,31.645193117410894
2017-02-26 18:00:00,Shunyi,33.0,44.51939140967779
2017-02-26 19:00:00,Shunyi,40.0,46.52558200184951
2017-02-26 20:00:00,Shunyi,99.0,54.31357926607613
2017-02-26 21:00:00,Shunyi,87.0,112.95691426524482
2017-02-26 22:00:00,Shunyi,75.0,97.22479370949888
2017-02-26 23:00:00,Shunyi,103.0,72.65780318379821
2017-02-27 00:00:00,Shunyi,109.0,105.07987964510399
2017-02-27 01:00:00,Shunyi,104.0,105.44696359159026
2017-02-27 02:00:00,Shunyi,68.0,97.62096095717658
2017-02-27 03:00:00,Shunyi,57.0,54.61229264285932
2017-02-27 04:00:00,Shunyi,48.0,50.164768612627824
2017-02-27 05:00:00,Shunyi,42.0,42.98132151824894
2017-02-27 06:00:00,Shunyi,39.0,39.525930466727694
2017-02-27 07:00:00,Shunyi,38.0,38.41120588569004
2017-02-27 08:00:00,Shunyi,41.0,42.80231094790082
2017-02-27 09:00:00,Shunyi,60.0,47.21160095212561
2017-02-27 10:00:00,Shunyi,91.0,73.89905501117383
2017-02-27 11:00:00,Shunyi,104.0,102.02125161285969
2017-02-27 12:00:00,Shunyi,89.0,101.25394648386809
2017-02-27 13:00:00,Shunyi,106.0,88.84854054555109
2017-02-27 14:00:00,Shunyi,103.0,111.07478651666983
2017-02-27 15:00:00,Shunyi,89.0,101.40523326341095
2017-02-27 16:00:00,Shunyi,62.0,83.57319932893873
2017-02-27 17:00:00,Shunyi,48.0,53.04245372348176
2017-02-27 18:00:00,Shunyi,54.0,51.40984257897559
2017-02-27 19:00:00,Shunyi,58.0,60.93235991201168
2017-02-27 20:00:00,Shunyi,68.0,73.2563999673779
2017-02-27 21:00:00,Shunyi,87.0,76.66276171451777
2017-02-27 22:00:00,Shunyi,92.0,90.1225069636515
2017-02-27 23:00:00,Shunyi,69.0,96.04407921219659
2017-02-28 00:00:00,Shunyi,45.0,67.49802093423473
2017-02-28 01:00:00,Shunyi,29.0,44.422369190877205
2017-02-28 02:00:00,Shunyi,29.0,31.308371276431924
2017-02-28 03:00:00,Shunyi,21.0,34.13123184333553
2017-02-28 04:00:00,Shunyi,13.0,24.692644504457682
2017-02-28 05:00:00,Shunyi,13.0,18.248743274782058
2017-02-28 06:00:00,Shunyi,17.0,18.691884253996083
2017-02-28 07:00:00,Shunyi,18.0,23.969894785783847
2017-02-28 08:00:00,Shunyi,14.0,27.404861871508796
2017-02-28 09:00:00,Shunyi,16.0,15.026418876399644
2017-02-28 10:00:00,Shunyi,23.0,21.347140154848997
2017-02-28 11:00:00,Shunyi,9.0,25.99318599464078
2017-02-28 12:00:00,Shunyi,8.0,13.701495429390963
2017-02-28 13:00:00,Shunyi,6.0,12.294766411714106
2017-02-28 14:00:00,Shunyi,6.0,11.799837592564275
2017-02-28 15:00:00,Shunyi,10.0,14.115136659694219
2017-02-28 16:00:00,Shunyi,11.0,13.333148710919081
2017-02-28 17:00:00,Shunyi,15.0,16.962710026872713
2017-02-28 18:00:00,Shunyi,27.0,23.54305070052771
2017-02-28 19:00:00,Shunyi,47.0,44.766218169639096
2017-02-28 20:00:00,Shunyi,18.0,62.61329354431958
2017-02-28 21:00:00,Shunyi,18.0,20.095946633550657
2017-02-28 22:00:00,Shunyi,15.0,24.98480191571943
2017-01-01 00:00:00,Tiantan,397.0,394.29271744686815
2017-01-01 01:00:00,Tiantan,351.0,384.92751666269965
2017-01-01 02:00:00,Tiantan,352.0,354.8187380941868
2017-01-01 03:00:00,Tiantan,345.0,336.9462679174246
2017-01-01 04:00:00,Tiantan,348.0,318.8996076913557
2017-01-01 05:00:00,Tiantan,366.0,342.9987492255866
2017-01-01 06:00:00,Tiantan,359.0,346.3190684332764
2017-01-01 07:00:00,Tiantan,357.0,345.36480498019034
2017-01-01 08:00:00,Tiantan,342.0,354.8237423337795
2017-01-01 09:00:00,Tiantan,363.0,342.57136545212876
2017-01-01 10:00:00,Tiantan,431.0,377.6101960244897
2017-01-01 11:00:00,Tiantan,484.0,441.2950868806585
2017-01-01 12:00:00,Tiantan,518.0,497.95065123997904
2017-01-01 13:00:00,Tiantan,527.0,526.3555245077428
2017-01-01 14:00:00,Tiantan,521.0,511.4075728688336
2017-01-01 15:00:00,Tiantan,492.0,514.6538896210643
2017-01-01 16:00:00,Tiantan,479.0,495.3114422180224
2017-01-01 17:00:00,Tiantan,454.0,482.12770563370515
2017-01-01 18:00:00,Tiantan,436.0,508.6592289558427
2017-01-01 19:00:00,Tiantan,399.0,433.1428390551755
2017-01-01 20:00:00,Tiantan,377.0,411.03101265317036
2017-01-01 21:00:00,Tiantan,357.0,369.5605772540567
2017-01-01 22:00:00,Tiantan,351.0,382.35521674359273
2017-01-01 23:00:00,Tiantan,346.0,375.31574677045785
2017-01-02 00:00:00,Tiantan,339.0,330.0507822117488
2017-01-02 01:00:00,Tiantan,345.0,322.88183987688393
2017-01-02 02:00:00,Tiantan,362.0,328.4896755017204
2017-01-02 03:00:00,Tiantan,369.0,344.1243675035905
2017-01-02 04:00:00,Tiantan,212.0,343.50870259810324
2017-01-02 05:00:00,Tiantan,102.0,164.5461155604638
2017-01-02 06:00:00,Tiantan,50.0,91.46811585710988
2017-01-02 07:00:00,Tiantan,42.0,59.08262847456787
2017-01-02 08:00:00,Tiantan,54.0,43.93172237198852
2017-01-02 09:00:00,Tiantan,161.0,51.58868069279031
2017-01-02 10:00:00,Tiantan,314.0,204.8612954491449
2017-01-02 11:00:00,Tiantan,326.0,333.75510116651634
2017-01-02 12:00:00,Tiantan,311.0,327.88335707783745
2017-01-02 13:00:00,Tiantan,311.0,278.69702453491686
2017-01-02 14:00:00,Tiantan,274.0,299.7257292591214
2017-01-02 15:00:00,Tiantan,244.0,264.773374292067
2017-01-02 16:00:00,Tiantan,230.0,219.79817368351027
2017-01-02 17:00:00,Tiantan,172.0,225.32663987558473
2017-01-02 18:00:00,Tiantan,172.0,141.17019131734563
2017-01-02 19:00:00,Tiantan,171.0,185.62144092561587
2017-01-02 20:00:00,Tiantan,205.0,178.46932280935548
2017-01-02 21:00:00,Tiantan,217.0,214.38350850801254
2017-01-02 22:00:00,Tiantan,235.0,219.94043129749832
2017-01-02 23:00:00,Tiantan,250.0,237.16344695905286
2017-01-03 00:00:00,Tiantan,288.0,258.8175600371809
2017-01-03 01:00:00,Tiantan,324.0,289.99306749439734
2017-01-03 02:00:00,Tiantan,357.0,318.6810353897561
2017-01-03 03:00:00,Tiantan,344.0,349.49388887330633
2017-01-03 04:00:00,Tiantan,346.0,310.1533307327462
2017-01-03 05:00:00,Tiantan,347.0,313.6108526955039
2017-01-03 06:00:00,Tiantan,315.0,317.10781318812104
2017-01-03 07:00:00,Tiantan,282.0,293.6580672558212
2017-01-03 08:00:00,Tiantan,271.0,255.96570090897686
2017-01-03 09:00:00,Tiantan,294.0,265.6466581834267
2017-01-03 10:00:00,Tiantan,356.0,307.7499086074297
2017-01-03 11:00:00,Tiantan,364.0,340.4901941264516
2017-01-03 12:00:00,Tiantan,305.0,354.6757668541963
2017-01-03 13:00:00,Tiantan,268.0,283.0872636349183
2017-01-03 14:00:00,Tiantan,332.0,269.6168673020274
2017-01-03 15:00:00,Tiantan,389.0,352.42860086756906
2017-01-03 16:00:00,Tiantan,357.0,398.4387931636818
2017-01-03 17:00:00,Tiantan,384.0,369.09339203114484
2017-01-03 18:00:00,Tiantan,429.0,424.0305519640871
2017-01-03 19:00:00,Tiantan,486.0,443.40384516238726
2017-01-03 20:00:00,Tiantan,481.0,506.8265896383365
2017-01-03 21:00:00,Tiantan,494.0,509.5416571181683
2017-01-03 22:00:00,Tiantan,496.0,504.4846981068144
2017-01-03 23:00:00,Tiantan,524.0,506.0242281714838
2017-01-04 00:00:00,Tiantan,522.0,516.3189592514257
2017-01-04 01:00:00,Tiantan,534.0,498.72289033444235
2017-01-04 02:00:00,Tiantan,544.0,495.50088345298434
2017-01-04 03:00:00,Tiantan,548.0,452.8943700922185
2017-01-04 04:00:00,Tiantan,537.0,449.0554639130231
2017-01-04 05:00:00,Tiantan,531.0,452.3876770685939
2017-01-04 06:00:00,Tiantan,514.0,447.5482375905927
2017-01-04 07:00:00,Tiantan,475.0,450.6503092630538
2017-01-04 08:00:00,Tiantan,483.0,459.23398205086426
2017-01-04 09:00:00,Tiantan,500.0,475.2773461652648
2017-01-04 10:00:00,Tiantan,537.0,511.3562187577529
2017-01-04 11:00:00,Tiantan,523.0,479.13289206928084
2017-01-04 12:00:00,Tiantan,390.0,467.73953343807847
2017-01-04 13:00:00,Tiantan,381.0,377.8049348528868
2017-01-04 14:00:00,Tiantan,384.0,385.6550975270587
2017-01-04 15:00:00,Tiantan,381.0,385.00102802197256
2017-01-04 16:00:00,Tiantan,347.0,378.9830298985253
2017-01-04 17:00:00,Tiantan,329.0,350.50518608448925
2017-01-04 18:00:00,Tiantan,357.0,363.89952490253285
2017-01-04 19:00:00,Tiantan,358.0,380.86123786985183
2017-01-04 20:00:00,Tiantan,357.0,370.54080401463415
2017-01-04 21:00:00,Tiantan,349.0,370.22081202693977
2017-01-04 22:00:00,Tiantan,301.0,328.58741057051765
2017-01-04 23:00:00,Tiantan,223.0,284.59645009972894
2017-01-05 00:00:00,Tiantan,155.0,186.58551216328047
2017-01-05 01:00:00,Tiantan,153.0,144.20789760120581
2017-01-05 02:00:00,Tiantan,161.0,177.59506296174087
2017-01-05 03:00:00,Tiantan,175.0,176.18232530342868
2017-01-05 04:00:00,Tiantan,217.0,184.23476520611658
2017-01-05 05:00:00,Tiantan,271.0,218.64053067431715
2017-01-05 06:00:00,Tiantan,298.0,287.6243594791807
2017-01-05 07:00:00,Tiantan,261.0,320.54942837168977
2017-01-05 08:00:00,Tiantan,254.0,285.83227542813484
2017-01-05 09:00:00,Tiantan,263.0,280.91517383556317
2017-01-05 10:00:00,Tiantan,251.0,292.18411504893663
2017-01-05 11:00:00,Tiantan,242.0,284.9382821052025
2017-01-05 12:00:00,Tiantan,3.0,257.97878712841987
2017-01-05 13:00:00,Tiantan,132.0,69.94877505332515
2017-01-05 14:00:00,Tiantan,185.0,269.67511798186115
2017-01-05 15:00:00,Tiantan,171.0,204.83442493469394
2017-01-05 16:00:00,Tiantan,176.0,198.9331869178229
2017-01-05 17:00:00,Tiantan,174.0,214.36472976318407
2017-01-05 18:00:00,Tiantan,173.0,205.3205981556105
2017-01-05 19:00:00,Tiantan,173.0,203.5921279534905
2017-01-05 20:00:00,Tiantan,174.0,197.52498942732282
2017-01-05 21:00:00,Tiantan,173.0,194.32534922382294
2017-01-05 22:00:00,Tiantan,177.0,182.7239558327232
2017-01-05 23:00:00,Tiantan,179.0,180.31970433704964
2017-01-06 00:00:00,Tiantan,187.0,196.99654095367407
2017-01-06 01:00:00,Tiantan,194.0,190.47456530893143
2017-01-06 02:00:00,Tiantan,169.0,200.31623791374233
2017-01-06 03:00:00,Tiantan,163.0,169.16845002874024
2017-01-06 04:00:00,Tiantan,165.0,169.74198121083964
2017-01-06 05:00:00,Tiantan,164.0,173.76445908693796
2017-01-06 06:00:00,Tiantan,165.0,171.35790222515342
2017-01-06 07:00:00,Tiantan,171.0,178.06282490616306
2017-01-06 08:00:00,Tiantan,178.0,185.73824748701037
2017-01-06 09:00:00,Tiantan,189.0,196.67832445662768
2017-01-06 10:00:00,Tiantan,212.0,220.00523990915778
2017-01-06 11:00:00,Tiantan,199.0,250.75003860144727
2017-01-06 12:00:00,Tiantan,215.0,230.37098411266624
2017-01-06 13:00:00,Tiantan,224.0,238.67484477991786
2017-01-06 14:00:00,Tiantan,219.0,243.46917117925716
2017-01-06 15:00:00,Tiantan,178.0,237.448604664732
2017-01-06 16:00:00,Tiantan,176.0,187.83356010004672
2017-01-06 17:00:00,Tiantan,185.0,197.5431370309159
2017-01-06 18:00:00,Tiantan,192.0,214.11730087512572
2017-01-06 19:00:00,Tiantan,193.0,217.97472210857006
2017-01-06 20:00:00,Tiantan,200.0,213.57741853693753
2017-01-06 21:00:00,Tiantan,197.0,218.50782106518324
2017-01-06 22:00:00,Tiantan,196.0,209.064375736462
2017-01-06 23:00:00,Tiantan,197.0,204.61798312247987
2017-01-07 00:00:00,Tiantan,212.0,208.34962238462083
2017-01-07 01:00:00,Tiantan,215.0,225.76998124470614
2017-01-07 02:00:00,Tiantan,217.0,221.7863059337332
2017-01-07 03:00:00,Tiantan,218.0,219.61437707565247
2017-01-07 04:00:00,Tiantan,236.0,222.7981524197817
2017-01-07 05:00:00,Tiantan,242.0,236.65461330240618
2017-01-07 06:00:00,Tiantan,230.0,241.49821785505935
2017-01-07 07:00:00,Tiantan,206.0,230.11919975767015
2017-01-07 08:00:00,Tiantan,191.0,208.47422654424298
2017-01-07 09:00:00,Tiantan,187.0,194.18981485365504
2017-01-07 10:00:00,Tiantan,149.0,197.4573754288721
2017-01-07 11:00:00,Tiantan,167.0,148.6181426193601
2017-01-07 12:00:00,Tiantan,182.0,188.18885700568882
2017-01-07 13:00:00,Tiantan,163.0,195.21156829350863
2017-01-07 14:00:00,Tiantan,114.0,176.55283106542166
2017-01-07 15:00:00,Tiantan,101.0,118.60933865769664
2017-01-07 16:00:00,Tiantan,115.0,121.09359844249616
2017-01-07 17:00:00,Tiantan,121.0,138.23177061800146
2017-01-07 18:00:00,Tiantan,121.0,146.98322819017895
2017-01-07 19:00:00,Tiantan,127.0,143.89387971936046
2017-01-07 20:00:00,Tiantan,153.0,148.18918153888657
2017-01-07 21:00:00,Tiantan,197.0,179.26721397402684
2017-01-07 22:00:00,Tiantan,184.0,214.46050523722496
2017-01-07 23:00:00,Tiantan,185.0,201.38657013264066
2017-01-08 00:00:00,Tiantan,189.0,169.66938351108425
2017-01-08 01:00:00,Tiantan,121.0,173.61586688006375
2017-01-08 02:00:00,Tiantan,36.0,82.19664836395586
2017-01-08 03:00:00,Tiantan,19.0,26.29267249306244
2017-01-08 04:00:00,Tiantan,16.0,20.85657030764547
2017-01-08 05:00:00,Tiantan,15.0,15.457683977945399
2017-01-08 06:00:00,Tiantan,21.0,17.72794367257214
2017-01-08 07:00:00,Tiantan,14.0,22.828325515833466
2017-01-08 08:00:00,Tiantan,18.0,17.4007966066865
2017-01-08 09:00:00,Tiantan,29.0,20.730815631273266
2017-01-08 10:00:00,Tiantan,25.0,31.730342595437595
2017-01-08 11:00:00,Tiantan,25.0,27.422331385597033
2017-01-08 12:00:00,Tiantan,27.0,28.87695065878297
2017-01-08 13:00:00,Tiantan,26.0,29.366783613849435
2017-01-08 14:00:00,Tiantan,29.0,28.576405044682005
2017-01-08 15:00:00,Tiantan,128.0,35.6729709600387
2017-01-08 16:00:00,Tiantan,128.0,129.23652279380408
2017-01-08 17:00:00,Tiantan,125.0,132.040065961424
2017-01-08 18:00:00,Tiantan,112.0,121.81235886811425
2017-01-08 19:00:00,Tiantan,7.0,95.59029330950014
2017-01-08 20:00:00,Tiantan,12.0,7.583971129218169
2017-01-08 21:00:00,Tiantan,12.0,14.106328079639992
2017-01-08 22:00:00,Tiantan,9.0,14.426755606461168
2017-01-08 23:00:00,Tiantan,14.0,13.166210493747341
2017-01-09 00:00:00,Tiantan,9.0,16.772190295143286
2017-01-09 01:00:00,Tiantan,9.0,13.175984223762772
2017-01-09 02:00:00,Tiantan,8.0,13.022875158508615
2017-01-09 03:00:00,Tiantan,8.0,11.886839502635878
2017-01-09 04:00:00,Tiantan,9.0,11.984566897632604
2017-01-09 05:00:00,Tiantan,9.0,7.895707046815098
2017-01-09 06:00:00,Tiantan,13.0,8.27052041912741
2017-01-09 07:00:00,Tiantan,8.0,10.86701485549439
2017-01-09 08:00:00,Tiantan,9.0,9.085770485447375
2017-01-09 09:00:00,Tiantan,14.0,8.613415089167086
2017-01-09 10:00:00,Tiantan,9.0,12.156336452345608
2017-01-09 11:00:00,Tiantan,11.0,9.592647715711518
2017-01-09 12:00:00,Tiantan,13.0,11.787308446483106
2017-01-09 13:00:00,Tiantan,22.0,17.826398053484375
2017-01-09 14:00:00,Tiantan,24.0,25.141567770673703
2017-01-09 15:00:00,Tiantan,38.0,31.631238129435083
2017-01-09 16:00:00,Tiantan,38.0,50.912410766156434
2017-01-09 17:00:00,Tiantan,53.0,53.85393447205129
2017-01-09 18:00:00,Tiantan,69.0,74.3406581034587
2017-01-09 19:00:00,Tiantan,97.0,90.89824250518153
2017-01-09 20:00:00,Tiantan,133.0,103.28909219353376
2017-01-09 21:00:00,Tiantan,151.0,140.571923621741
2017-01-09 22:00:00,Tiantan,158.0,136.89674539048616
2017-01-09 23:00:00,Tiantan,147.0,148.67468785390568
2017-01-10 00:00:00,Tiantan,38.0,141.83319263307948
2017-01-10 01:00:00,Tiantan,14.0,18.441772166754372
2017-01-10 02:00:00,Tiantan,7.0,9.702631313393743
2017-01-10 03:00:00,Tiantan,9.0,8.229864895246646
2017-01-10 04:00:00,Tiantan,10.0,7.1101636727884
2017-01-10 05:00:00,Tiantan,7.0,8.471941430863616
2017-01-10 06:00:00,Tiantan,11.0,6.819832020164329
2017-01-10 07:00:00,Tiantan,3.0,9.103915237781575
2017-01-10 08:00:00,Tiantan,7.0,27.603073228700016
2017-01-10 09:00:00,Tiantan,7.0,9.893157004768938
2017-01-10 10:00:00,Tiantan,9.0,9.67952036599621
2017-01-10 11:00:00,Tiantan,3.0,7.0382229205104325
2017-01-10 12:00:00,Tiantan,4.0,6.8095830938005735
2017-01-10 13:00:00,Tiantan,3.0,10.028620935519928
2017-01-10 14:00:00,Tiantan,9.0,6.36400598777242
2017-01-10 15:00:00,Tiantan,7.0,12.10346648048529
2017-01-10 16:00:00,Tiantan,13.0,12.967351475019186
2017-01-10 17:00:00,Tiantan,51.0,22.665254435348622
2017-01-10 18:00:00,Tiantan,75.0,77.469655665654
2017-01-10 19:00:00,Tiantan,70.0,97.76185168146674
2017-01-10 20:00:00,Tiantan,85.0,88.96881260541589
2017-01-10 21:00:00,Tiantan,86.0,95.35121254046364
2017-01-10 22:00:00,Tiantan,87.0,97.28043918273073
2017-01-10 23:00:00,Tiantan,76.0,95.54447085426196
2017-01-11 00:00:00,Tiantan,84.0,80.50190028272655
2017-01-11 01:00:00,Tiantan,87.0,88.64965643766449
2017-01-11 02:00:00,Tiantan,84.0,90.69122644391516
2017-01-11 03:00:00,Tiantan,92.0,85.46123101913659
2017-01-11 04:00:00,Tiantan,102.0,95.22832334328993
2017-01-11 05:00:00,Tiantan,111.0,104.05035502852017
2017-01-11 06:00:00,Tiantan,103.0,110.8558861111617
2017-01-11 07:00:00,Tiantan,97.0,109.57837089203036
2017-01-11 08:00:00,Tiantan,100.0,104.12557497886422
2017-01-11 09:00:00,Tiantan,104.0,107.86554005564751
2017-01-11 10:00:00,Tiantan,74.0,108.83874424442438
2017-01-11 11:00:00,Tiantan,88.0,84.91228622667923
2017-01-11 12:00:00,Tiantan,119.0,99.99623277810345
2017-01-11 13:00:00,Tiantan,72.0,126.17108048006466
2017-01-11 14:00:00,Tiantan,68.0,71.45535410858518
2017-01-11 15:00:00,Tiantan,121.0,81.11539036900113
2017-01-11 16:00:00,Tiantan,122.0,143.123737015386
2017-01-11 17:00:00,Tiantan,122.0,143.32945168204733
2017-01-11 18:00:00,Tiantan,104.0,141.38073245453114
2017-01-11 19:00:00,Tiantan,106.0,116.87559475497082
2017-01-11 20:00:00,Tiantan,96.0,121.16714928877424
2017-01-11 21:00:00,Tiantan,50.0,108.50307746850417
2017-01-11 22:00:00,Tiantan,35.0,56.59777324352227
2017-01-11 23:00:00,Tiantan,22.0,37.15409576396472
2017-01-12 00:00:00,Tiantan,31.0,25.543685013311134
2017-01-12 01:00:00,Tiantan,17.0,33.627618347335414
2017-01-12 02:00:00,Tiantan,25.0,19.905081508523107
2017-01-12 03:00:00,Tiantan,13.0,26.782486515810128
2017-01-12 04:00:00,Tiantan,25.0,20.75623867402788
2017-01-12 05:00:00,Tiantan,33.0,25.744186339638762
2017-01-12 06:00:00,Tiantan,33.0,33.310681841996946
2017-01-12 07:00:00,Tiantan,26.0,38.39466022805917
2017-01-12 08:00:00,Tiantan,19.0,32.10765170836989
2017-01-12 09:00:00,Tiantan,19.0,28.303230737273587
2017-01-12 10:00:00,Tiantan,24.0,33.85661629513368
2017-01-12 11:00:00,Tiantan,35.0,36.4773063554127
2017-01-12 12:00:00,Tiantan,69.0,47.233720959155015
2017-01-12 13:00:00,Tiantan,75.0,76.4611193119994
2017-01-12 14:00:00,Tiantan,78.0,72.96994858896718
2017-01-12 15:00:00,Tiantan,104.0,81.19431148262133
2017-01-12 16:00:00,Tiantan,110.0,115.23795381071874
2017-01-12 17:00:00,Tiantan,115.0,122.23609996235587
2017-01-12 18:00:00,Tiantan,116.0,130.4226665951654
2017-01-12 19:00:00,Tiantan,119.0,136.06871801768688
2017-01-12 20:00:00,Tiantan,101.0,137.17738042411304
2017-01-12 21:00:00,Tiantan,6.0,109.35708239360592
2017-01-12 22:00:00,Tiantan,15.0,12.204225854228511
2017-01-12 23:00:00,Tiantan,15.0,13.206918015816095
2017-01-13 00:00:00,Tiantan,13.0,12.432810147969278
2017-01-13 01:00:00,Tiantan,19.0,10.750694279087162
2017-01-13 02:00:00,Tiantan,20.0,16.6951743687959
2017-01-13 03:00:00,Tiantan,16.0,17.99997603256114
2017-01-13 04:00:00,Tiantan,13.0,14.647661590489506
2017-01-13 05:00:00,Tiantan,6.0,13.564936426733054
2017-01-13 06:00:00,Tiantan,7.0,9.516929591835542
2017-01-13 07:00:00,Tiantan,17.0,13.000211197278977
2017-01-13 08:00:00,Tiantan,22.0,14.685806519120844
2017-01-13 09:00:00,Tiantan,21.0,19.980374572518425
2017-01-13 10:00:00,Tiantan,18.0,19.621312712803668
2017-01-13 11:00:00,Tiantan,8.0,16.923171052154512
2017-01-13 12:00:00,Tiantan,19.0,8.835938515895577
2017-01-13 13:00:00,Tiantan,24.0,15.005043956974921
2017-01-13 14:00:00,Tiantan,12.0,24.65877320464078
2017-01-13 15:00:00,Tiantan,10.0,10.990633630230754
2017-01-13 16:00:00,Tiantan,9.0,10.307435245693592
2017-01-13 17:00:00,Tiantan,7.0,9.242001382979968
2017-01-13 18:00:00,Tiantan,16.0,8.712372259406317
2017-01-13 19:00:00,Tiantan,17.0,15.625025101564562
2017-01-13 20:00:00,Tiantan,19.0,18.527338653627353
2017-01-13 21:00:00,Tiantan,11.0,18.61041575268222
2017-01-13 22:00:00,Tiantan,18.0,10.510130557142707
2017-01-13 23:00:00,Tiantan,6.0,15.806269219464633
2017-01-14 00:00:00,Tiantan,14.0,13.742628262380535
2017-01-14 01:00:00,Tiantan,14.0,13.09213660352077
2017-01-14 02:00:00,Tiantan,8.0,14.037869545187672
2017-01-14 03:00:00,Tiantan,15.0,9.367023677127385
2017-01-14 04:00:00,Tiantan,20.0,11.797740009597199
2017-01-14 05:00:00,Tiantan,11.0,20.706488113901944
2017-01-14 06:00:00,Tiantan,14.0,10.507376259756256
2017-01-14 07:00:00,Tiantan,17.0,15.878153794160605
2017-01-14 08:00:00,Tiantan,14.0,21.49424461973146
2017-01-14 09:00:00,Tiantan,17.0,18.293876438890415
2017-01-14 10:00:00,Tiantan,15.0,18.331695536976376
2017-01-14 11:00:00,Tiantan,15.0,16.582778966424236
2017-01-14 12:00:00,Tiantan,11.0,17.347853910587425
2017-01-14 13:00:00,Tiantan,13.0,12.24125562992353
2017-01-14 14:00:00,Tiantan,9.0,16.712484497805498
2017-01-14 15:00:00,Tiantan,19.0,15.656921113061173
2017-01-14 16:00:00,Tiantan,23.0,20.952856449946463
2017-01-14 17:00:00,Tiantan,29.0,31.002470154596026
2017-01-14 18:00:00,Tiantan,33.0,40.920950641678324
2017-01-14 19:00:00,Tiantan,51.0,49.42865519173698
2017-01-14 20:00:00,Tiantan,50.0,62.75225317620699
2017-01-14 21:00:00,Tiantan,43.0,74.3271765502242
2017-01-14 22:00:00,Tiantan,32.0,53.5408334872169
2017-01-14 23:00:00,Tiantan,32.0,42.9579800312703
2017-01-15 00:00:00,Tiantan,33.0,41.79388755063822
2017-01-15 01:00:00,Tiantan,37.0,38.84597501743695
2017-01-15 02:00:00,Tiantan,46.0,42.90125500449708
2017-01-15 03:00:00,Tiantan,43.0,45.602092996584766
2017-01-15 04:00:00,Tiantan,37.0,47.741573738941554
2017-01-15 05:00:00,Tiantan,22.0,42.242594620628516
2017-01-15 06:00:00,Tiantan,28.0,30.705207619384232
2017-01-15 07:00:00,Tiantan,33.0,35.694950413131515
2017-01-15 08:00:00,Tiantan,30.0,42.28669586942288
2017-01-15 09:00:00,Tiantan,36.0,39.43462311905124
2017-01-15 10:00:00,Tiantan,34.0,45.38995061347034
2017-01-15 11:00:00,Tiantan,31.0,44.08081306646501
2017-01-15 12:00:00,Tiantan,41.0,40.52653588406478
2017-01-15 13:00:00,Tiantan,52.0,50.063221842480914
2017-01-15 14:00:00,Tiantan,56.0,59.83492335771871
2017-01-15 15:00:00,Tiantan,59.0,66.27638164462407
2017-01-15 16:00:00,Tiantan,67.0,71.26784472096459
2017-01-15 17:00:00,Tiantan,63.0,81.40036976659721
2017-01-15 18:00:00,Tiantan,66.0,70.31259567817817
2017-01-15 19:00:00,Tiantan,62.0,78.40742841978928
2017-01-15 20:00:00,Tiantan,84.0,69.77182212590209
2017-01-15 21:00:00,Tiantan,75.0,88.64251949340873
2017-01-15 22:00:00,Tiantan,87.0,78.77103798867286
2017-01-15 23:00:00,Tiantan,94.0,96.44663217165343
2017-01-16 00:00:00,Tiantan,92.0,101.58836065230622
2017-01-16 01:00:00,Tiantan,86.0,98.08743433009232
2017-01-16 02:00:00,Tiantan,68.0,91.35568329989763
2017-01-16 03:00:00,Tiantan,61.0,68.6557098693746
2017-01-16 04:00:00,Tiantan,74.0,63.32671254778983
2017-01-16 05:00:00,Tiantan,78.0,75.06437465099965
2017-01-16 06:00:00,Tiantan,69.0,80.23857180976549
2017-01-16 07:00:00,Tiantan,83.0,76.67314024907917
2017-01-16 08:00:00,Tiantan,60.0,88.4892544953947
2017-01-16 09:00:00,Tiantan,64.0,63.016643546331174
2017-01-16 10:00:00,Tiantan,58.0,71.77073436907207
2017-01-16 11:00:00,Tiantan,69.0,62.31192988900332
2017-01-16 12:00:00,Tiantan,66.0,78.04173872901214
2017-01-16 13:00:00,Tiantan,71.0,69.4928130249153
2017-01-16 14:00:00,Tiantan,93.0,83.17653174054121
2017-01-16 15:00:00,Tiantan,10.0,100.70859179864603
2017-01-16 16:00:00,Tiantan,69.0,22.4208384532289
2017-01-16 18:00:00,Tiantan,13.0,77.2661809407704
2017-01-16 19:00:00,Tiantan,90.0,48.10998081252857
2017-01-16 20:00:00,Tiantan,111.0,108.56611385132867
2017-01-16 21:00:00,Tiantan,115.0,117.36954986086283
2017-01-16 22:00:00,Tiantan,105.0,117.83099593779787
2017-01-16 23:00:00,Tiantan,113.0,109.95130629953545
2017-01-17 00:00:00,Tiantan,118.0,117.75196951497202
2017-01-17 01:00:00,Tiantan,104.0,121.11869823961578
2017-01-17 02:00:00,Tiantan,114.0,105.30268835334996
2017-01-17 03:00:00,Tiantan,128.0,114.22984588260894
2017-01-17 04:00:00,Tiantan,121.0,131.74249907867957
2017-01-17 05:00:00,Tiantan,107.0,117.60573581743931
2017-01-17 06:00:00,Tiantan,96.0,104.74220562115383
2017-01-17 07:00:00,Tiantan,95.0,97.129819614933
2017-01-17 08:00:00,Tiantan,106.0,100.09856068716694
2017-01-17 09:00:00,Tiantan,119.0,112.59080611815367
2017-01-17 10:00:00,Tiantan,142.0,125.684903945214
2017-01-17 11:00:00,Tiantan,152.0,153.2699844302585
2017-01-17 12:00:00,Tiantan,158.0,162.26105527695023
2017-01-17 13:00:00,Tiantan,162.0,167.3443240845566
2017-01-17 14:00:00,Tiantan,140.0,168.9238394342073
2017-01-17 15:00:00,Tiantan,146.0,142.6347835095821
2017-01-17 16:00:00,Tiantan,167.0,147.7667117431881
2017-01-17 17:00:00,Tiantan,164.0,178.51377335120048
2017-01-17 18:00:00,Tiantan,154.0,179.41396658496132
2017-01-17 19:00:00,Tiantan,156.0,167.5278249063289
2017-01-17 20:00:00,Tiantan,161.0,159.64779065710277
2017-01-17 21:00:00,Tiantan,157.0,168.38436949290437
2017-01-17 22:00:00,Tiantan,164.0,163.17223780029462
2017-01-17 23:00:00,Tiantan,155.0,171.59146458953845
2017-01-18 00:00:00,Tiantan,65.0,159.03793268248566
2017-01-18 01:00:00,Tiantan,31.0,61.250894996159914
2017-01-18 02:00:00,Tiantan,47.0,33.93706143335143
2017-01-18 03:00:00,Tiantan,34.0,49.63879913341255
2017-01-18 04:00:00,Tiantan,32.0,33.92837514391387
2017-01-18 05:00:00,Tiantan,31.0,32.511857684337464
2017-01-18 06:00:00,Tiantan,27.0,31.145772651810898
2017-01-18 07:00:00,Tiantan,28.0,28.44461114412348
2017-01-18 08:00:00,Tiantan,26.0,31.43498464266818
2017-01-18 09:00:00,Tiantan,26.0,26.52138047961074
2017-01-18 10:00:00,Tiantan,20.0,26.562764173386267
2017-01-18 11:00:00,Tiantan,20.0,22.089399181323394
2017-01-18 12:00:00,Tiantan,20.0,22.76865957139397
2017-01-18 13:00:00,Tiantan,29.0,24.433671981254363
2017-01-18 14:00:00,Tiantan,30.0,33.94009470031675
2017-01-18 15:00:00,Tiantan,53.0,39.85494289261224
2017-01-18 16:00:00,Tiantan,42.0,65.59952851302009
2017-01-18 17:00:00,Tiantan,3.0,55.21529586012812
2017-01-18 18:00:00,Tiantan,3.0,25.396512687650446
2017-01-18 19:00:00,Tiantan,29.0,21.367337958082373
2017-01-18 20:00:00,Tiantan,48.0,35.09946055514479
2017-01-18 21:00:00,Tiantan,48.0,52.47033674802065
2017-01-18 22:00:00,Tiantan,53.0,54.27167377678174
2017-01-18 23:00:00,Tiantan,62.0,56.82521931699168
2017-01-19 00:00:00,Tiantan,84.0,71.90202357577694
2017-01-19 01:00:00,Tiantan,95.0,98.59806653222924
2017-01-19 02:00:00,Tiantan,97.0,100.09627715676068
2017-01-19 03:00:00,Tiantan,105.0,112.57501542247248
2017-01-19 04:00:00,Tiantan,111.0,127.84595812782247
2017-01-19 05:00:00,Tiantan,116.0,122.48552922029268
2017-01-19 06:00:00,Tiantan,104.0,127.3567010076764
2017-01-19 07:00:00,Tiantan,100.0,115.5562438595739
2017-01-19 08:00:00,Tiantan,92.0,120.03118170047392
2017-01-19 09:00:00,Tiantan,58.0,92.7579863217087
2017-01-19 10:00:00,Tiantan,18.0,47.66550951646194
2017-01-19 11:00:00,Tiantan,19.0,9.435313504549436
2017-01-19 12:00:00,Tiantan,20.0,12.8239255244503
2017-01-19 13:00:00,Tiantan,11.0,16.214732580767688
2017-01-19 14:00:00,Tiantan,14.0,9.685370320373869
2017-01-19 15:00:00,Tiantan,15.0,12.015898439219509
2017-01-19 16:00:00,Tiantan,11.0,13.421927674936525
2017-01-19 17:00:00,Tiantan,9.0,13.317267385692736
2017-01-19 18:00:00,Tiantan,11.0,11.746103499484168
2017-01-19 19:00:00,Tiantan,8.0,12.780246697960944
2017-01-19 20:00:00,Tiantan,8.0,11.730641582031254
2017-01-19 21:00:00,Tiantan,5.0,10.239849230488803
2017-01-19 22:00:00,Tiantan,9.0,9.361409823945065
2017-01-19 23:00:00,Tiantan,11.0,10.060014621613144
2017-01-20 00:00:00,Tiantan,7.0,12.106428477045586
2017-01-20 01:00:00,Tiantan,6.0,9.990991247596963
2017-01-20 02:00:00,Tiantan,5.0,9.144546122416735
2017-01-20 03:00:00,Tiantan,7.0,9.519778728765191
2017-01-20 04:00:00,Tiantan,6.0,8.923435061710487
2017-01-20 05:00:00,Tiantan,9.0,8.423113460606077
2017-01-20 06:00:00,Tiantan,7.0,10.008721456096213
2017-01-20 07:00:00,Tiantan,9.0,12.08640403545297
2017-01-20 08:00:00,Tiantan,12.0,14.110291442293667
2017-01-20 09:00:00,Tiantan,12.0,17.410436344642008
2017-01-20 10:00:00,Tiantan,12.0,17.039495240851725
2017-01-20 11:00:00,Tiantan,11.0,17.159663467097737
2017-01-20 12:00:00,Tiantan,22.0,17.3977920904448
2017-01-20 13:00:00,Tiantan,26.0,25.54751255651893
2017-01-20 14:00:00,Tiantan,23.0,28.616969250761894
2017-01-20 15:00:00,Tiantan,23.0,27.359819972487003
2017-01-20 16:00:00,Tiantan,24.0,29.379484667485013
2017-01-20 17:00:00,Tiantan,26.0,29.897895401452562
2017-01-20 18:00:00,Tiantan,32.0,33.227797848513845
2017-01-20 19:00:00,Tiantan,48.0,39.299631264389355
2017-01-20 20:00:00,Tiantan,48.0,57.54073195273812
2017-01-20 21:00:00,Tiantan,69.0,55.40572279190863
2017-01-20 22:00:00,Tiantan,68.0,74.90535132972107
2017-01-20 23:00:00,Tiantan,69.0,71.04607122654488
2017-01-21 00:00:00,Tiantan,70.0,71.36403613108595
2017-01-21 01:00:00,Tiantan,98.0,72.07680547272618
2017-01-21 02:00:00,Tiantan,96.0,96.2366106180712
2017-01-21 03:00:00,Tiantan,83.0,94.29450875907584
2017-01-21 04:00:00,Tiantan,88.0,80.12515590336804
2017-01-21 05:00:00,Tiantan,42.0,86.74566390114856
2017-01-21 06:00:00,Tiantan,10.0,33.07003773206533
2017-01-21 07:00:00,Tiantan,7.0,11.006795550732436
2017-01-21 08:00:00,Tiantan,8.0,8.286424101551948
2017-01-21 09:00:00,Tiantan,6.0,7.1220904313038655
2017-01-21 10:00:00,Tiantan,8.0,6.343699627898088
2017-01-21 11:00:00,Tiantan,6.0,7.1046813434749545
2017-01-21 12:00:00,Tiantan,5.0,6.994117380651165
2017-01-21 13:00:00,Tiantan,10.0,6.464667404787954
2017-01-21 14:00:00,Tiantan,12.0,8.093661587807999
2017-01-21 15:00:00,Tiantan,7.0,9.427283429595466
2017-01-21 16:00:00,Tiantan,5.0,7.407508810721196
2017-01-21 17:00:00,Tiantan,10.0,9.710297408926655
2017-01-21 18:00:00,Tiantan,10.0,12.055312734259445
2017-01-21 19:00:00,Tiantan,7.0,12.751121205333307
2017-01-21 20:00:00,Tiantan,12.0,9.665316905351148
2017-01-21 21:00:00,Tiantan,8.0,12.929078942211746
2017-01-21 22:00:00,Tiantan,3.0,11.629320175053973
2017-01-21 23:00:00,Tiantan,4.0,10.615090522447863
2017-01-22 00:00:00,Tiantan,3.0,8.587778585197992
2017-01-22 01:00:00,Tiantan,14.0,7.61123135655938
2017-01-22 02:00:00,Tiantan,11.0,11.95716535765401
2017-01-22 03:00:00,Tiantan,12.0,11.323488683489574
2017-01-22 04:00:00,Tiantan,7.0,10.272900199969216
2017-01-22 05:00:00,Tiantan,9.0,8.943464300178873
2017-01-22 06:00:00,Tiantan,14.0,9.98236833430291
2017-01-22 07:00:00,Tiantan,19.0,13.754562998195917
2017-01-22 08:00:00,Tiantan,14.0,18.411000501900737
2017-01-22 09:00:00,Tiantan,19.0,14.70808973561506
2017-01-22 10:00:00,Tiantan,16.0,17.230658580817707
2017-01-22 11:00:00,Tiantan,14.0,18.51730782815681
2017-01-22 12:00:00,Tiantan,20.0,16.42805897533014
2017-01-22 13:00:00,Tiantan,21.0,25.1782515599478
2017-01-22 14:00:00,Tiantan,31.0,26.017731260601316
2017-01-22 15:00:00,Tiantan,37.0,37.78478617671197
2017-01-22 16:00:00,Tiantan,56.0,48.51676976849834
2017-01-22 17:00:00,Tiantan,69.0,62.19492922998048
2017-01-22 18:00:00,Tiantan,75.0,84.06874750908909
2017-01-22 19:00:00,Tiantan,66.0,85.34145021985242
2017-01-22 20:00:00,Tiantan,44.0,65.14361176204173
2017-01-22 21:00:00,Tiantan,34.0,41.62540182256221
2017-01-22 22:00:00,Tiantan,37.0,35.62897850085402
2017-01-22 23:00:00,Tiantan,33.0,37.71848736906372
2017-01-23 00:00:00,Tiantan,29.0,32.14845340676566
2017-01-23 01:00:00,Tiantan,21.0,26.412417906316147
2017-01-23 02:00:00,Tiantan,24.0,19.07370171352359
2017-01-23 03:00:00,Tiantan,23.0,23.21774216218943
2017-01-23 04:00:00,Tiantan,12.0,22.26491071678409
2017-01-23 05:00:00,Tiantan,13.0,13.415702051990031
2017-01-23 06:00:00,Tiantan,19.0,14.177640268852835
2017-01-23 07:00:00,Tiantan,9.0,20.498805904148234
2017-01-23 08:00:00,Tiantan,12.0,12.252423074940863
2017-01-23 09:00:00,Tiantan,15.0,14.47943517377367
2017-01-23 10:00:00,Tiantan,15.0,14.825284390469388
2017-01-23 11:00:00,Tiantan,6.0,15.008516312329244
2017-01-23 12:00:00,Tiantan,24.0,10.343764664265835
2017-01-23 13:00:00,Tiantan,28.0,26.708176619817284
2017-01-23 14:00:00,Tiantan,38.0,29.306868475982753
2017-01-23 15:00:00,Tiantan,42.0,38.76205781416611
2017-01-23 16:00:00,Tiantan,40.0,45.86501554115931
2017-01-23 17:00:00,Tiantan,45.0,42.74293367320074
2017-01-23 18:00:00,Tiantan,57.0,53.35263799781367
2017-01-23 19:00:00,Tiantan,66.0,66.42996090230363
2017-01-23 20:00:00,Tiantan,72.0,73.81644198585268
2017-01-23 21:00:00,Tiantan,84.0,75.60417687710188
2017-01-23 22:00:00,Tiantan,100.0,87.86767886546274
2017-01-23 23:00:00,Tiantan,104.0,104.57577069975876
2017-01-24 00:00:00,Tiantan,107.0,106.09274011265956
2017-01-24 01:00:00,Tiantan,105.0,110.73884677759352
2017-01-24 02:00:00,Tiantan,107.0,104.29185387524858
2017-01-24 03:00:00,Tiantan,117.0,105.18667107835917
2017-01-24 04:00:00,Tiantan,119.0,113.89610102710091
2017-01-24 05:00:00,Tiantan,98.0,111.66824859467717
2017-01-24 06:00:00,Tiantan,111.0,86.36756098048062
2017-01-24 07:00:00,Tiantan,95.0,105.30611924970115
2017-01-24 08:00:00,Tiantan,52.0,78.65574751451747
2017-01-24 09:00:00,Tiantan,27.0,39.22943392651034
2017-01-24 10:00:00,Tiantan,42.0,23.939983383027304
2017-01-24 11:00:00,Tiantan,67.0,46.07702587378607
2017-01-24 12:00:00,Tiantan,69.0,69.25718484769462
2017-01-24 13:00:00,Tiantan,77.0,71.20638283853722
2017-01-24 14:00:00,Tiantan,96.0,80.8199208922883
2017-01-24 15:00:00,Tiantan,113.0,106.86486845038974
2017-01-24 16:00:00,Tiantan,114.0,129.7696741980066
2017-01-24 17:00:00,Tiantan,125.0,132.63101534983505
2017-01-24 18:00:00,Tiantan,124.0,147.0564344892438
2017-01-24 19:00:00,Tiantan,120.0,144.782256879049
2017-01-24 20:00:00,Tiantan,120.0,140.24946575742882
2017-01-24 21:00:00,Tiantan,118.0,138.50206673953087
2017-01-24 22:00:00,Tiantan,133.0,133.5917916977303
2017-01-24 23:00:00,Tiantan,137.0,146.61342304225317
2017-01-25 00:00:00,Tiantan,143.0,135.54906841200182
2017-01-25 01:00:00,Tiantan,162.0,140.20159447317846
2017-01-25 02:00:00,Tiantan,180.0,156.37652109880085
2017-01-25 03:00:00,Tiantan,190.0,171.75598888507767
2017-01-25 04:00:00,Tiantan,182.0,194.20962389852835
2017-01-25 05:00:00,Tiantan,193.0,170.66012489669984
2017-01-25 06:00:00,Tiantan,207.0,185.66722735778933
2017-01-25 07:00:00,Tiantan,194.0,205.3515070398204
2017-01-25 08:00:00,Tiantan,174.0,186.03834289023175
2017-01-25 09:00:00,Tiantan,150.0,168.39770988534266
2017-01-25 10:00:00,Tiantan,129.0,147.07413168797936
2017-01-25 11:00:00,Tiantan,142.0,113.84443666631019
2017-01-25 12:00:00,Tiantan,143.0,136.12161601938115
2017-01-25 14:00:00,Tiantan,157.0,137.43017779714785
2017-01-25 15:00:00,Tiantan,170.0,208.22446084681192
2017-01-25 16:00:00,Tiantan,184.0,179.73548575602075
2017-01-25 17:00:00,Tiantan,175.0,204.6821590037779
2017-01-25 18:00:00,Tiantan,177.0,189.72287867380268
2017-01-25 19:00:00,Tiantan,198.0,189.47019679879526
2017-01-25 20:00:00,Tiantan,200.0,201.43641862732804
2017-01-25 21:00:00,Tiantan,222.0,205.69487773305107
2017-01-25 22:00:00,Tiantan,242.0,232.3573430605056
2017-01-25 23:00:00,Tiantan,245.0,235.36495671902213
2017-01-26 00:00:00,Tiantan,274.0,236.84308971426555
2017-01-26 01:00:00,Tiantan,322.0,272.2820038335496
2017-01-26 02:00:00,Tiantan,364.0,311.076721127972
2017-01-26 03:00:00,Tiantan,335.0,345.16232933226644
2017-01-26 04:00:00,Tiantan,316.0,298.37114162800776
2017-01-26 05:00:00,Tiantan,307.0,297.90751307296887
2017-01-26 06:00:00,Tiantan,306.0,283.73060432388
2017-01-26 07:00:00,Tiantan,269.0,284.5192414246997
2017-01-26 08:00:00,Tiantan,257.0,250.34036546561072
2017-01-26 09:00:00,Tiantan,274.0,254.78897913264757
2017-01-26 10:00:00,Tiantan,285.0,271.4012199039627
2017-01-26 11:00:00,Tiantan,286.0,284.04350878532335
2017-01-26 12:00:00,Tiantan,210.0,282.4861881258824
2017-01-26 13:00:00,Tiantan,109.0,190.81972438255593
2017-01-26 14:00:00,Tiantan,59.0,65.37995033067006
2017-01-26 15:00:00,Tiantan,20.0,42.502988397834045
2017-01-26 16:00:00,Tiantan,8.0,17.14027768027002
2017-01-26 17:00:00,Tiantan,7.0,9.95379381117293
2017-01-26 18:00:00,Tiantan,9.0,9.66558690619513
2017-01-26 19:00:00,Tiantan,9.0,8.776934749670392
2017-01-26 20:00:00,Tiantan,9.0,8.413420200613318
2017-01-26 21:00:00,Tiantan,6.0,8.32707031332888
2017-01-26 22:00:00,Tiantan,5.0,6.955528479029029
2017-01-26 23:00:00,Tiantan,17.0,7.664793101588387
2017-01-27 00:00:00,Tiantan,4.0,16.14456799813064
2017-01-27 01:00:00,Tiantan,9.0,12.390293695849463
2017-01-27 02:00:00,Tiantan,7.0,9.878628576764635
2017-01-27 03:00:00,Tiantan,5.0,9.367741567748004
2017-01-27 04:00:00,Tiantan,4.0,10.273833015438436
2017-01-27 05:00:00,Tiantan,3.0,10.707129254113601
2017-01-27 06:00:00,Tiantan,16.0,8.767151284277773
2017-01-27 07:00:00,Tiantan,13.0,21.383858824904557
2017-01-27 08:00:00,Tiantan,14.0,19.98053609178576
2017-01-27 09:00:00,Tiantan,32.0,22.528320243055663
2017-01-27 10:00:00,Tiantan,37.0,35.05661738455523
2017-01-27 11:00:00,Tiantan,44.0,38.54538861616074
2017-01-27 12:00:00,Tiantan,41.0,45.43546339308743
2017-01-27 13:00:00,Tiantan,40.0,60.829003298167834
2017-01-27 14:00:00,Tiantan,45.0,63.82084913419155
2017-01-27 15:00:00,Tiantan,56.0,69.14727416714932
2017-01-27 16:00:00,Tiantan,55.0,60.347050658504116
2017-01-27 17:00:00,Tiantan,67.0,59.87293797792144
2017-01-27 18:00:00,Tiantan,84.0,78.3744713482982
2017-01-27 19:00:00,Tiantan,118.0,97.0649118972615
2017-01-27 20:00:00,Tiantan,195.0,119.5139363428739
2017-01-27 21:00:00,Tiantan,233.0,196.57670336124986
2017-01-27 22:00:00,Tiantan,277.0,225.75339957659975
2017-01-27 23:00:00,Tiantan,327.0,302.1719137027703
2017-01-28 00:00:00,Tiantan,478.0,374.0475894908696
2017-01-28 01:00:00,Tiantan,743.0,468.9094795308035
2017-01-28 02:00:00,Tiantan,808.0,465.14235647457275
2017-01-28 03:00:00,Tiantan,691.0,470.6284946394903
2017-01-28 04:00:00,Tiantan,594.0,436.5356743747271
2017-01-28 05:00:00,Tiantan,386.0,437.7106152002859
2017-01-28 06:00:00,Tiantan,359.0,350.75104356789
2017-01-28 07:00:00,Tiantan,347.0,318.4772682294902
2017-01-28 08:00:00,Tiantan,307.0,307.351031023261
2017-01-28 09:00:00,Tiantan,284.0,286.10929450974794
2017-01-28 10:00:00,Tiantan,240.0,278.54375939440223
2017-01-28 11:00:00,Tiantan,252.0,234.77829228916815
2017-01-28 12:00:00,Tiantan,232.0,237.37010236631946
2017-01-28 13:00:00,Tiantan,231.0,231.36912191778526
2017-01-28 14:00:00,Tiantan,223.0,231.61891408565657
2017-01-28 15:00:00,Tiantan,233.0,203.48061860410763
2017-01-28 16:00:00,Tiantan,243.0,234.64542761963398
2017-01-28 17:00:00,Tiantan,230.0,251.2357715393201
2017-01-28 18:00:00,Tiantan,224.0,238.79221340707167
2017-01-28 19:00:00,Tiantan,213.0,230.46950787502087
2017-01-28 20:00:00,Tiantan,215.0,212.25092245234424
2017-01-28 21:00:00,Tiantan,242.0,215.99111623290958
2017-01-28 22:00:00,Tiantan,236.0,246.3177149366731
2017-01-28 23:00:00,Tiantan,244.0,237.76104660322633
2017-01-29 00:00:00,Tiantan,255.0,246.75340894240145
2017-01-29 01:00:00,Tiantan,214.0,251.88390185269586
2017-01-29 02:00:00,Tiantan,42.0,155.57670038446804
2017-01-29 03:00:00,Tiantan,9.0,-1.6255855180611147
2017-01-29 04:00:00,Tiantan,12.0,6.22507310902913
2017-01-29 05:00:00,Tiantan,13.0,12.153090471985562
2017-01-29 06:00:00,Tiantan,11.0,15.115262910953803
2017-01-29 07:00:00,Tiantan,9.0,12.979165454940274
2017-01-29 08:00:00,Tiantan,15.0,11.29193772517647
2017-01-29 09:00:00,Tiantan,10.0,13.466629866539902
2017-01-29 10:00:00,Tiantan,7.0,10.71299340918569
2017-01-29 11:00:00,Tiantan,11.0,9.574168191752795
2017-01-29 12:00:00,Tiantan,11.0,11.297101411439451
2017-01-29 13:00:00,Tiantan,11.0,10.628536808754541
2017-01-29 14:00:00,Tiantan,14.0,14.978686081050002
2017-01-29 15:00:00,Tiantan,15.0,12.40618371024446
2017-01-29 16:00:00,Tiantan,15.0,14.678297018891705
2017-01-29 17:00:00,Tiantan,19.0,16.758066856821323
2017-01-29 18:00:00,Tiantan,9.0,19.719679537822294
2017-01-29 19:00:00,Tiantan,4.0,11.21224708163943
2017-01-29 20:00:00,Tiantan,5.0,8.291590891303231
2017-01-29 21:00:00,Tiantan,8.0,12.430617794520176
2017-01-29 22:00:00,Tiantan,8.0,13.108603677231375
2017-01-29 23:00:00,Tiantan,6.0,12.649223185493675
2017-01-30 00:00:00,Tiantan,10.0,7.073960410085654
2017-01-30 01:00:00,Tiantan,12.0,9.38783265074729
2017-01-30 02:00:00,Tiantan,7.0,10.879600260732838
2017-01-30 03:00:00,Tiantan,10.0,7.719266696519161
2017-01-30 04:00:00,Tiantan,10.0,9.497316534452356
2017-01-30 05:00:00,Tiantan,7.0,9.855413702031967
2017-01-30 06:00:00,Tiantan,14.0,8.443255254704086
2017-01-30 07:00:00,Tiantan,9.0,14.177500559494547
2017-01-30 08:00:00,Tiantan,11.0,10.991135933409238
2017-01-30 09:00:00,Tiantan,15.0,12.230716535106573
2017-01-30 10:00:00,Tiantan,9.0,14.851365422743294
2017-01-30 11:00:00,Tiantan,5.0,10.744459500894674
2017-01-30 12:00:00,Tiantan,3.0,8.139020688441153
2017-01-30 13:00:00,Tiantan,11.0,9.885541661322678
2017-01-30 14:00:00,Tiantan,10.0,15.263279878764717
2017-01-30 15:00:00,Tiantan,8.0,15.202695594376246
2017-01-30 16:00:00,Tiantan,58.0,13.579435476831925
2017-01-30 17:00:00,Tiantan,112.0,57.902566434901146
2017-01-30 18:00:00,Tiantan,83.0,110.42868957070209
2017-01-30 19:00:00,Tiantan,67.0,74.2195041393731
2017-01-30 20:00:00,Tiantan,63.0,71.02808105812696
2017-01-30 21:00:00,Tiantan,64.0,67.80944571819128
2017-01-30 22:00:00,Tiantan,77.0,68.55271998427551
2017-01-30 23:00:00,Tiantan,90.0,81.715166382173
2017-01-31 00:00:00,Tiantan,99.0,108.96456266432841
2017-01-31 01:00:00,Tiantan,106.0,103.42866693278398
2017-01-31 02:00:00,Tiantan,97.0,102.22959893467153
2017-01-31 03:00:00,Tiantan,96.0,94.61922600402212
2017-01-31 04:00:00,Tiantan,96.0,91.24135680681785
2017-01-31 05:00:00,Tiantan,93.0,93.67167703515852
2017-01-31 06:00:00,Tiantan,111.0,89.0720138721135
2017-01-31 07:00:00,Tiantan,88.0,108.14307085665575
2017-01-31 08:00:00,Tiantan,97.0,82.70526694814332
2017-01-31 09:00:00,Tiantan,123.0,102.62949367641929
2017-01-31 10:00:00,Tiantan,117.0,125.23846172853384
2017-01-31 11:00:00,Tiantan,3.0,116.33540172498205
2017-01-31 12:00:00,Tiantan,3.0,24.59137097963591
2017-01-31 13:00:00,Tiantan,69.0,22.643285509239757
2017-01-31 14:00:00,Tiantan,78.0,65.46212646325345
2017-01-31 15:00:00,Tiantan,76.0,77.47198082062734
2017-01-31 16:00:00,Tiantan,69.0,79.24053633015085
2017-01-31 17:00:00,Tiantan,77.0,77.22477802098972
2017-01-31 18:00:00,Tiantan,90.0,88.3219894287315
2017-01-31 19:00:00,Tiantan,98.0,103.70697978719642
2017-01-31 20:00:00,Tiantan,96.0,103.05800383565047
2017-01-31 21:00:00,Tiantan,15.0,91.90453073947319
2017-01-31 22:00:00,Tiantan,12.0,16.41658815387269
2017-01-31 23:00:00,Tiantan,5.0,17.848068022191416
2017-02-01 00:00:00,Tiantan,6.0,10.183517171223134
2017-02-01 01:00:00,Tiantan,11.0,8.675784020044468
2017-02-01 02:00:00,Tiantan,12.0,12.758975760124173
2017-02-01 03:00:00,Tiantan,5.0,13.50601387749422
2017-02-01 04:00:00,Tiantan,11.0,11.449310388611055
2017-02-01 05:00:00,Tiantan,6.0,12.942232712263436
2017-02-01 06:00:00,Tiantan,3.0,11.281382631986123
2017-02-01 07:00:00,Tiantan,6.0,11.67541039143652
2017-02-01 08:00:00,Tiantan,4.0,11.21338006083879
2017-02-01 09:00:00,Tiantan,3.0,9.256649446100134
2017-02-01 10:00:00,Tiantan,10.0,8.372162347088322
2017-02-01 11:00:00,Tiantan,10.0,8.932982128184298
2017-02-01 12:00:00,Tiantan,15.0,8.485253732967324
2017-02-01 13:00:00,Tiantan,16.0,13.233182289893405
2017-02-01 14:00:00,Tiantan,16.0,20.31837773747116
2017-02-01 15:00:00,Tiantan,15.0,20.26610881869646
2017-02-01 16:00:00,Tiantan,33.0,20.23004680153561
2017-02-01 17:00:00,Tiantan,54.0,42.31764814369875
2017-02-01 18:00:00,Tiantan,63.0,61.3907149352269
2017-02-01 19:00:00,Tiantan,89.0,74.35731310662524
2017-02-01 20:00:00,Tiantan,114.0,98.77223650638615
2017-02-01 21:00:00,Tiantan,138.0,119.90411801236894
2017-02-01 22:00:00,Tiantan,141.0,137.86658252051924
2017-02-01 23:00:00,Tiantan,143.0,143.45406162236026
2017-02-02 00:00:00,Tiantan,145.0,148.06198387288438
2017-02-02 01:00:00,Tiantan,153.0,141.2656581346302
2017-02-02 02:00:00,Tiantan,150.0,156.0148713551265
2017-02-02 03:00:00,Tiantan,116.0,141.45162690819822
2017-02-02 04:00:00,Tiantan,89.0,99.25914766690622
2017-02-02 05:00:00,Tiantan,68.0,76.67733182768998
2017-02-02 06:00:00,Tiantan,59.0,65.9123319032363
2017-02-02 07:00:00,Tiantan,31.0,61.38816590882881
2017-02-02 08:00:00,Tiantan,30.0,34.126930394203676
2017-02-02 09:00:00,Tiantan,48.0,37.30145707397425
2017-02-02 10:00:00,Tiantan,57.0,54.44477515525206
2017-02-02 11:00:00,Tiantan,62.0,60.473374831325074
2017-02-02 12:00:00,Tiantan,60.0,62.38103596814076
2017-02-02 13:00:00,Tiantan,65.0,60.32748909381479
2017-02-02 14:00:00,Tiantan,69.0,70.70651788221647
2017-02-02 15:00:00,Tiantan,83.0,74.45429692459338
2017-02-02 16:00:00,Tiantan,93.0,93.93914273471485
2017-02-02 17:00:00,Tiantan,103.0,107.19730814400455
2017-02-02 18:00:00,Tiantan,118.0,117.83324137624298
2017-02-02 19:00:00,Tiantan,122.0,131.46856650983793
2017-02-02 20:00:00,Tiantan,137.0,130.27242663845215
2017-02-02 21:00:00,Tiantan,145.0,144.22774154286518
2017-02-02 22:00:00,Tiantan,158.0,153.20046401788412
2017-02-02 23:00:00,Tiantan,183.0,161.57535075465665
2017-02-03 00:00:00,Tiantan,182.0,183.37033604503915
2017-02-03 01:00:00,Tiantan,209.0,182.09097476722755
2017-02-03 02:00:00,Tiantan,223.0,201.37241102720108
2017-02-03 03:00:00,Tiantan,184.0,214.9327998817976
2017-02-03 04:00:00,Tiantan,185.0,156.41760088647464
2017-02-03 05:00:00,Tiantan,149.0,174.26178356425206
2017-02-03 06:00:00,Tiantan,114.0,129.07812641648977
2017-02-03 07:00:00,Tiantan,82.0,105.97534981310783
2017-02-03 08:00:00,Tiantan,73.0,76.94981321847638
2017-02-03 09:00:00,Tiantan,79.0,72.93845710511172
2017-02-03 10:00:00,Tiantan,78.0,80.86982567711442
2017-02-03 11:00:00,Tiantan,104.0,75.92297617868964
2017-02-03 12:00:00,Tiantan,119.0,103.87877346599588
2017-02-03 13:00:00,Tiantan,126.0,128.4141710995102
2017-02-03 14:00:00,Tiantan,179.0,137.25951711890102
2017-02-03 15:00:00,Tiantan,217.0,192.96297727582046
2017-02-03 16:00:00,Tiantan,231.0,218.19609750535267
2017-02-03 17:00:00,Tiantan,230.0,237.60221819083358
2017-02-03 18:00:00,Tiantan,229.0,229.1445801187609
2017-02-03 19:00:00,Tiantan,251.0,232.9245372740256
2017-02-03 20:00:00,Tiantan,270.0,251.17396094929413
2017-02-03 21:00:00,Tiantan,289.0,260.2926444017239
2017-02-03 22:00:00,Tiantan,286.0,276.6644852197794
2017-02-03 23:00:00,Tiantan,289.0,277.8230432474121
2017-02-04 00:00:00,Tiantan,291.0,277.6272117992953
2017-02-04 01:00:00,Tiantan,288.0,273.615656540151
2017-02-04 02:00:00,Tiantan,289.0,271.73788111180994
2017-02-04 03:00:00,Tiantan,288.0,267.567338913397
2017-02-04 04:00:00,Tiantan,296.0,260.3109817452877
2017-02-04 05:00:00,Tiantan,314.0,286.59151399779705
2017-02-04 06:00:00,Tiantan,325.0,300.2694489203225
2017-02-04 07:00:00,Tiantan,317.0,314.92247464810487
2017-02-04 08:00:00,Tiantan,318.0,304.59068464219314
2017-02-04 09:00:00,Tiantan,327.0,311.04903738871036
2017-02-04 10:00:00,Tiantan,303.0,305.443535067194
2017-02-04 11:00:00,Tiantan,322.0,271.77008263272603
2017-02-04 12:00:00,Tiantan,325.0,309.6624927978293
2017-02-04 13:00:00,Tiantan,330.0,321.8279686286896
2017-02-04 14:00:00,Tiantan,366.0,327.5461190672154
2017-02-04 15:00:00,Tiantan,352.0,349.41801719930663
2017-02-04 16:00:00,Tiantan,359.0,324.5547338640603
2017-02-04 17:00:00,Tiantan,366.0,346.8153882738461
2017-02-04 18:00:00,Tiantan,375.0,351.94921394151964
2017-02-04 19:00:00,Tiantan,358.0,312.30804038353557
2017-02-04 20:00:00,Tiantan,71.0,238.40077905611645
2017-02-04 21:00:00,Tiantan,17.0,35.063970663216516
2017-02-04 22:00:00,Tiantan,9.0,15.059494419356348
2017-02-04 23:00:00,Tiantan,3.0,9.390487314946986
2017-02-05 00:00:00,Tiantan,10.0,11.83435021703457
2017-02-05 01:00:00,Tiantan,17.0,14.295246933848299
2017-02-05 02:00:00,Tiantan,16.0,21.210485795585814
2017-02-05 03:00:00,Tiantan,23.0,17.32089182914755
2017-02-05 04:00:00,Tiantan,17.0,29.04044458879098
2017-02-05 05:00:00,Tiantan,17.0,20.727716475528954
2017-02-05 06:00:00,Tiantan,20.0,22.255399661458416
2017-02-05 07:00:00,Tiantan,17.0,19.49528608275032
2017-02-05 08:00:00,Tiantan,18.0,15.441556732559595
2017-02-05 09:00:00,Tiantan,10.0,16.96183924654931
2017-02-05 10:00:00,Tiantan,10.0,13.941850172700091
2017-02-05 11:00:00,Tiantan,8.0,9.151063854655053
2017-02-05 12:00:00,Tiantan,6.0,7.820743144437492
2017-02-05 13:00:00,Tiantan,8.0,6.694032637704353
2017-02-05 14:00:00,Tiantan,10.0,7.078837863606774
2017-02-05 15:00:00,Tiantan,16.0,9.066888467931742
2017-02-05 16:00:00,Tiantan,22.0,13.565338818423587
2017-02-05 17:00:00,Tiantan,18.0,20.104289298676147
2017-02-05 18:00:00,Tiantan,10.0,18.16918943781446
2017-02-05 19:00:00,Tiantan,10.0,11.409776941459807
2017-02-05 20:00:00,Tiantan,11.0,9.185698984100435
2017-02-05 21:00:00,Tiantan,9.0,13.973986384291686
2017-02-05 22:00:00,Tiantan,11.0,9.973248127790447
2017-02-05 23:00:00,Tiantan,14.0,9.934505463463584
2017-02-06 00:00:00,Tiantan,3.0,11.740271849399402
2017-02-06 01:00:00,Tiantan,5.0,7.296070577616281
2017-02-06 02:00:00,Tiantan,3.0,6.589152730793096
2017-02-06 03:00:00,Tiantan,5.0,6.340040500783218
2017-02-06 04:00:00,Tiantan,3.0,5.283335953819017
2017-02-06 05:00:00,Tiantan,3.0,5.469099642313946
2017-02-06 06:00:00,Tiantan,6.0,5.120596184812916
2017-02-06 07:00:00,Tiantan,3.0,5.6818646610201915
2017-02-06 08:00:00,Tiantan,3.0,10.518736375563206
2017-02-06 09:00:00,Tiantan,4.0,7.764206522319166
2017-02-06 10:00:00,Tiantan,5.0,6.678847714995205
2017-02-06 11:00:00,Tiantan,8.0,6.648623520849971
2017-02-06 12:00:00,Tiantan,3.0,7.62401915078574
2017-02-06 13:00:00,Tiantan,12.0,6.617723065746574
2017-02-06 14:00:00,Tiantan,10.0,10.800368552173634
2017-02-06 15:00:00,Tiantan,5.0,17.59111470312744
2017-02-06 16:00:00,Tiantan,11.0,13.659743520561664
2017-02-06 17:00:00,Tiantan,16.0,15.089380972467248
2017-02-06 18:00:00,Tiantan,20.0,20.69278061796674
2017-02-06 19:00:00,Tiantan,21.0,26.491985397330893
2017-02-06 20:00:00,Tiantan,31.0,28.02906282732537
2017-02-06 21:00:00,Tiantan,40.0,36.86318529285726
2017-02-06 22:00:00,Tiantan,42.0,46.140205241736865
2017-02-06 23:00:00,Tiantan,53.0,45.21886775315428
2017-02-07 00:00:00,Tiantan,69.0,57.2157907354781
2017-02-07 01:00:00,Tiantan,67.0,75.55560549764957
2017-02-07 02:00:00,Tiantan,58.0,70.26908930282777
2017-02-07 03:00:00,Tiantan,56.0,63.76203478114342
2017-02-07 04:00:00,Tiantan,56.0,58.198195704357516
2017-02-07 05:00:00,Tiantan,61.0,60.029943526759965
2017-02-07 06:00:00,Tiantan,66.0,64.59441188526569
2017-02-07 07:00:00,Tiantan,70.0,75.33257787758008
2017-02-07 08:00:00,Tiantan,71.0,77.09682036221284
2017-02-07 09:00:00,Tiantan,74.0,84.9032314357498
2017-02-07 10:00:00,Tiantan,45.0,85.45718052687731
2017-02-07 11:00:00,Tiantan,37.0,51.58127962527071
2017-02-07 12:00:00,Tiantan,35.0,44.626902944462465
2017-02-07 13:00:00,Tiantan,44.0,43.41522570808231
2017-02-07 14:00:00,Tiantan,44.0,50.58192746405327
2017-02-07 15:00:00,Tiantan,46.0,53.86939913741785
2017-02-07 16:00:00,Tiantan,57.0,57.183775895071385
2017-02-07 17:00:00,Tiantan,91.0,67.63720388429695
2017-02-07 18:00:00,Tiantan,95.0,109.28981082864514
2017-02-07 19:00:00,Tiantan,91.0,105.63542357515749
2017-02-07 20:00:00,Tiantan,95.0,99.04196715444338
2017-02-07 21:00:00,Tiantan,98.0,102.22989111150305
2017-02-07 22:00:00,Tiantan,100.0,106.6713168252841
2017-02-07 23:00:00,Tiantan,99.0,105.38074482467185
2017-02-08 00:00:00,Tiantan,104.0,106.8050964838739
2017-02-08 01:00:00,Tiantan,96.0,103.05560669107544
2017-02-08 02:00:00,Tiantan,98.0,96.70653745468759
2017-02-08 03:00:00,Tiantan,95.0,98.80521797305518
2017-02-08 04:00:00,Tiantan,72.0,91.72668900936007
2017-02-08 05:00:00,Tiantan,44.0,69.16063878970418
2017-02-08 06:00:00,Tiantan,9.0,36.553284910464285
2017-02-08 07:00:00,Tiantan,7.0,11.352042976870123
2017-02-08 08:00:00,Tiantan,8.0,12.225643462180535
2017-02-08 09:00:00,Tiantan,15.0,7.748476522175774
2017-02-08 10:00:00,Tiantan,16.0,11.5908814703463
2017-02-08 11:00:00,Tiantan,11.0,13.458111990650616
2017-02-08 12:00:00,Tiantan,14.0,10.048572033976154
2017-02-08 13:00:00,Tiantan,13.0,11.30085350376014
2017-02-08 14:00:00,Tiantan,13.0,11.194719573437574
2017-02-08 15:00:00,Tiantan,15.0,12.626235725185625
2017-02-08 16:00:00,Tiantan,15.0,14.038297860695735
2017-02-08 17:00:00,Tiantan,9.0,13.8325654436176
2017-02-08 18:00:00,Tiantan,17.0,10.836572106849909
2017-02-08 19:00:00,Tiantan,12.0,17.97300639678814
2017-02-08 20:00:00,Tiantan,9.0,13.827753398199967
2017-02-08 21:00:00,Tiantan,8.0,10.805992700618075
2017-02-08 22:00:00,Tiantan,12.0,10.173736914679003
2017-02-08 23:00:00,Tiantan,14.0,12.537012453712684
2017-02-09 00:00:00,Tiantan,10.0,14.524218724127405
2017-02-09 01:00:00,Tiantan,6.0,9.052768529446526
2017-02-09 03:00:00,Tiantan,3.0,0.8663596051478737
2017-02-09 04:00:00,Tiantan,10.0,1.0386549891490555
2017-02-09 05:00:00,Tiantan,6.0,6.951011965597248
2017-02-09 06:00:00,Tiantan,5.0,6.167707129378928
2017-02-09 07:00:00,Tiantan,7.0,5.59190729541679
2017-02-09 08:00:00,Tiantan,4.0,6.14934076136465
2017-02-09 09:00:00,Tiantan,8.0,5.699473588048093
2017-02-09 10:00:00,Tiantan,4.0,6.293974202454222
2017-02-09 11:00:00,Tiantan,9.0,5.996597470973578
2017-02-09 12:00:00,Tiantan,10.0,6.830901780431187
2017-02-09 13:00:00,Tiantan,9.0,8.89042590674931
2017-02-09 14:00:00,Tiantan,4.0,7.63268775373178
2017-02-09 15:00:00,Tiantan,5.0,7.449285631083197
2017-02-09 16:00:00,Tiantan,8.0,7.326639991272788
2017-02-09 17:00:00,Tiantan,8.0,8.326783090342728
2017-02-09 18:00:00,Tiantan,5.0,8.654576883105246
2017-02-09 19:00:00,Tiantan,9.0,7.8389169604124795
2017-02-09 20:00:00,Tiantan,8.0,9.414399959298663
2017-02-09 21:00:00,Tiantan,10.0,8.176726432912101
2017-02-09 22:00:00,Tiantan,7.0,7.511842417343778
2017-02-09 23:00:00,Tiantan,6.0,6.301515654774254
2017-02-10 00:00:00,Tiantan,6.0,6.892500720154606
2017-02-10 01:00:00,Tiantan,6.0,6.894637702910282
2017-02-10 02:00:00,Tiantan,7.0,6.012594490970256
2017-02-10 03:00:00,Tiantan,5.0,5.417520375697448
2017-02-10 04:00:00,Tiantan,9.0,5.160722284538587
2017-02-10 05:00:00,Tiantan,4.0,6.187617486231047
2017-02-10 06:00:00,Tiantan,6.0,6.1198990535848
2017-02-10 07:00:00,Tiantan,10.0,5.3649483074711934
2017-02-10 08:00:00,Tiantan,3.0,7.90886034523756
2017-02-10 09:00:00,Tiantan,10.0,6.033596557924617
2017-02-10 10:00:00,Tiantan,10.0,7.207196780720544
2017-02-10 11:00:00,Tiantan,6.0,8.551306240834112
2017-02-10 12:00:00,Tiantan,9.0,6.499715362869566
2017-02-10 13:00:00,Tiantan,5.0,10.353268214634335
2017-02-10 14:00:00,Tiantan,11.0,7.11101556254765
2017-02-10 15:00:00,Tiantan,7.0,8.804095143133647
2017-02-10 16:00:00,Tiantan,5.0,7.971986766503963
2017-02-10 17:00:00,Tiantan,4.0,6.922184463189845
2017-02-10 18:00:00,Tiantan,10.0,7.011222755982881
2017-02-10 19:00:00,Tiantan,12.0,10.522230420425096
2017-02-10 20:00:00,Tiantan,19.0,13.449356010582052
2017-02-10 21:00:00,Tiantan,5.0,17.337105422749584
2017-02-10 22:00:00,Tiantan,9.0,9.516545986515641
2017-02-10 23:00:00,Tiantan,9.0,8.361105201718077
2017-02-11 00:00:00,Tiantan,6.0,8.77416159047924
2017-02-11 01:00:00,Tiantan,11.0,10.134492215046697
2017-02-11 02:00:00,Tiantan,9.0,10.177675621169147
2017-02-11 03:00:00,Tiantan,9.0,9.199750314988261
2017-02-11 04:00:00,Tiantan,14.0,8.00029574885581
2017-02-11 05:00:00,Tiantan,12.0,17.19308938000447
2017-02-11 06:00:00,Tiantan,9.0,17.137623999919025
2017-02-11 07:00:00,Tiantan,14.0,13.171622663143085
2017-02-11 08:00:00,Tiantan,23.0,15.09083545356078
2017-02-11 09:00:00,Tiantan,21.0,26.975068990709747
2017-02-11 10:00:00,Tiantan,22.0,20.05602092712381
2017-02-11 11:00:00,Tiantan,14.0,22.538633140757064
2017-02-11 12:00:00,Tiantan,10.0,14.125463912754903
2017-02-11 13:00:00,Tiantan,5.0,10.719086082268259
2017-02-11 14:00:00,Tiantan,7.0,8.36491047746875
2017-02-11 15:00:00,Tiantan,25.0,10.911895195706045
2017-02-11 16:00:00,Tiantan,40.0,29.186864428097447
2017-02-11 17:00:00,Tiantan,48.0,50.28113829954483
2017-02-11 18:00:00,Tiantan,51.0,55.05538438222253
2017-02-11 19:00:00,Tiantan,62.0,60.907231706243614
2017-02-11 20:00:00,Tiantan,109.0,67.98164912326966
2017-02-11 21:00:00,Tiantan,171.0,116.1586735309301
2017-02-11 22:00:00,Tiantan,252.0,182.12390510272792
2017-02-11 23:00:00,Tiantan,278.0,281.6434909401743
2017-02-12 00:00:00,Tiantan,224.0,323.9777569398959
2017-02-12 01:00:00,Tiantan,191.0,187.3171473983576
2017-02-12 02:00:00,Tiantan,202.0,166.44949737668287
2017-02-12 03:00:00,Tiantan,186.0,189.5611273234351
2017-02-12 04:00:00,Tiantan,118.0,178.40567041926585
2017-02-12 05:00:00,Tiantan,80.0,96.66953464735094
2017-02-12 06:00:00,Tiantan,74.0,73.09076897449854
2017-02-12 07:00:00,Tiantan,51.0,77.57742906488423
2017-02-12 08:00:00,Tiantan,118.0,52.86293978428411
2017-02-12 09:00:00,Tiantan,123.0,129.69323839806515
2017-02-12 10:00:00,Tiantan,140.0,131.54496740172561
2017-02-12 11:00:00,Tiantan,148.0,160.71092765581488
2017-02-12 12:00:00,Tiantan,140.0,139.83474576210756
2017-02-12 13:00:00,Tiantan,136.0,134.8691679700908
2017-02-12 14:00:00,Tiantan,114.0,136.31390557011858
2017-02-12 15:00:00,Tiantan,105.0,110.72044133945899
2017-02-12 16:00:00,Tiantan,104.0,104.01463171838131
2017-02-12 17:00:00,Tiantan,121.0,113.17904149846674
2017-02-12 18:00:00,Tiantan,124.0,139.59256474817798
2017-02-12 19:00:00,Tiantan,113.0,134.52816712139574
2017-02-12 20:00:00,Tiantan,109.0,122.03535558950601
2017-02-12 21:00:00,Tiantan,115.0,121.26101461047595
2017-02-12 22:00:00,Tiantan,122.0,132.8920453296698
2017-02-12 23:00:00,Tiantan,138.0,134.96384447343286
2017-02-13 00:00:00,Tiantan,153.0,151.09110420797288
2017-02-13 01:00:00,Tiantan,142.0,161.5902177947011
2017-02-13 02:00:00,Tiantan,155.0,143.186006425741
2017-02-13 03:00:00,Tiantan,166.0,152.99621165400941
2017-02-13 04:00:00,Tiantan,174.0,162.5496885494726
2017-02-13 05:00:00,Tiantan,143.0,169.9137048609771
2017-02-13 06:00:00,Tiantan,99.0,129.78953131349562
2017-02-13 07:00:00,Tiantan,91.0,93.71438899333627
2017-02-13 08:00:00,Tiantan,74.0,93.1094866425457
2017-02-13 09:00:00,Tiantan,45.0,75.57416254698596
2017-02-13 10:00:00,Tiantan,32.0,44.73737897711273
2017-02-13 11:00:00,Tiantan,19.0,33.948044350247045
2017-02-13 12:00:00,Tiantan,20.0,19.61001677776503
2017-02-13 13:00:00,Tiantan,14.0,19.874220792706005
2017-02-13 14:00:00,Tiantan,16.0,14.769869665998254
2017-02-13 15:00:00,Tiantan,22.0,16.03390286156351
2017-02-13 16:00:00,Tiantan,19.0,22.306427003522273
2017-02-13 17:00:00,Tiantan,25.0,25.15876852773435
2017-02-13 18:00:00,Tiantan,23.0,33.00015152077053
2017-02-13 19:00:00,Tiantan,85.0,39.60982267967804
2017-02-13 20:00:00,Tiantan,102.0,101.51272188097363
2017-02-13 21:00:00,Tiantan,159.0,113.22696296912255
2017-02-13 22:00:00,Tiantan,165.0,164.6459552648187
2017-02-13 23:00:00,Tiantan,123.0,171.7697278863019
2017-02-14 00:00:00,Tiantan,101.0,113.88543914059912
2017-02-14 01:00:00,Tiantan,122.0,102.64913628169336
2017-02-14 02:00:00,Tiantan,137.0,130.35458758842213
2017-02-14 03:00:00,Tiantan,136.0,143.14668505609794
2017-02-14 04:00:00,Tiantan,135.0,142.10385411631074
2017-02-14 05:00:00,Tiantan,121.0,139.82388425339747
2017-02-14 06:00:00,Tiantan,116.0,123.0510292272601
2017-02-14 07:00:00,Tiantan,112.0,123.23199855702276
2017-02-14 08:00:00,Tiantan,119.0,129.59883389462038
2017-02-14 09:00:00,Tiantan,161.0,136.45709316145985
2017-02-14 10:00:00,Tiantan,176.0,184.37078151544986
2017-02-14 11:00:00,Tiantan,187.0,196.73782968557506
2017-02-14 12:00:00,Tiantan,202.0,212.4580124421811
2017-02-14 13:00:00,Tiantan,211.0,219.93773911607838
2017-02-14 14:00:00,Tiantan,215.0,228.50719038547982
2017-02-14 15:00:00,Tiantan,209.0,232.3313450508685
2017-02-14 16:00:00,Tiantan,193.0,225.9559465462164
2017-02-14 17:00:00,Tiantan,187.0,213.90715456608405
2017-02-14 18:00:00,Tiantan,181.0,204.8340553419458
2017-02-14 19:00:00,Tiantan,176.0,198.1861652813434
2017-02-14 20:00:00,Tiantan,187.0,185.29283763779208
2017-02-14 21:00:00,Tiantan,193.0,203.4811007530518
2017-02-14 22:00:00,Tiantan,199.0,196.60786253362082
2017-02-14 23:00:00,Tiantan,221.0,215.145088124032
2017-02-15 00:00:00,Tiantan,234.0,222.00642718597518
2017-02-15 01:00:00,Tiantan,235.0,234.50429516648452
2017-02-15 02:00:00,Tiantan,218.0,231.9496946355749
2017-02-15 03:00:00,Tiantan,220.0,208.76143193520443
2017-02-15 04:00:00,Tiantan,219.0,205.6666713538483
2017-02-15 05:00:00,Tiantan,228.0,205.16054659308386
2017-02-15 06:00:00,Tiantan,218.0,217.81503914360366
2017-02-15 07:00:00,Tiantan,213.0,209.15540009329786
2017-02-15 08:00:00,Tiantan,215.0,208.7027654899876
2017-02-15 09:00:00,Tiantan,220.0,215.14281238351217
2017-02-15 10:00:00,Tiantan,228.0,226.07149357018886
2017-02-15 11:00:00,Tiantan,235.0,232.8804601272916
2017-02-15 12:00:00,Tiantan,239.0,244.96940106812698
2017-02-15 13:00:00,Tiantan,239.0,239.12720905174757
2017-02-15 14:00:00,Tiantan,3.0,246.22409434503538
2017-02-15 15:00:00,Tiantan,3.0,38.48321571470727
2017-02-15 16:00:00,Tiantan,175.0,101.98536871498752
2017-02-15 17:00:00,Tiantan,237.0,252.4963747225609
2017-02-15 18:00:00,Tiantan,233.0,260.05083281967353
2017-02-15 19:00:00,Tiantan,231.0,230.4711929302965
2017-02-15 20:00:00,Tiantan,226.0,234.99874736499208
2017-02-15 21:00:00,Tiantan,252.0,234.65764874573705
2017-02-15 22:00:00,Tiantan,257.0,258.3364359203276
2017-02-15 23:00:00,Tiantan,247.0,263.30255670743026
2017-02-16 00:00:00,Tiantan,250.0,248.84276541861536
2017-02-16 01:00:00,Tiantan,262.0,250.69680800033993
2017-02-16 02:00:00,Tiantan,252.0,260.77855022094434
2017-02-16 04:00:00,Tiantan,260.0,270.2434802851506
2017-02-16 05:00:00,Tiantan,252.0,251.85406817208852
2017-02-16 06:00:00,Tiantan,251.0,241.8227542962219
2017-02-16 07:00:00,Tiantan,216.0,237.23607239875705
2017-02-16 08:00:00,Tiantan,135.0,194.50404996237972
2017-02-16 09:00:00,Tiantan,89.0,101.36418011156546
2017-02-16 10:00:00,Tiantan,35.0,49.112863554040146
2017-02-16 11:00:00,Tiantan,20.0,28.4910826646875
2017-02-16 12:00:00,Tiantan,17.0,23.947577966880274
2017-02-16 13:00:00,Tiantan,9.0,17.446108422029184
2017-02-16 14:00:00,Tiantan,7.0,9.108319276653155
2017-02-16 15:00:00,Tiantan,3.0,8.621803961781316
2017-02-16 16:00:00,Tiantan,8.0,8.02611196110026
2017-02-16 17:00:00,Tiantan,7.0,9.93735488368815
2017-02-16 18:00:00,Tiantan,7.0,8.911835447785332
2017-02-16 19:00:00,Tiantan,6.0,8.734538348436924
2017-02-16 20:00:00,Tiantan,6.0,8.10642500801472
2017-02-16 21:00:00,Tiantan,9.0,8.333254262194519
2017-02-16 22:00:00,Tiantan,11.0,7.67115243568824
2017-02-16 23:00:00,Tiantan,6.0,8.294799712269887
2017-02-17 00:00:00,Tiantan,6.0,6.349415581916146
2017-02-17 01:00:00,Tiantan,7.0,6.2302434665871225
2017-02-17 02:00:00,Tiantan,8.0,6.2972189292066725
2017-02-17 03:00:00,Tiantan,3.0,6.374139889140822
2017-02-17 04:00:00,Tiantan,8.0,8.688693232856446
2017-02-17 05:00:00,Tiantan,13.0,10.277301767927735
2017-02-17 06:00:00,Tiantan,14.0,13.941217216116696
2017-02-17 07:00:00,Tiantan,10.0,14.831140908516206
2017-02-17 08:00:00,Tiantan,22.0,15.073184477403466
2017-02-17 09:00:00,Tiantan,4.0,20.654621762014227
2017-02-17 10:00:00,Tiantan,9.0,7.803822470923225
2017-02-17 11:00:00,Tiantan,10.0,7.041053695760179
2017-02-17 12:00:00,Tiantan,6.0,8.870473673815964
2017-02-17 13:00:00,Tiantan,10.0,6.559996335393541
2017-02-17 14:00:00,Tiantan,6.0,8.310134393100132
2017-02-17 15:00:00,Tiantan,29.0,11.9211999354058
2017-02-17 16:00:00,Tiantan,43.0,34.44110604378377
2017-02-17 17:00:00,Tiantan,54.0,50.45941870521049
2017-02-17 18:00:00,Tiantan,65.0,64.59672355505386
2017-02-17 19:00:00,Tiantan,62.0,75.34901421834353
2017-02-17 20:00:00,Tiantan,60.0,68.0030401009401
2017-02-17 21:00:00,Tiantan,67.0,65.35756196492002
2017-02-17 22:00:00,Tiantan,63.0,69.01069337512021
2017-02-17 23:00:00,Tiantan,62.0,67.0790658574243
2017-02-18 00:00:00,Tiantan,68.0,78.26428753947512
2017-02-18 01:00:00,Tiantan,86.0,73.0795148469877
2017-02-18 02:00:00,Tiantan,97.0,89.5022677262519
2017-02-18 03:00:00,Tiantan,98.0,97.44641774784266
2017-02-18 04:00:00,Tiantan,108.0,98.63750482295774
2017-02-18 05:00:00,Tiantan,92.0,106.44029811527629
2017-02-18 06:00:00,Tiantan,88.0,90.41699948464637
2017-02-18 07:00:00,Tiantan,74.0,92.18665748032865
2017-02-18 08:00:00,Tiantan,77.0,76.5026398630942
2017-02-18 09:00:00,Tiantan,90.0,82.24018787184218
2017-02-18 10:00:00,Tiantan,99.0,98.62693983695837
2017-02-18 11:00:00,Tiantan,94.0,98.9402534787363
2017-02-18 12:00:00,Tiantan,100.0,97.97889322651446
2017-02-18 13:00:00,Tiantan,99.0,103.04195632282078
2017-02-18 14:00:00,Tiantan,95.0,101.25438300823154
2017-02-18 15:00:00,Tiantan,93.0,96.45311262310551
2017-02-18 16:00:00,Tiantan,68.0,99.96681165587906
2017-02-18 17:00:00,Tiantan,61.0,72.27474535176695
2017-02-18 18:00:00,Tiantan,71.0,70.97073292164279
2017-02-18 19:00:00,Tiantan,84.0,85.1075536384964
2017-02-18 20:00:00,Tiantan,106.0,100.6357275150806
2017-02-18 21:00:00,Tiantan,108.0,119.02536771089116
2017-02-18 22:00:00,Tiantan,115.0,123.93979944141746
2017-02-18 23:00:00,Tiantan,130.0,124.84636075842694
2017-02-19 00:00:00,Tiantan,129.0,137.14034052895738
2017-02-19 01:00:00,Tiantan,134.0,130.33892375396226
2017-02-19 02:00:00,Tiantan,138.0,140.36001078406346
2017-02-19 03:00:00,Tiantan,152.0,139.84777235674687
2017-02-19 04:00:00,Tiantan,160.0,154.1247727224641
2017-02-19 05:00:00,Tiantan,159.0,158.92070505639268
2017-02-19 06:00:00,Tiantan,158.0,163.85969544330905
2017-02-19 07:00:00,Tiantan,161.0,166.00286831849849
2017-02-19 08:00:00,Tiantan,161.0,170.60515077790282
2017-02-19 09:00:00,Tiantan,158.0,170.21009889240588
2017-02-19 10:00:00,Tiantan,165.0,158.6014573015634
2017-02-19 11:00:00,Tiantan,160.0,152.70684066618628
2017-02-19 12:00:00,Tiantan,156.0,154.8195973250376
2017-02-19 13:00:00,Tiantan,152.0,162.14705823658193
2017-02-19 14:00:00,Tiantan,69.0,150.18722092967005
2017-02-19 15:00:00,Tiantan,6.0,33.146052759359875
2017-02-19 16:00:00,Tiantan,10.0,8.604020054627897
2017-02-19 17:00:00,Tiantan,15.0,10.257353533984437
2017-02-19 18:00:00,Tiantan,8.0,13.717801909365729
2017-02-19 19:00:00,Tiantan,11.0,9.588454286745142
2017-02-19 20:00:00,Tiantan,4.0,11.600809672140993
2017-02-19 21:00:00,Tiantan,3.0,9.705307973423913
2017-02-19 22:00:00,Tiantan,9.0,10.574578708535794
2017-02-19 23:00:00,Tiantan,6.0,7.5343727638824
2017-02-20 00:00:00,Tiantan,3.0,7.022696975768796
2017-02-20 01:00:00,Tiantan,6.0,5.975211264940884
2017-02-20 02:00:00,Tiantan,3.0,6.8015074808719085
2017-02-20 03:00:00,Tiantan,3.0,7.471849081152303
2017-02-20 04:00:00,Tiantan,3.0,8.021623697644568
2017-02-20 05:00:00,Tiantan,3.0,7.753758226485848
2017-02-20 06:00:00,Tiantan,4.0,5.651285839024931
2017-02-20 07:00:00,Tiantan,10.0,5.407353137643708
2017-02-20 08:00:00,Tiantan,5.0,10.677631261517883
2017-02-20 09:00:00,Tiantan,9.0,9.501665603948002
2017-02-20 10:00:00,Tiantan,8.0,10.454493286258883
2017-02-20 11:00:00,Tiantan,8.0,10.085036329391489
2017-02-20 12:00:00,Tiantan,12.0,7.193879405652929
2017-02-20 13:00:00,Tiantan,10.0,10.996427086478011
2017-02-20 16:00:00,Tiantan,11.0,6.565827121431247
2017-02-20 18:00:00,Tiantan,9.0,38.95777786555169
2017-02-20 19:00:00,Tiantan,17.0,15.274001008411734
2017-02-20 20:00:00,Tiantan,23.0,25.6242619055971
2017-02-20 21:00:00,Tiantan,32.0,29.0351535121944
2017-02-20 22:00:00,Tiantan,41.0,36.26848802566932
2017-02-21 01:00:00,Tiantan,38.0,79.4222437141768
2017-02-21 02:00:00,Tiantan,42.0,36.218419182004546
2017-02-21 05:00:00,Tiantan,81.0,50.74762647414299
2017-02-21 08:00:00,Tiantan,66.0,61.59252232236918
2017-02-21 09:00:00,Tiantan,67.0,77.00639794300656
2017-02-21 11:00:00,Tiantan,55.0,67.30234587999674
2017-02-21 13:00:00,Tiantan,33.0,87.51953144564989
2017-02-21 14:00:00,Tiantan,38.0,35.44492853444482
2017-02-21 15:00:00,Tiantan,29.0,50.474827791791384
2017-02-21 16:00:00,Tiantan,31.0,43.169175679675014
2017-02-21 17:00:00,Tiantan,30.0,37.62746329311385
2017-02-21 18:00:00,Tiantan,37.0,40.10027264791037
2017-02-21 19:00:00,Tiantan,61.0,55.847904978861244
2017-02-21 20:00:00,Tiantan,48.0,79.60653497589377
2017-02-21 21:00:00,Tiantan,52.0,59.14351265906446
2017-02-21 22:00:00,Tiantan,58.0,67.62443998075601
2017-02-21 23:00:00,Tiantan,59.0,60.48066523616235
2017-02-22 00:00:00,Tiantan,56.0,61.35569894186722
2017-02-22 01:00:00,Tiantan,75.0,59.30991374654309
2017-02-22 02:00:00,Tiantan,86.0,79.15431787297923
2017-02-22 03:00:00,Tiantan,87.0,89.58862757232397
2017-02-22 04:00:00,Tiantan,82.0,89.86999611147004
2017-02-22 05:00:00,Tiantan,81.0,86.56675665177998
2017-02-22 06:00:00,Tiantan,83.0,87.09147286949558
2017-02-22 07:00:00,Tiantan,100.0,80.52651162803014
2017-02-22 08:00:00,Tiantan,103.0,101.32288954968153
2017-02-22 09:00:00,Tiantan,120.0,113.91810270909397
2017-02-22 10:00:00,Tiantan,125.0,129.9776596717822
2017-02-22 11:00:00,Tiantan,124.0,138.51883466442675
2017-02-22 12:00:00,Tiantan,138.0,141.73787944311755
2017-02-22 13:00:00,Tiantan,141.0,151.08011984734347
2017-02-22 14:00:00,Tiantan,138.0,151.12376903057987
2017-02-22 15:00:00,Tiantan,145.0,147.39258719710872
2017-02-22 16:00:00,Tiantan,129.0,159.41495210063295
2017-02-22 17:00:00,Tiantan,15.0,102.48358820060851
2017-02-22 18:00:00,Tiantan,12.0,11.23664315770485
2017-02-22 19:00:00,Tiantan,9.0,12.02371640637931
2017-02-22 20:00:00,Tiantan,7.0,8.026913666426013
2017-02-22 21:00:00,Tiantan,15.0,12.182096386995214
2017-02-22 22:00:00,Tiantan,10.0,16.863571938703213
2017-02-22 23:00:00,Tiantan,10.0,14.529343351020675
2017-02-23 00:00:00,Tiantan,17.0,13.981735892223853
2017-02-23 01:00:00,Tiantan,13.0,18.966399299793455
2017-02-23 02:00:00,Tiantan,17.0,13.989608055401002
2017-02-23 03:00:00,Tiantan,15.0,20.188269491473918
2017-02-23 04:00:00,Tiantan,14.0,15.698012840030685
2017-02-23 05:00:00,Tiantan,11.0,16.37530797562051
2017-02-23 06:00:00,Tiantan,10.0,14.220964066081525
2017-02-23 07:00:00,Tiantan,18.0,21.275043619264153
2017-02-23 08:00:00,Tiantan,23.0,29.534519557984435
2017-02-23 09:00:00,Tiantan,14.0,30.348454710173428
2017-02-23 10:00:00,Tiantan,12.0,23.21880905405887
2017-02-23 11:00:00,Tiantan,19.0,16.624698369873816
2017-02-23 12:00:00,Tiantan,12.0,21.25987799439498
2017-02-23 13:00:00,Tiantan,10.0,11.792574221296153
2017-02-23 14:00:00,Tiantan,20.0,9.656344946278292
2017-02-23 15:00:00,Tiantan,34.0,24.53117090000372
2017-02-23 16:00:00,Tiantan,26.0,43.060210242365216
2017-02-23 17:00:00,Tiantan,33.0,34.53831898601745
2017-02-23 18:00:00,Tiantan,28.0,43.208410020894625
2017-02-23 19:00:00,Tiantan,28.0,45.4846836979884
2017-02-23 20:00:00,Tiantan,32.0,40.958249027479184
2017-02-23 21:00:00,Tiantan,37.0,42.72584901830363
2017-02-23 22:00:00,Tiantan,47.0,47.44675161451553
2017-02-23 23:00:00,Tiantan,55.0,57.65026202335519
2017-02-24 00:00:00,Tiantan,62.0,68.48820129495944
2017-02-24 01:00:00,Tiantan,76.0,73.27130380115881
2017-02-24 02:00:00,Tiantan,84.0,79.36860211891748
2017-02-24 03:00:00,Tiantan,87.0,90.22389223337883
2017-02-24 04:00:00,Tiantan,89.0,88.0400673453033
2017-02-24 05:00:00,Tiantan,78.0,90.71657840107385
2017-02-24 06:00:00,Tiantan,59.0,75.81879582191533
2017-02-24 07:00:00,Tiantan,31.0,54.72831628565441
2017-02-24 08:00:00,Tiantan,21.0,34.50153890902317
2017-02-24 09:00:00,Tiantan,28.0,24.39093885669206
2017-02-24 10:00:00,Tiantan,9.0,34.399300061756946
2017-02-24 11:00:00,Tiantan,13.0,16.05914565031153
2017-02-24 12:00:00,Tiantan,11.0,17.62851243436084
2017-02-24 13:00:00,Tiantan,22.0,19.25959705007361
2017-02-24 14:00:00,Tiantan,23.0,23.84401674553488
2017-02-24 15:00:00,Tiantan,31.0,30.339172241826738
2017-02-24 16:00:00,Tiantan,17.0,34.16437122324282
2017-02-24 17:00:00,Tiantan,14.0,25.02277048088978
2017-02-24 18:00:00,Tiantan,18.0,22.65253331373813
2017-02-24 19:00:00,Tiantan,11.0,26.213058666959935
2017-02-24 20:00:00,Tiantan,11.0,16.729321529131862
2017-02-24 21:00:00,Tiantan,14.0,15.172736684016034
2017-02-24 22:00:00,Tiantan,10.0,19.601311550184995
2017-02-24 23:00:00,Tiantan,7.0,20.214148204334677
2017-02-25 00:00:00,Tiantan,12.0,16.67490466504071
2017-02-25 01:00:00,Tiantan,10.0,19.3804209230701
2017-02-25 02:00:00,Tiantan,3.0,20.40609334350175
2017-02-25 03:00:00,Tiantan,7.0,16.47035404145012
2017-02-25 04:00:00,Tiantan,3.0,17.41689416771187
2017-02-25 05:00:00,Tiantan,3.0,17.12715387830723
2017-02-25 06:00:00,Tiantan,7.0,18.46231076553634
2017-02-25 07:00:00,Tiantan,11.0,12.275069563835984
2017-02-25 08:00:00,Tiantan,20.0,16.87315416010155
2017-02-25 09:00:00,Tiantan,9.0,24.208639422714686
2017-02-25 10:00:00,Tiantan,4.0,14.375519361538593
2017-02-25 11:00:00,Tiantan,13.0,11.889048701070967
2017-02-25 12:00:00,Tiantan,11.0,15.210255544307147
2017-02-25 13:00:00,Tiantan,10.0,14.995513691372775
2017-02-25 14:00:00,Tiantan,9.0,13.175636608328468
2017-02-25 15:00:00,Tiantan,10.0,19.890550956283562
2017-02-25 16:00:00,Tiantan,9.0,17.524113556494022
2017-02-25 17:00:00,Tiantan,8.0,22.575070832257868
2017-02-25 18:00:00,Tiantan,11.0,14.498060752792222
2017-02-25 19:00:00,Tiantan,15.0,19.810657362611135
2017-02-25 20:00:00,Tiantan,18.0,21.357349892747248
2017-02-25 21:00:00,Tiantan,19.0,29.914775381670275
2017-02-25 22:00:00,Tiantan,16.0,24.23987957413851
2017-02-25 23:00:00,Tiantan,11.0,23.953365468074907
2017-02-26 00:00:00,Tiantan,17.0,17.20184963296286
2017-02-26 01:00:00,Tiantan,15.0,21.103031824051836
2017-02-26 02:00:00,Tiantan,12.0,19.915471655898003
2017-02-26 03:00:00,Tiantan,20.0,17.724970004648313
2017-02-26 04:00:00,Tiantan,18.0,22.22361463508398
2017-02-26 05:00:00,Tiantan,17.0,19.91188553419797
2017-02-26 06:00:00,Tiantan,17.0,21.632756197979866
2017-02-26 07:00:00,Tiantan,21.0,25.345183844630164
2017-02-26 08:00:00,Tiantan,19.0,29.525816158565995
2017-02-26 09:00:00,Tiantan,18.0,27.939253528980597
2017-02-26 10:00:00,Tiantan,18.0,24.72860123296633
2017-02-26 11:00:00,Tiantan,25.0,25.829297605772293
2017-02-26 12:00:00,Tiantan,18.0,29.52874760812328
2017-02-26 13:00:00,Tiantan,27.0,23.23404316998494
2017-02-26 14:00:00,Tiantan,25.0,32.25449048259235
2017-02-26 15:00:00,Tiantan,33.0,36.09274297195296
2017-02-26 16:00:00,Tiantan,23.0,42.614010192589234
2017-02-26 17:00:00,Tiantan,19.0,32.8023989470763
2017-02-26 18:00:00,Tiantan,29.0,28.555251262418086
2017-02-26 19:00:00,Tiantan,36.0,40.75675151368692
2017-02-26 20:00:00,Tiantan,36.0,48.06002590677639
2017-02-26 21:00:00,Tiantan,43.0,45.977950583869855
2017-02-26 22:00:00,Tiantan,63.0,51.52589357567086
2017-02-26 23:00:00,Tiantan,60.0,72.16750847650327
2017-02-27 01:00:00,Tiantan,47.0,66.09250613825505
2017-02-27 02:00:00,Tiantan,54.0,45.56324805991814
2017-02-27 03:00:00,Tiantan,59.0,59.641584348255265
2017-02-27 04:00:00,Tiantan,70.0,68.65230077031742
2017-02-27 05:00:00,Tiantan,87.0,74.43758392477744
2017-02-27 06:00:00,Tiantan,97.0,92.42361179037152
2017-02-27 07:00:00,Tiantan,87.0,102.30913204566237
2017-02-27 08:00:00,Tiantan,94.0,93.38419767244673
2017-02-27 09:00:00,Tiantan,95.0,99.16379262881588
2017-02-27 10:00:00,Tiantan,105.0,101.16404923571993
2017-02-27 11:00:00,Tiantan,109.0,108.30455830060437
2017-02-27 12:00:00,Tiantan,118.0,122.4990134274101
2017-02-27 16:00:00,Tiantan,52.0,62.59154570688528
2017-02-27 17:00:00,Tiantan,47.0,59.86925193394438
2017-02-27 18:00:00,Tiantan,43.0,58.24806678607726
2017-02-27 19:00:00,Tiantan,51.0,55.03771033864485
2017-02-27 20:00:00,Tiantan,55.0,63.36456759583993
2017-02-27 21:00:00,Tiantan,57.0,64.5131006510308
2017-02-27 22:00:00,Tiantan,62.0,62.062554034333864
2017-02-27 23:00:00,Tiantan,62.0,68.98574880179189
2017-02-28 00:00:00,Tiantan,35.0,67.17161180957481
2017-02-28 01:00:00,Tiantan,5.0,37.385730469774224
2017-02-28 02:00:00,Tiantan,9.0,13.752535661175452
2017-02-28 03:00:00,Tiantan,19.0,14.843341682118263
2017-02-28 04:00:00,Tiantan,8.0,22.929902041053143
2017-02-28 05:00:00,Tiantan,14.0,14.976162394117047
2017-02-28 06:00:00,Tiantan,11.0,17.261888978373655
2017-02-28 07:00:00,Tiantan,12.0,15.728162903721309
2017-02-28 08:00:00,Tiantan,12.0,18.098755779726066
2017-02-28 09:00:00,Tiantan,14.0,18.223393754922316
2017-02-28 10:00:00,Tiantan,7.0,17.4053710908116
2017-02-28 11:00:00,Tiantan,8.0,12.58171123742386
2017-02-28 12:00:00,Tiantan,6.0,8.006394767541893
2017-02-28 13:00:00,Tiantan,13.0,7.651889266520164
2017-02-28 14:00:00,Tiantan,9.0,11.175678498939698
2017-02-28 15:00:00,Tiantan,10.0,8.96074741836264
2017-02-28 16:00:00,Tiantan,9.0,9.6821860571765
2017-02-28 17:00:00,Tiantan,15.0,12.668329007047326
2017-02-28 18:00:00,Tiantan,20.0,20.547180953611416
2017-02-28 19:00:00,Tiantan,11.0,23.52081413155408
2017-02-28 20:00:00,Tiantan,18.0,15.584575721771555
2017-02-28 21:00:00,Tiantan,15.0,22.830237176118303
2017-02-28 22:00:00,Tiantan,15.0,22.387263249066894
2017-01-01 00:00:00,Wanliu,458.0,433.27791999646075
2017-01-01 01:00:00,Wanliu,453.0,491.4614982100477
2017-01-01 02:00:00,Wanliu,445.0,444.29882521032886
2017-01-01 03:00:00,Wanliu,443.0,434.57843156310724
2017-01-01 04:00:00,Wanliu,425.0,425.5399583146935
2017-01-01 05:00:00,Wanliu,440.0,388.60987695674476
2017-01-01 06:00:00,Wanliu,417.0,417.9094345614542
2017-01-01 07:00:00,Wanliu,408.0,360.4177275921922
2017-01-01 08:00:00,Wanliu,435.0,376.6772592793087
2017-01-01 09:00:00,Wanliu,465.0,432.83589039067374
2017-01-01 10:00:00,Wanliu,500.0,491.8303891911351
2017-01-01 11:00:00,Wanliu,533.0,542.3204809357829
2017-01-01 12:00:00,Wanliu,536.0,552.0440491937729
2017-01-01 13:00:00,Wanliu,561.0,547.9420718222707
2017-01-01 14:00:00,Wanliu,552.0,515.3695777374822
2017-01-01 15:00:00,Wanliu,536.0,525.9792609217244
2017-01-01 16:00:00,Wanliu,523.0,507.2095815937484
2017-01-01 17:00:00,Wanliu,526.0,514.5967218829259
2017-01-01 18:00:00,Wanliu,517.0,511.0913331523726
2017-01-01 19:00:00,Wanliu,500.0,517.1312742527901
2017-01-01 20:00:00,Wanliu,480.0,508.5029233476471
2017-01-01 21:00:00,Wanliu,468.0,510.22236708823334
2017-01-01 22:00:00,Wanliu,459.0,509.0636343715058
2017-01-01 23:00:00,Wanliu,441.0,511.8053640399421
2017-01-02 00:00:00,Wanliu,445.0,443.9085738602497
2017-01-02 01:00:00,Wanliu,440.0,498.64776713204594
2017-01-02 02:00:00,Wanliu,403.0,451.5530990651215
2017-01-02 03:00:00,Wanliu,340.0,361.01306079201834
2017-01-02 04:00:00,Wanliu,222.0,290.44730684506845
2017-01-02 05:00:00,Wanliu,75.0,69.62999090910945
2017-01-02 06:00:00,Wanliu,30.0,40.34208156894366
2017-01-02 07:00:00,Wanliu,30.0,32.98798405849726
2017-01-02 08:00:00,Wanliu,28.0,32.75054885589479
2017-01-02 09:00:00,Wanliu,30.0,32.59913969313826
2017-01-02 10:00:00,Wanliu,29.0,33.54053304132151
2017-01-02 11:00:00,Wanliu,113.0,33.82491933931302
2017-01-02 12:00:00,Wanliu,188.0,150.21983719076303
2017-01-02 13:00:00,Wanliu,221.0,209.58178941892902
2017-01-02 14:00:00,Wanliu,259.0,222.20753573340448
2017-01-02 15:00:00,Wanliu,239.0,249.13513687880692
2017-01-02 16:00:00,Wanliu,213.0,200.2130552862659
2017-01-02 17:00:00,Wanliu,159.0,195.64674416237608
2017-01-02 18:00:00,Wanliu,157.0,130.706880131352
2017-01-02 19:00:00,Wanliu,144.0,171.56659402415536
2017-01-02 20:00:00,Wanliu,124.0,158.95515255763203
2017-01-02 21:00:00,Wanliu,142.0,133.46163369806416
2017-01-02 22:00:00,Wanliu,160.0,152.15598698206665
2017-01-02 23:00:00,Wanliu,238.0,168.55836487179693
2017-01-03 00:00:00,Wanliu,269.0,238.32019503918605
2017-01-03 01:00:00,Wanliu,260.0,249.57036661315738
2017-01-03 02:00:00,Wanliu,246.0,239.96677527485414
2017-01-03 03:00:00,Wanliu,240.0,221.56123934894285
2017-01-03 04:00:00,Wanliu,234.0,228.90097084172902
2017-01-03 05:00:00,Wanliu,217.0,217.93842963755378
2017-01-03 06:00:00,Wanliu,197.0,197.38596985968363
2017-01-03 07:00:00,Wanliu,198.0,179.9612558982593
2017-01-03 08:00:00,Wanliu,205.0,197.86983527626532
2017-01-03 09:00:00,Wanliu,206.0,210.20637276455273
2017-01-03 10:00:00,Wanliu,200.0,211.4762486804248
2017-01-03 11:00:00,Wanliu,199.0,200.4969962413741
2017-01-03 12:00:00,Wanliu,199.0,203.32448172826437
2017-01-03 13:00:00,Wanliu,193.0,206.8539849317502
2017-01-03 14:00:00,Wanliu,203.0,198.41327602034235
2017-01-03 15:00:00,Wanliu,288.0,206.6520469422326
2017-01-03 16:00:00,Wanliu,309.0,290.52224588007647
2017-01-03 17:00:00,Wanliu,439.0,325.002298708665
2017-01-03 18:00:00,Wanliu,441.0,408.5481447565805
2017-01-03 19:00:00,Wanliu,469.0,448.10224061219435
2017-01-03 20:00:00,Wanliu,496.0,529.1269191657137
2017-01-03 21:00:00,Wanliu,451.0,557.3894678516725
2017-01-03 22:00:00,Wanliu,423.0,474.6462095308599
2017-01-03 23:00:00,Wanliu,436.0,437.03030866332836
2017-01-04 00:00:00,Wanliu,548.0,421.88686392130506
2017-01-04 01:00:00,Wanliu,585.0,506.4598261079215
2017-01-04 02:00:00,Wanliu,560.0,502.7470191654788
2017-01-04 03:00:00,Wanliu,498.0,501.9327769828109
2017-01-04 04:00:00,Wanliu,463.0,512.4042984819309
2017-01-04 05:00:00,Wanliu,471.0,445.5370573661425
2017-01-04 06:00:00,Wanliu,450.0,438.13912782748014
2017-01-04 07:00:00,Wanliu,408.0,444.54601114528396
2017-01-04 08:00:00,Wanliu,359.0,400.53453884461607
2017-01-04 09:00:00,Wanliu,306.0,380.238388784938
2017-01-04 10:00:00,Wanliu,310.0,312.4905627304431
2017-01-04 11:00:00,Wanliu,359.0,312.67980798681634
2017-01-04 12:00:00,Wanliu,184.0,358.40797295985175
2017-01-04 13:00:00,Wanliu,148.0,140.42013921454424
2017-01-04 14:00:00,Wanliu,220.0,145.52805312425284
2017-01-04 15:00:00,Wanliu,301.0,225.79912102989988
2017-01-04 16:00:00,Wanliu,319.0,310.31868390329845
2017-01-04 17:00:00,Wanliu,327.0,320.8084878818905
2017-01-04 18:00:00,Wanliu,384.0,345.2662291361243
2017-01-04 19:00:00,Wanliu,467.0,420.595387716286
2017-01-04 20:00:00,Wanliu,494.0,535.1005880132852
2017-01-04 21:00:00,Wanliu,459.0,520.8888856018029
2017-01-04 22:00:00,Wanliu,459.0,454.4425659831721
2017-01-04 23:00:00,Wanliu,328.0,453.7122679605623
2017-01-05 00:00:00,Wanliu,216.0,294.8029094495709
2017-01-05 01:00:00,Wanliu,191.0,181.762216086904
2017-01-05 02:00:00,Wanliu,169.0,180.80210173180444
2017-01-05 03:00:00,Wanliu,205.0,162.1763952650029
2017-01-05 04:00:00,Wanliu,296.0,199.4302738546122
2017-01-05 05:00:00,Wanliu,320.0,309.2734239056137
2017-01-05 06:00:00,Wanliu,301.0,307.53515830557586
2017-01-05 07:00:00,Wanliu,280.0,291.91923016660144
2017-01-05 08:00:00,Wanliu,245.0,273.1471075659231
2017-01-05 09:00:00,Wanliu,236.0,254.43542474565413
2017-01-05 10:00:00,Wanliu,229.0,257.51447764396914
2017-01-05 11:00:00,Wanliu,219.0,249.97165907178263
2017-01-05 12:00:00,Wanliu,226.0,242.5028233320061
2017-01-05 13:00:00,Wanliu,236.0,253.24374941315617
2017-01-05 14:00:00,Wanliu,205.0,263.3795944685294
2017-01-05 15:00:00,Wanliu,182.0,216.8521778606412
2017-01-05 16:00:00,Wanliu,184.0,192.57753913246142
2017-01-05 17:00:00,Wanliu,174.0,201.2521730713213
2017-01-05 18:00:00,Wanliu,179.0,196.46047364255483
2017-01-05 19:00:00,Wanliu,198.0,196.25293714957795
2017-01-05 20:00:00,Wanliu,198.0,204.67065398491653
2017-01-05 21:00:00,Wanliu,196.0,197.76420734073614
2017-01-05 22:00:00,Wanliu,192.0,208.2888340086183
2017-01-05 23:00:00,Wanliu,173.0,204.5185048760281
2017-01-06 00:00:00,Wanliu,164.0,185.43488711696457
2017-01-06 01:00:00,Wanliu,172.0,172.2365615993434
2017-01-06 02:00:00,Wanliu,168.0,179.37556450251844
2017-01-06 03:00:00,Wanliu,176.0,180.4894384806423
2017-01-06 04:00:00,Wanliu,164.0,186.47230676432164
2017-01-06 05:00:00,Wanliu,156.0,171.24119670247578
2017-01-06 06:00:00,Wanliu,161.0,175.96299374932482
2017-01-06 07:00:00,Wanliu,176.0,183.21936528445568
2017-01-06 08:00:00,Wanliu,183.0,197.0769463128438
2017-01-06 09:00:00,Wanliu,184.0,207.219241275279
2017-01-06 10:00:00,Wanliu,194.0,207.40158263608814
2017-01-06 11:00:00,Wanliu,194.0,218.25263872368578
2017-01-06 12:00:00,Wanliu,206.0,214.23848419958432
2017-01-06 13:00:00,Wanliu,226.0,222.59584365490116
2017-01-06 14:00:00,Wanliu,220.0,243.50323923541848
2017-01-06 15:00:00,Wanliu,219.0,230.94677614545358
2017-01-06 16:00:00,Wanliu,222.0,234.15552031844535
2017-01-06 17:00:00,Wanliu,203.0,243.9287989336787
2017-01-06 18:00:00,Wanliu,196.0,223.67419535878338
2017-01-06 19:00:00,Wanliu,194.0,222.5228324516007
2017-01-06 20:00:00,Wanliu,200.0,208.3779442424748
2017-01-06 21:00:00,Wanliu,202.0,211.9690383824755
2017-01-06 22:00:00,Wanliu,208.0,214.11863273349337
2017-01-06 23:00:00,Wanliu,220.0,222.41784235962075
2017-01-07 00:00:00,Wanliu,227.0,222.30792081929349
2017-01-07 01:00:00,Wanliu,235.0,228.8426150925962
2017-01-07 02:00:00,Wanliu,205.0,236.46293890874063
2017-01-07 03:00:00,Wanliu,207.0,203.69556345279136
2017-01-07 04:00:00,Wanliu,215.0,215.78225920698577
2017-01-07 05:00:00,Wanliu,201.0,200.6603724116053
2017-01-07 06:00:00,Wanliu,188.0,201.13241650434145
2017-01-07 07:00:00,Wanliu,183.0,196.47753674414892
2017-01-07 08:00:00,Wanliu,184.0,193.48379248448092
2017-01-07 09:00:00,Wanliu,170.0,196.14133993236553
2017-01-07 10:00:00,Wanliu,166.0,182.29248635321525
2017-01-07 11:00:00,Wanliu,165.0,173.32408210433334
2017-01-07 12:00:00,Wanliu,145.0,181.08160569458278
2017-01-07 13:00:00,Wanliu,128.0,151.01172707805168
2017-01-07 14:00:00,Wanliu,107.0,141.1085307292823
2017-01-07 15:00:00,Wanliu,88.0,120.86489786505801
2017-01-07 16:00:00,Wanliu,79.0,98.06472645149411
2017-01-07 17:00:00,Wanliu,90.0,98.67666758165865
2017-01-07 18:00:00,Wanliu,96.0,114.36257366927975
2017-01-07 19:00:00,Wanliu,86.0,120.60429120806589
2017-01-07 20:00:00,Wanliu,88.0,103.5068832362977
2017-01-07 21:00:00,Wanliu,105.0,102.14369076097287
2017-01-07 22:00:00,Wanliu,127.0,130.51751968235453
2017-01-07 23:00:00,Wanliu,143.0,154.0757993544068
2017-01-08 00:00:00,Wanliu,152.0,152.25540688123655
2017-01-08 01:00:00,Wanliu,102.0,163.54845674902393
2017-01-08 02:00:00,Wanliu,34.0,72.52870883672354
2017-01-08 03:00:00,Wanliu,24.0,33.891058470484204
2017-01-08 04:00:00,Wanliu,19.0,30.88383781096034
2017-01-08 05:00:00,Wanliu,23.0,19.41596810210499
2017-01-08 06:00:00,Wanliu,15.0,27.55388931253425
2017-01-08 07:00:00,Wanliu,17.0,15.946582357114119
2017-01-08 08:00:00,Wanliu,17.0,20.908546467785012
2017-01-08 09:00:00,Wanliu,21.0,20.94029000941824
2017-01-08 10:00:00,Wanliu,20.0,24.318126477950045
2017-01-08 11:00:00,Wanliu,20.0,23.392948061707298
2017-01-08 12:00:00,Wanliu,22.0,24.0776341568932
2017-01-08 13:00:00,Wanliu,16.0,24.48925106790314
2017-01-08 14:00:00,Wanliu,49.0,20.346422409121743
2017-01-08 15:00:00,Wanliu,15.0,51.65920999928949
2017-01-08 16:00:00,Wanliu,24.0,26.530775500114196
2017-01-08 17:00:00,Wanliu,16.0,29.825187908908703
2017-01-08 18:00:00,Wanliu,12.0,22.673986831881336
2017-01-08 19:00:00,Wanliu,12.0,20.285714818651776
2017-01-08 20:00:00,Wanliu,9.0,18.968235894556678
2017-01-08 21:00:00,Wanliu,9.0,14.750802946406349
2017-01-08 22:00:00,Wanliu,12.0,14.269617052914574
2017-01-08 23:00:00,Wanliu,11.0,17.358703018374143
2017-01-09 00:00:00,Wanliu,4.0,15.83115668418548
2017-01-09 01:00:00,Wanliu,11.0,13.27663869144718
2017-01-09 02:00:00,Wanliu,8.0,15.075054783199676
2017-01-09 03:00:00,Wanliu,10.0,8.515458696833631
2017-01-09 04:00:00,Wanliu,7.0,8.22689712251308
2017-01-09 05:00:00,Wanliu,6.0,7.398579903077016
2017-01-09 06:00:00,Wanliu,12.0,7.0106908963318615
2017-01-09 07:00:00,Wanliu,13.0,11.554989836080193
2017-01-09 08:00:00,Wanliu,12.0,12.815074843932486
2017-01-09 09:00:00,Wanliu,8.0,10.562367226097845
2017-01-09 10:00:00,Wanliu,12.0,8.738296777702358
2017-01-09 11:00:00,Wanliu,14.0,10.632946475022994
2017-01-09 12:00:00,Wanliu,14.0,13.795916667207871
2017-01-09 13:00:00,Wanliu,16.0,19.0110861825107
2017-01-09 14:00:00,Wanliu,29.0,19.961164560576556
2017-01-09 18:00:00,Wanliu,71.0,63.8460934155682
2017-01-09 19:00:00,Wanliu,87.0,89.63513854101404
2017-01-09 20:00:00,Wanliu,109.0,93.80559434320904
2017-01-09 21:00:00,Wanliu,120.0,113.32848410637375
2017-01-09 22:00:00,Wanliu,93.0,103.24372001370048
2017-01-09 23:00:00,Wanliu,14.0,70.91457766055701
2017-01-10 00:00:00,Wanliu,12.0,20.1601892572138
2017-01-10 01:00:00,Wanliu,6.0,10.332282267856254
2017-01-10 02:00:00,Wanliu,9.0,6.521930167849761
2017-01-10 03:00:00,Wanliu,7.0,8.073239068821431
2017-01-10 04:00:00,Wanliu,5.0,6.246579531914141
2017-01-10 05:00:00,Wanliu,3.0,4.991611110929077
2017-01-10 06:00:00,Wanliu,4.0,5.294556432703035
2017-01-10 07:00:00,Wanliu,4.0,5.526434538238215
2017-01-10 08:00:00,Wanliu,8.0,25.878339704797295
2017-01-10 09:00:00,Wanliu,3.0,9.342183283675539
2017-01-10 10:00:00,Wanliu,4.0,8.117298080140856
2017-01-10 11:00:00,Wanliu,4.0,5.482943969560399
2017-01-10 12:00:00,Wanliu,6.0,5.9652326668519615
2017-01-10 13:00:00,Wanliu,7.0,5.4451710809739335
2017-01-10 14:00:00,Wanliu,5.0,5.828934912012383
2017-01-10 15:00:00,Wanliu,4.0,10.24942866325932
2017-01-10 16:00:00,Wanliu,6.0,12.277962252865054
2017-01-10 17:00:00,Wanliu,17.0,13.021069578042056
2017-01-10 18:00:00,Wanliu,85.0,42.48465880761535
2017-01-10 19:00:00,Wanliu,107.0,107.4391655014262
2017-01-10 20:00:00,Wanliu,103.0,123.91006187950323
2017-01-10 21:00:00,Wanliu,103.0,111.0292468436744
2017-01-10 22:00:00,Wanliu,111.0,112.43723464420833
2017-01-10 23:00:00,Wanliu,109.0,118.54841546182008
2017-01-11 00:00:00,Wanliu,106.0,110.73561454889438
2017-01-11 01:00:00,Wanliu,84.0,106.10048253036106
2017-01-11 02:00:00,Wanliu,71.0,79.94653278358788
2017-01-11 03:00:00,Wanliu,55.0,71.07158698606223
2017-01-11 04:00:00,Wanliu,47.0,57.62832336522194
2017-01-11 05:00:00,Wanliu,52.0,50.40370228606309
2017-01-11 06:00:00,Wanliu,47.0,50.97940517706851
2017-01-11 07:00:00,Wanliu,59.0,55.09969585053587
2017-01-11 08:00:00,Wanliu,54.0,66.51454532189886
2017-01-11 09:00:00,Wanliu,68.0,64.1784993019207
2017-01-11 10:00:00,Wanliu,74.0,77.686636271101
2017-01-11 11:00:00,Wanliu,62.0,89.15832961894682
2017-01-11 12:00:00,Wanliu,64.0,70.29570447403499
2017-01-11 13:00:00,Wanliu,35.0,75.15697850618464
2017-01-11 14:00:00,Wanliu,50.0,40.6630792991765
2017-01-11 15:00:00,Wanliu,80.0,64.64686626342301
2017-01-11 16:00:00,Wanliu,91.0,99.66792376115278
2017-01-11 17:00:00,Wanliu,76.0,109.71673011976057
2017-01-11 18:00:00,Wanliu,79.0,96.58234262022657
2017-01-11 19:00:00,Wanliu,41.0,101.28874027227253
2017-01-11 20:00:00,Wanliu,34.0,54.34350919623582
2017-01-11 21:00:00,Wanliu,22.0,50.17929846778688
2017-01-11 22:00:00,Wanliu,29.0,31.336219295212047
2017-01-11 23:00:00,Wanliu,24.0,32.3591993815044
2017-01-12 00:00:00,Wanliu,25.0,28.255457387050676
2017-01-12 01:00:00,Wanliu,24.0,27.653849154932537
2017-01-12 02:00:00,Wanliu,16.0,25.049951406160766
2017-01-12 03:00:00,Wanliu,19.0,18.82782452387378
2017-01-12 04:00:00,Wanliu,24.0,25.190565646338445
2017-01-12 05:00:00,Wanliu,17.0,25.57624030758541
2017-01-12 06:00:00,Wanliu,28.0,20.65966339793146
2017-01-12 07:00:00,Wanliu,23.0,36.16165864230617
2017-01-12 08:00:00,Wanliu,23.0,27.81833981544282
2017-01-12 09:00:00,Wanliu,26.0,31.026436329686042
2017-01-12 10:00:00,Wanliu,16.0,36.51791527335047
2017-01-12 11:00:00,Wanliu,46.0,26.61613008168707
2017-01-12 12:00:00,Wanliu,74.0,56.66861664613762
2017-01-12 13:00:00,Wanliu,77.0,77.91434020545663
2017-01-12 14:00:00,Wanliu,97.0,73.00529839891303
2017-01-12 15:00:00,Wanliu,93.0,101.47641863516527
2017-01-12 16:00:00,Wanliu,97.0,94.06415853203275
2017-01-12 17:00:00,Wanliu,109.0,112.81620963359012
2017-01-12 18:00:00,Wanliu,135.0,127.3976630782252
2017-01-12 19:00:00,Wanliu,149.0,154.70842061639124
2017-01-12 20:00:00,Wanliu,27.0,158.04826388591732
2017-01-12 21:00:00,Wanliu,13.0,38.79678927964982
2017-01-12 22:00:00,Wanliu,15.0,16.513208000829213
2017-01-12 23:00:00,Wanliu,10.0,10.49231685444472
2017-01-13 00:00:00,Wanliu,12.0,10.088570587518866
2017-01-13 01:00:00,Wanliu,16.0,9.86075330821099
2017-01-13 02:00:00,Wanliu,7.0,13.512647867163032
2017-01-13 03:00:00,Wanliu,5.0,8.215250588780687
2017-01-13 04:00:00,Wanliu,15.0,7.446354469074588
2017-01-13 05:00:00,Wanliu,12.0,13.974372561766916
2017-01-13 06:00:00,Wanliu,18.0,13.664058376144405
2017-01-13 07:00:00,Wanliu,4.0,22.295566735643824
2017-01-13 08:00:00,Wanliu,22.0,9.15998700950266
2017-01-13 09:00:00,Wanliu,12.0,18.082065102572617
2017-01-13 10:00:00,Wanliu,13.0,11.856502896028662
2017-01-13 11:00:00,Wanliu,15.0,10.87451363426805
2017-01-13 12:00:00,Wanliu,13.0,12.449462855412312
2017-01-13 13:00:00,Wanliu,10.0,11.678395531063556
2017-01-13 14:00:00,Wanliu,7.0,14.37634391052874
2017-01-13 15:00:00,Wanliu,15.0,7.78342960417351
2017-01-13 16:00:00,Wanliu,10.0,12.472297350435317
2017-01-13 17:00:00,Wanliu,2.0,10.444310796479762
2017-01-13 18:00:00,Wanliu,13.0,8.428962426657677
2017-01-13 19:00:00,Wanliu,14.0,11.569857432655308
2017-01-13 20:00:00,Wanliu,19.0,13.489489817255151
2017-01-13 21:00:00,Wanliu,15.0,17.59599830149765
2017-01-13 22:00:00,Wanliu,9.0,14.116421412970919
2017-01-13 23:00:00,Wanliu,12.0,9.975334115950158
2017-01-14 00:00:00,Wanliu,18.0,16.174098967971265
2017-01-14 01:00:00,Wanliu,11.0,17.05032505910636
2017-01-14 02:00:00,Wanliu,19.0,12.998093302320292
2017-01-14 03:00:00,Wanliu,10.0,16.6170090030766
2017-01-14 04:00:00,Wanliu,19.0,10.431072253792633
2017-01-14 05:00:00,Wanliu,10.0,20.138941127492153
2017-01-14 06:00:00,Wanliu,25.0,11.137726783063952
2017-01-14 07:00:00,Wanliu,24.0,29.05240455162992
2017-01-14 08:00:00,Wanliu,22.0,29.58091105832919
2017-01-14 09:00:00,Wanliu,33.0,23.773579082317607
2017-01-14 10:00:00,Wanliu,28.0,33.26457155212861
2017-01-14 11:00:00,Wanliu,21.0,29.836692433165005
2017-01-14 12:00:00,Wanliu,23.0,22.71812077935837
2017-01-14 13:00:00,Wanliu,19.0,21.49717552233424
2017-01-14 14:00:00,Wanliu,17.0,21.99690803629212
2017-01-14 15:00:00,Wanliu,18.0,22.25684757740876
2017-01-14 16:00:00,Wanliu,23.0,19.65381712667072
2017-01-14 17:00:00,Wanliu,22.0,30.376030560289177
2017-01-14 18:00:00,Wanliu,29.0,32.963037551539834
2017-01-14 19:00:00,Wanliu,33.0,39.047772850822355
2017-01-14 20:00:00,Wanliu,48.0,42.44074730468966
2017-01-14 21:00:00,Wanliu,50.0,71.1942295323375
2017-01-14 22:00:00,Wanliu,33.0,59.37180050858721
2017-01-14 23:00:00,Wanliu,44.0,42.38152634149193
2017-01-15 00:00:00,Wanliu,43.0,52.5748458706849
2017-01-15 01:00:00,Wanliu,36.0,47.20673340668823
2017-01-15 02:00:00,Wanliu,32.0,40.04945170429452
2017-01-15 03:00:00,Wanliu,41.0,35.444040808353094
2017-01-15 04:00:00,Wanliu,28.0,41.76203546933238
2017-01-15 05:00:00,Wanliu,21.0,30.022296721318586
2017-01-15 06:00:00,Wanliu,23.0,26.765526883859586
2017-01-15 07:00:00,Wanliu,24.0,29.741146967211225
2017-01-15 08:00:00,Wanliu,37.0,32.55621229613437
2017-01-15 09:00:00,Wanliu,31.0,43.133317385922425
2017-01-15 10:00:00,Wanliu,41.0,40.09154006834768
2017-01-15 11:00:00,Wanliu,39.0,49.0223121035354
2017-01-15 12:00:00,Wanliu,55.0,49.149021277032865
2017-01-15 13:00:00,Wanliu,61.0,63.73057970112502
2017-01-15 14:00:00,Wanliu,67.0,68.6289350499854
2017-01-15 15:00:00,Wanliu,72.0,76.00646186467907
2017-01-15 16:00:00,Wanliu,77.0,82.98774056316067
2017-01-15 17:00:00,Wanliu,81.0,93.42937982536984
2017-01-15 18:00:00,Wanliu,82.0,94.7843923372105
2017-01-15 19:00:00,Wanliu,75.0,97.17759033560313
2017-01-15 20:00:00,Wanliu,73.0,77.67326283531159
2017-01-15 21:00:00,Wanliu,69.0,75.15392945906856
2017-01-15 22:00:00,Wanliu,79.0,71.91508449123592
2017-01-15 23:00:00,Wanliu,75.0,86.88215111670401
2017-01-16 00:00:00,Wanliu,82.0,79.50072477162642
2017-01-16 01:00:00,Wanliu,87.0,85.73093667833382
2017-01-16 02:00:00,Wanliu,87.0,90.00308368484008
2017-01-16 03:00:00,Wanliu,90.0,88.53606795384704
2017-01-16 04:00:00,Wanliu,82.0,88.86874626205652
2017-01-16 05:00:00,Wanliu,86.0,79.48940256176942
2017-01-16 06:00:00,Wanliu,76.0,85.19076841826
2017-01-16 07:00:00,Wanliu,87.0,80.27254307911207
2017-01-16 08:00:00,Wanliu,78.0,93.33055330656
2017-01-16 09:00:00,Wanliu,88.0,86.21635442386156
2017-01-16 10:00:00,Wanliu,91.0,99.1259571382212
2017-01-16 11:00:00,Wanliu,94.0,97.82395946244125
2017-01-16 12:00:00,Wanliu,116.0,106.10218020817688
2017-01-16 13:00:00,Wanliu,131.0,120.27241699107628
2017-01-16 14:00:00,Wanliu,132.0,144.09203640450124
2017-01-16 15:00:00,Wanliu,113.0,137.74257834119993
2017-01-16 16:00:00,Wanliu,106.0,111.07033699664956
2017-01-16 17:00:00,Wanliu,108.0,103.0266335015814
2017-01-16 18:00:00,Wanliu,115.0,117.84416176028552
2017-01-16 19:00:00,Wanliu,121.0,126.55977088816792
2017-01-16 20:00:00,Wanliu,130.0,131.56468190662446
2017-01-16 21:00:00,Wanliu,129.0,138.04116717518045
2017-01-16 22:00:00,Wanliu,131.0,135.70065140930214
2017-01-16 23:00:00,Wanliu,132.0,137.83958547262282
2017-01-17 00:00:00,Wanliu,141.0,135.6498506105983
2017-01-17 01:00:00,Wanliu,143.0,140.68785038139478
2017-01-17 02:00:00,Wanliu,135.0,143.3788558691241
2017-01-17 03:00:00,Wanliu,148.0,133.44636138179538
2017-01-17 04:00:00,Wanliu,145.0,146.10121237651776
2017-01-17 05:00:00,Wanliu,130.0,138.4604232333772
2017-01-17 06:00:00,Wanliu,135.0,126.04494941042793
2017-01-17 07:00:00,Wanliu,128.0,140.1774391878536
2017-01-17 08:00:00,Wanliu,141.0,133.96896281226157
2017-01-17 09:00:00,Wanliu,150.0,146.9769525967182
2017-01-17 10:00:00,Wanliu,10.0,152.66712127625846
2017-01-17 11:00:00,Wanliu,64.0,45.8635176208476
2017-01-17 12:00:00,Wanliu,145.0,67.51773508103787
2017-01-17 13:00:00,Wanliu,146.0,158.7623727629321
2017-01-17 14:00:00,Wanliu,137.0,148.42292667358228
2017-01-17 15:00:00,Wanliu,139.0,142.89909718583561
2017-01-17 16:00:00,Wanliu,155.0,144.71986357648223
2017-01-17 17:00:00,Wanliu,163.0,167.67249581795915
2017-01-17 18:00:00,Wanliu,159.0,182.10588473991433
2017-01-17 19:00:00,Wanliu,171.0,168.82807251348132
2017-01-17 20:00:00,Wanliu,162.0,170.22819319209756
2017-01-17 21:00:00,Wanliu,178.0,167.17734123470294
2017-01-17 22:00:00,Wanliu,143.0,181.83138175507352
2017-01-17 23:00:00,Wanliu,77.0,135.68424597418658
2017-01-18 00:00:00,Wanliu,48.0,69.64483287068592
2017-01-18 01:00:00,Wanliu,45.0,48.359738349270124
2017-01-18 02:00:00,Wanliu,24.0,47.842425346506595
2017-01-18 03:00:00,Wanliu,35.0,29.21661626088373
2017-01-18 04:00:00,Wanliu,41.0,36.54107091779244
2017-01-18 05:00:00,Wanliu,39.0,41.48391413621887
2017-01-18 06:00:00,Wanliu,31.0,37.25229596116744
2017-01-18 07:00:00,Wanliu,31.0,31.11810155250515
2017-01-18 08:00:00,Wanliu,23.0,35.29768912826567
2017-01-18 09:00:00,Wanliu,30.0,24.49654396047452
2017-01-18 10:00:00,Wanliu,21.0,30.465030740614928
2017-01-18 11:00:00,Wanliu,20.0,21.732275510504568
2017-01-18 12:00:00,Wanliu,25.0,23.23733984463428
2017-01-18 13:00:00,Wanliu,26.0,29.091455855450146
2017-01-18 14:00:00,Wanliu,42.0,32.89265490738353
2017-01-18 15:00:00,Wanliu,66.0,50.62457751274996
2017-01-18 16:00:00,Wanliu,78.0,77.116982555139
2017-01-18 17:00:00,Wanliu,60.0,92.73242607442039
2017-01-18 18:00:00,Wanliu,48.0,73.3306360833373
2017-01-18 19:00:00,Wanliu,45.0,61.05461835240288
2017-01-18 20:00:00,Wanliu,49.0,55.718381457494445
2017-01-18 21:00:00,Wanliu,49.0,56.03744464030723
2017-01-18 22:00:00,Wanliu,43.0,57.35887307329803
2017-01-18 23:00:00,Wanliu,51.0,49.70128296116803
2017-01-19 00:00:00,Wanliu,82.0,59.12546094182849
2017-01-19 01:00:00,Wanliu,100.0,93.64988120540502
2017-01-19 02:00:00,Wanliu,90.0,103.39766975071178
2017-01-19 03:00:00,Wanliu,97.0,101.20734234782606
2017-01-19 04:00:00,Wanliu,99.0,120.04912337068806
2017-01-19 05:00:00,Wanliu,114.0,115.9223712144566
2017-01-19 06:00:00,Wanliu,125.0,127.49981593159212
2017-01-19 07:00:00,Wanliu,107.0,136.2596264796991
2017-01-19 08:00:00,Wanliu,106.0,120.0517121375375
2017-01-19 09:00:00,Wanliu,47.0,102.49844430576091
2017-01-19 10:00:00,Wanliu,9.0,32.57158968734523
2017-01-19 11:00:00,Wanliu,11.0,5.330686348505136
2017-01-19 12:00:00,Wanliu,8.0,8.531360545274898
2017-01-19 13:00:00,Wanliu,7.0,7.451401687310663
2017-01-19 14:00:00,Wanliu,6.0,7.064845665026473
2017-01-19 15:00:00,Wanliu,8.0,6.756467686378837
2017-01-19 16:00:00,Wanliu,11.0,7.726380746420481
2017-01-19 17:00:00,Wanliu,9.0,12.54424165239235
2017-01-19 18:00:00,Wanliu,7.0,11.06357386238814
2017-01-19 19:00:00,Wanliu,6.0,10.152419207835152
2017-01-19 20:00:00,Wanliu,3.0,9.081960811828779
2017-01-19 21:00:00,Wanliu,9.0,8.806784296715806
2017-01-19 22:00:00,Wanliu,3.0,9.7079170015266
2017-01-19 23:00:00,Wanliu,9.0,8.371890954092454
2017-01-20 00:00:00,Wanliu,17.0,9.490197710389612
2017-01-20 01:00:00,Wanliu,8.0,16.864236021068088
2017-01-20 02:00:00,Wanliu,8.0,10.675367881159735
2017-01-20 03:00:00,Wanliu,8.0,9.943512443171183
2017-01-20 04:00:00,Wanliu,9.0,9.919027625186622
2017-01-20 05:00:00,Wanliu,11.0,10.859016610072716
2017-01-20 06:00:00,Wanliu,9.0,13.04337811257427
2017-01-20 07:00:00,Wanliu,8.0,13.850449588218193
2017-01-20 08:00:00,Wanliu,11.0,13.253834064521909
2017-01-20 09:00:00,Wanliu,18.0,15.476963260291855
2017-01-20 10:00:00,Wanliu,9.0,17.84506512162481
2017-01-20 11:00:00,Wanliu,12.0,14.95900419471426
2017-01-20 12:00:00,Wanliu,10.0,17.341253993168753
2017-01-20 13:00:00,Wanliu,11.0,15.27953357091393
2017-01-20 14:00:00,Wanliu,21.0,16.074221537716056
2017-01-20 15:00:00,Wanliu,24.0,24.21054193904447
2017-01-20 16:00:00,Wanliu,25.0,32.0804606307782
2017-01-20 17:00:00,Wanliu,31.0,33.85213786016037
2017-01-20 18:00:00,Wanliu,37.0,40.21634608517734
2017-01-20 19:00:00,Wanliu,46.0,46.97400546380539
2017-01-20 20:00:00,Wanliu,50.0,49.92066260187187
2017-01-20 21:00:00,Wanliu,68.0,54.886886577948616
2017-01-20 22:00:00,Wanliu,84.0,71.8042719003272
2017-01-20 23:00:00,Wanliu,79.0,87.1569925795056
2017-01-21 00:00:00,Wanliu,63.0,79.83204323665551
2017-01-21 01:00:00,Wanliu,64.0,61.45388540245353
2017-01-21 02:00:00,Wanliu,82.0,68.71679189006977
2017-01-21 03:00:00,Wanliu,79.0,82.45654917628272
2017-01-21 04:00:00,Wanliu,52.0,76.95136813378096
2017-01-21 05:00:00,Wanliu,24.0,49.467293474771395
2017-01-21 06:00:00,Wanliu,10.0,24.22864462313786
2017-01-21 07:00:00,Wanliu,5.0,10.314169409793243
2017-01-21 08:00:00,Wanliu,5.0,7.562296168004527
2017-01-21 09:00:00,Wanliu,7.0,5.581823908117208
2017-01-21 10:00:00,Wanliu,6.0,5.766368055088292
2017-01-21 11:00:00,Wanliu,10.0,5.480462990430805
2017-01-21 12:00:00,Wanliu,7.0,7.334598143124068
2017-01-21 13:00:00,Wanliu,7.0,6.881278720648372
2017-01-21 14:00:00,Wanliu,9.0,5.554583267157073
2017-01-21 15:00:00,Wanliu,7.0,7.254633208785288
2017-01-21 16:00:00,Wanliu,4.0,7.056427295181117
2017-01-21 17:00:00,Wanliu,7.0,9.366493403681057
2017-01-21 18:00:00,Wanliu,7.0,9.805913855256748
2017-01-21 19:00:00,Wanliu,11.0,10.090180182338182
2017-01-21 20:00:00,Wanliu,13.0,12.427463857550814
2017-01-21 21:00:00,Wanliu,12.0,14.912514963825123
2017-01-21 22:00:00,Wanliu,18.0,16.036926471973736
2017-01-21 23:00:00,Wanliu,13.0,21.185080316093767
2017-01-22 00:00:00,Wanliu,13.0,15.363854619581929
2017-01-22 01:00:00,Wanliu,18.0,12.398017019768691
2017-01-22 02:00:00,Wanliu,16.0,17.24300535157836
2017-01-22 03:00:00,Wanliu,15.0,16.056899883470344
2017-01-22 04:00:00,Wanliu,14.0,14.641851906847176
2017-01-22 05:00:00,Wanliu,14.0,14.424852814843385
2017-01-22 06:00:00,Wanliu,9.0,14.887605013970589
2017-01-22 07:00:00,Wanliu,14.0,9.92278728972053
2017-01-22 08:00:00,Wanliu,14.0,15.151809625969184
2017-01-22 09:00:00,Wanliu,13.0,15.20906035631642
2017-01-22 10:00:00,Wanliu,13.0,12.573093791608203
2017-01-22 11:00:00,Wanliu,16.0,14.786968794590402
2017-01-22 12:00:00,Wanliu,23.0,16.70367995702975
2017-01-22 13:00:00,Wanliu,18.0,26.747305372046235
2017-01-22 14:00:00,Wanliu,28.0,23.091995836212583
2017-01-22 15:00:00,Wanliu,44.0,33.90207423302248
2017-01-22 16:00:00,Wanliu,55.0,53.314838695054306
2017-01-22 17:00:00,Wanliu,72.0,64.59099659128711
2017-01-22 18:00:00,Wanliu,69.0,85.62625371224551
2017-01-22 19:00:00,Wanliu,63.0,79.58598059696445
2017-01-22 20:00:00,Wanliu,39.0,65.717545825401
2017-01-22 21:00:00,Wanliu,37.0,37.832004138001686
2017-01-22 22:00:00,Wanliu,41.0,39.36276130955959
2017-01-22 23:00:00,Wanliu,27.0,43.30800657819592
2017-01-23 00:00:00,Wanliu,22.0,23.96852811903439
2017-01-23 01:00:00,Wanliu,19.0,21.24438357007957
2017-01-23 02:00:00,Wanliu,28.0,17.893893198433474
2017-01-23 03:00:00,Wanliu,8.0,27.234218602427838
2017-01-23 04:00:00,Wanliu,10.0,10.987477598650209
2017-01-23 05:00:00,Wanliu,13.0,10.777306556036777
2017-01-23 06:00:00,Wanliu,14.0,13.949753680428513
2017-01-23 07:00:00,Wanliu,18.0,15.500919553950165
2017-01-23 08:00:00,Wanliu,17.0,21.80854310096377
2017-01-23 09:00:00,Wanliu,26.0,17.04170697201182
2017-01-23 10:00:00,Wanliu,17.0,25.928656116335823
2017-01-23 11:00:00,Wanliu,21.0,17.909992294009477
2017-01-23 12:00:00,Wanliu,24.0,20.852835729140292
2017-01-23 13:00:00,Wanliu,24.0,26.356638598335284
2017-01-23 14:00:00,Wanliu,33.0,24.403050812034394
2017-01-23 15:00:00,Wanliu,37.0,32.50191660495944
2017-01-23 16:00:00,Wanliu,36.0,39.66886919372727
2017-01-23 17:00:00,Wanliu,37.0,43.00055556608054
2017-01-23 18:00:00,Wanliu,38.0,40.818617714323786
2017-01-23 19:00:00,Wanliu,43.0,39.864981781288115
2017-01-23 20:00:00,Wanliu,50.0,52.41645878429136
2017-01-23 21:00:00,Wanliu,57.0,54.521238413317185
2017-01-23 22:00:00,Wanliu,59.0,64.98629006077186
2017-01-23 23:00:00,Wanliu,55.0,63.49360665381203
2017-01-24 00:00:00,Wanliu,52.0,55.302927907785595
2017-01-24 01:00:00,Wanliu,65.0,57.610328903858644
2017-01-24 02:00:00,Wanliu,64.0,66.64322804312746
2017-01-24 03:00:00,Wanliu,60.0,61.496262229972615
2017-01-24 04:00:00,Wanliu,75.0,58.51634155938425
2017-01-24 05:00:00,Wanliu,67.0,69.34113377902426
2017-01-24 06:00:00,Wanliu,68.0,61.80472610056555
2017-01-24 07:00:00,Wanliu,71.0,67.30279391562125
2017-01-24 08:00:00,Wanliu,74.0,70.21333721035978
2017-01-24 09:00:00,Wanliu,43.0,68.39589438535421
2017-01-24 10:00:00,Wanliu,46.0,35.84197684239845
2017-01-24 11:00:00,Wanliu,63.0,48.77902331996032
2017-01-24 12:00:00,Wanliu,69.0,64.93250431459208
2017-01-24 13:00:00,Wanliu,72.0,69.29627653574137
2017-01-24 14:00:00,Wanliu,86.0,75.22811696334746
2017-01-24 15:00:00,Wanliu,116.0,93.53412386572522
2017-01-24 16:00:00,Wanliu,125.0,136.37254726177522
2017-01-24 17:00:00,Wanliu,128.0,144.42599988171074
2017-01-24 18:00:00,Wanliu,135.0,151.63855659514164
2017-01-24 19:00:00,Wanliu,132.0,163.64266885232524
2017-01-24 20:00:00,Wanliu,125.0,151.87915158243976
2017-01-24 21:00:00,Wanliu,135.0,141.75335789050467
2017-01-24 22:00:00,Wanliu,143.0,151.96943204423945
2017-01-24 23:00:00,Wanliu,140.0,149.79953636255428
2017-01-25 00:00:00,Wanliu,145.0,136.9050867072701
2017-01-25 01:00:00,Wanliu,144.0,137.37650389078428
2017-01-25 02:00:00,Wanliu,153.0,135.94970537947697
2017-01-25 03:00:00,Wanliu,168.0,145.32084405485085
2017-01-25 04:00:00,Wanliu,158.0,169.59173912461824
2017-01-25 05:00:00,Wanliu,144.0,146.3241294450414
2017-01-25 06:00:00,Wanliu,141.0,131.41355100447026
2017-01-25 07:00:00,Wanliu,140.0,136.4846791437705
2017-01-25 08:00:00,Wanliu,146.0,138.0586655811754
2017-01-25 09:00:00,Wanliu,146.0,143.20687550183794
2017-01-25 10:00:00,Wanliu,155.0,142.2296650871565
2017-01-25 11:00:00,Wanliu,154.0,148.28808502227216
2017-01-25 12:00:00,Wanliu,157.0,150.73329684381787
2017-01-25 14:00:00,Wanliu,164.0,137.8156002027495
2017-01-25 15:00:00,Wanliu,168.0,201.43184610727405
2017-01-25 16:00:00,Wanliu,173.0,175.38657156899012
2017-01-25 17:00:00,Wanliu,191.0,193.69964782255371
2017-01-25 18:00:00,Wanliu,203.0,207.58058478266176
2017-01-25 19:00:00,Wanliu,196.0,219.38926486153252
2017-01-25 20:00:00,Wanliu,209.0,201.82156753377248
2017-01-25 21:00:00,Wanliu,219.0,217.52046278959747
2017-01-25 22:00:00,Wanliu,224.0,219.9902146725444
2017-01-25 23:00:00,Wanliu,219.0,216.78267453035454
2017-01-26 00:00:00,Wanliu,245.0,208.7805560802451
2017-01-26 01:00:00,Wanliu,266.0,247.3047212668712
2017-01-26 02:00:00,Wanliu,255.0,250.6038423643846
2017-01-26 03:00:00,Wanliu,263.0,238.885975651462
2017-01-26 04:00:00,Wanliu,259.0,250.34305544834072
2017-01-26 05:00:00,Wanliu,248.0,243.13156217913235
2017-01-26 06:00:00,Wanliu,245.0,226.6934081270737
2017-01-26 07:00:00,Wanliu,249.0,230.84865232133868
2017-01-26 08:00:00,Wanliu,236.0,236.04089906460172
2017-01-26 09:00:00,Wanliu,246.0,230.5456889603842
2017-01-26 10:00:00,Wanliu,244.0,246.71862699012004
2017-01-26 11:00:00,Wanliu,231.0,243.63757905843661
2017-01-26 12:00:00,Wanliu,165.0,234.31357086220845
2017-01-26 13:00:00,Wanliu,124.0,136.5536749176125
2017-01-26 14:00:00,Wanliu,31.0,87.66885104878978
2017-01-26 15:00:00,Wanliu,8.0,21.167672253573013
2017-01-26 16:00:00,Wanliu,8.0,10.944485834624988
2017-01-26 17:00:00,Wanliu,5.0,8.654348643370916
2017-01-26 18:00:00,Wanliu,3.0,9.077207113123618
2017-01-26 19:00:00,Wanliu,5.0,7.5912323671403055
2017-01-26 20:00:00,Wanliu,3.0,6.392613691761407
2017-01-26 21:00:00,Wanliu,3.0,6.444734941888222
2017-01-26 22:00:00,Wanliu,7.0,6.292391074709163
2017-01-26 23:00:00,Wanliu,7.0,7.786718624694303
2017-01-27 00:00:00,Wanliu,8.0,9.064813263223087
2017-01-27 01:00:00,Wanliu,6.0,12.812615133822316
2017-01-27 02:00:00,Wanliu,7.0,8.712662592800752
2017-01-27 03:00:00,Wanliu,5.0,8.33752245980086
2017-01-27 04:00:00,Wanliu,3.0,10.796589231764232
2017-01-27 05:00:00,Wanliu,4.0,9.968221762132025
2017-01-27 06:00:00,Wanliu,9.0,10.062508745932567
2017-01-27 07:00:00,Wanliu,15.0,16.898927323856164
2017-01-27 08:00:00,Wanliu,20.0,22.57220559034188
2017-01-27 09:00:00,Wanliu,29.0,27.99523094704295
2017-01-27 10:00:00,Wanliu,34.0,32.97472112262796
2017-01-27 11:00:00,Wanliu,35.0,35.63472285142637
2017-01-27 12:00:00,Wanliu,40.0,37.69298248464317
2017-01-27 13:00:00,Wanliu,42.0,64.11218154435771
2017-01-27 14:00:00,Wanliu,46.0,65.0412447382653
2017-01-27 15:00:00,Wanliu,59.0,67.78857968880537
2017-01-27 16:00:00,Wanliu,56.0,62.00397845812012
2017-01-27 17:00:00,Wanliu,58.0,59.64697901038478
2017-01-27 18:00:00,Wanliu,76.0,67.19895305757785
2017-01-27 19:00:00,Wanliu,125.0,87.46211479300393
2017-01-27 20:00:00,Wanliu,189.0,127.90453493644796
2017-01-27 21:00:00,Wanliu,260.0,195.2218966122085
2017-01-27 22:00:00,Wanliu,339.0,257.54104386109555
2017-01-27 23:00:00,Wanliu,331.0,329.1667581351276
2017-01-28 00:00:00,Wanliu,469.0,348.5665794847593
2017-01-28 01:00:00,Wanliu,478.0,487.58374902255554
2017-01-28 02:00:00,Wanliu,407.0,452.2909598839631
2017-01-28 03:00:00,Wanliu,494.0,419.57229679032207
2017-01-28 04:00:00,Wanliu,568.0,520.1201035148626
2017-01-28 05:00:00,Wanliu,625.0,506.00760656306
2017-01-28 06:00:00,Wanliu,553.0,491.1858468690534
2017-01-28 07:00:00,Wanliu,464.0,468.62291484295116
2017-01-28 08:00:00,Wanliu,347.0,421.1290863214493
2017-01-28 09:00:00,Wanliu,319.0,293.5582455185816
2017-01-28 10:00:00,Wanliu,283.0,300.64453710374244
2017-01-28 11:00:00,Wanliu,274.0,271.6237326308378
2017-01-28 12:00:00,Wanliu,231.0,260.0206451471038
2017-01-28 13:00:00,Wanliu,214.0,224.45075183860973
2017-01-28 14:00:00,Wanliu,224.0,207.4150407798724
2017-01-28 15:00:00,Wanliu,223.0,203.7888444136917
2017-01-28 16:00:00,Wanliu,231.0,221.2164328911771
2017-01-28 17:00:00,Wanliu,233.0,238.98391040349128
2017-01-28 18:00:00,Wanliu,230.0,244.71954346222117
2017-01-28 19:00:00,Wanliu,245.0,229.88225402386038
2017-01-28 20:00:00,Wanliu,271.0,246.97207096695382
2017-01-28 21:00:00,Wanliu,265.0,263.2396603252338
2017-01-28 22:00:00,Wanliu,262.0,264.35420720640394
2017-01-28 23:00:00,Wanliu,247.0,255.27114812077605
2017-01-29 00:00:00,Wanliu,232.0,258.7753190104787
2017-01-29 01:00:00,Wanliu,188.0,234.75826274163035
2017-01-29 02:00:00,Wanliu,8.0,141.19966261651888
2017-01-29 03:00:00,Wanliu,3.0,-13.408180946202245
2017-01-29 04:00:00,Wanliu,3.0,6.787726147310098
2017-01-29 05:00:00,Wanliu,6.0,8.823633364070615
2017-01-29 06:00:00,Wanliu,10.0,10.203316760728148
2017-01-29 07:00:00,Wanliu,9.0,11.238104170546274
2017-01-29 08:00:00,Wanliu,9.0,11.077250771379944
2017-01-29 09:00:00,Wanliu,4.0,10.05465234540345
2017-01-29 10:00:00,Wanliu,8.0,7.597565015436213
2017-01-29 11:00:00,Wanliu,8.0,7.943116960620794
2017-01-29 12:00:00,Wanliu,8.0,8.68946617838281
2017-01-29 13:00:00,Wanliu,12.0,8.163236962489307
2017-01-29 14:00:00,Wanliu,9.0,14.985637509292465
2017-01-29 15:00:00,Wanliu,12.0,9.180577582927503
2017-01-29 16:00:00,Wanliu,13.0,12.004265467776953
2017-01-29 17:00:00,Wanliu,9.0,13.405719355760276
2017-01-29 18:00:00,Wanliu,8.0,11.24458300993139
2017-01-29 19:00:00,Wanliu,13.0,9.70628354516735
2017-01-29 20:00:00,Wanliu,9.0,11.711246332865908
2017-01-29 21:00:00,Wanliu,7.0,13.848615053815111
2017-01-29 22:00:00,Wanliu,7.0,12.36451130904411
2017-01-29 23:00:00,Wanliu,6.0,12.010162518894072
2017-01-30 00:00:00,Wanliu,7.0,7.0380499193137
2017-01-30 01:00:00,Wanliu,11.0,7.452618047289493
2017-01-30 02:00:00,Wanliu,6.0,9.880597525958834
2017-01-30 03:00:00,Wanliu,6.0,7.6787539675136935
2017-01-30 04:00:00,Wanliu,4.0,7.61599943644122
2017-01-30 05:00:00,Wanliu,8.0,8.351704104871368
2017-01-30 06:00:00,Wanliu,8.0,8.26402093629763
2017-01-30 07:00:00,Wanliu,7.0,10.598968891573435
2017-01-30 08:00:00,Wanliu,9.0,11.709222339310381
2017-01-30 09:00:00,Wanliu,12.0,12.080446973394306
2017-01-30 10:00:00,Wanliu,7.0,11.815566083519004
2017-01-30 11:00:00,Wanliu,3.0,9.12279718168632
2017-01-30 12:00:00,Wanliu,7.0,9.219484855176233
2017-01-30 13:00:00,Wanliu,8.0,13.285788763930872
2017-01-30 14:00:00,Wanliu,10.0,13.086943612431153
2017-01-30 15:00:00,Wanliu,12.0,14.380782224243559
2017-01-30 16:00:00,Wanliu,62.0,16.504232892778333
2017-01-30 17:00:00,Wanliu,76.0,63.973499687309385
2017-01-30 18:00:00,Wanliu,55.0,79.46568478633637
2017-01-30 19:00:00,Wanliu,61.0,58.79165066990601
2017-01-30 20:00:00,Wanliu,61.0,64.22423182834076
2017-01-30 21:00:00,Wanliu,73.0,69.30028954178015
2017-01-30 22:00:00,Wanliu,79.0,77.74731516601807
2017-01-30 23:00:00,Wanliu,80.0,84.02267970527669
2017-01-31 00:00:00,Wanliu,85.0,90.07833623004083
2017-01-31 01:00:00,Wanliu,95.0,85.51553322870144
2017-01-31 02:00:00,Wanliu,104.0,94.12195877787238
2017-01-31 03:00:00,Wanliu,112.0,101.09378925425712
2017-01-31 04:00:00,Wanliu,98.0,109.89621644618569
2017-01-31 05:00:00,Wanliu,81.0,87.68498076923777
2017-01-31 06:00:00,Wanliu,82.0,76.8439798739961
2017-01-31 07:00:00,Wanliu,89.0,85.61868841798069
2017-01-31 08:00:00,Wanliu,84.0,89.6327595630464
2017-01-31 09:00:00,Wanliu,71.0,85.62902619089112
2017-01-31 10:00:00,Wanliu,68.0,70.54344199896981
2017-01-31 11:00:00,Wanliu,63.0,69.41851662544654
2017-01-31 12:00:00,Wanliu,65.0,63.535236939818866
2017-01-31 13:00:00,Wanliu,74.0,67.90909930205397
2017-01-31 14:00:00,Wanliu,82.0,76.39753500150067
2017-01-31 15:00:00,Wanliu,81.0,82.35706502494854
2017-01-31 16:00:00,Wanliu,3.0,83.42817251322226
2017-01-31 17:00:00,Wanliu,45.0,27.990531038144667
2017-01-31 18:00:00,Wanliu,85.0,69.59292180235913
2017-01-31 19:00:00,Wanliu,113.0,101.64152837355459
2017-01-31 20:00:00,Wanliu,79.0,115.97369383466905
2017-01-31 21:00:00,Wanliu,25.0,68.64424552224185
2017-01-31 22:00:00,Wanliu,3.0,27.855463152591064
2017-01-31 23:00:00,Wanliu,15.0,15.697092833535388
2017-02-01 00:00:00,Wanliu,10.0,15.745102492826119
2017-02-01 01:00:00,Wanliu,7.0,14.552213810064018
2017-02-01 02:00:00,Wanliu,9.0,11.120595939114864
2017-02-01 03:00:00,Wanliu,9.0,10.151864091898052
2017-02-01 04:00:00,Wanliu,9.0,10.378013430530212
2017-02-01 05:00:00,Wanliu,7.0,10.419069440376624
2017-02-01 06:00:00,Wanliu,8.0,10.241023950293883
2017-02-01 07:00:00,Wanliu,8.0,13.27265212246874
2017-02-01 08:00:00,Wanliu,5.0,13.231632358226934
2017-02-01 09:00:00,Wanliu,3.0,9.981871382329766
2017-02-01 10:00:00,Wanliu,10.0,8.674280744467827
2017-02-01 11:00:00,Wanliu,8.0,8.27923524640589
2017-02-01 12:00:00,Wanliu,12.0,8.514131849474715
2017-02-01 13:00:00,Wanliu,11.0,14.974169379436717
2017-02-01 14:00:00,Wanliu,18.0,14.91555536711206
2017-02-01 15:00:00,Wanliu,15.0,20.689833126447866
2017-02-01 16:00:00,Wanliu,25.0,19.25576944360697
2017-02-01 17:00:00,Wanliu,58.0,34.65618499424423
2017-02-01 18:00:00,Wanliu,72.0,61.83566213619277
2017-02-01 19:00:00,Wanliu,109.0,82.46822004254119
2017-02-01 20:00:00,Wanliu,150.0,114.73847211205737
2017-02-01 21:00:00,Wanliu,186.0,155.50742506704344
2017-02-01 22:00:00,Wanliu,182.0,180.13820089777164
2017-02-01 23:00:00,Wanliu,178.0,180.18999578624107
2017-02-02 00:00:00,Wanliu,146.0,181.54914382124784
2017-02-02 01:00:00,Wanliu,103.0,133.4519480247321
2017-02-02 02:00:00,Wanliu,93.0,82.59395734332507
2017-02-02 03:00:00,Wanliu,88.0,95.5916935428172
2017-02-02 04:00:00,Wanliu,77.0,84.75915956455432
2017-02-02 05:00:00,Wanliu,72.0,74.28033431728312
2017-02-02 06:00:00,Wanliu,58.0,64.87819869872315
2017-02-02 07:00:00,Wanliu,55.0,62.29131783838038
2017-02-02 08:00:00,Wanliu,64.0,61.443387627020485
2017-02-02 09:00:00,Wanliu,73.0,65.21457088334564
2017-02-02 10:00:00,Wanliu,58.0,69.22743863822224
2017-02-02 11:00:00,Wanliu,70.0,59.93385626681861
2017-02-02 12:00:00,Wanliu,63.0,73.00365379730833
2017-02-02 13:00:00,Wanliu,64.0,59.612241490259656
2017-02-02 14:00:00,Wanliu,68.0,67.15159276996432
2017-02-02 15:00:00,Wanliu,71.0,71.65131431754514
2017-02-02 16:00:00,Wanliu,80.0,79.35050539426679
2017-02-02 17:00:00,Wanliu,92.0,97.26335301880057
2017-02-02 18:00:00,Wanliu,104.0,107.90332563058097
2017-02-02 19:00:00,Wanliu,134.0,120.90937154882977
2017-02-02 20:00:00,Wanliu,147.0,149.03513191078255
2017-02-02 21:00:00,Wanliu,143.0,155.82981590533052
2017-02-02 22:00:00,Wanliu,143.0,147.1906560309407
2017-02-02 23:00:00,Wanliu,120.0,150.28900803492695
2017-02-03 00:00:00,Wanliu,110.0,108.59150947864639
2017-02-03 01:00:00,Wanliu,109.0,114.61579015243629
2017-02-03 02:00:00,Wanliu,111.0,105.27257014006008
2017-02-03 03:00:00,Wanliu,113.0,108.231142935872
2017-02-03 04:00:00,Wanliu,102.0,109.97503702418113
2017-02-03 05:00:00,Wanliu,102.0,98.49554537861994
2017-02-03 06:00:00,Wanliu,98.0,100.24707060360063
2017-02-03 07:00:00,Wanliu,99.0,99.39251291429056
2017-02-03 08:00:00,Wanliu,100.0,103.24252454308623
2017-02-03 09:00:00,Wanliu,99.0,105.71633507676184
2017-02-03 10:00:00,Wanliu,98.0,95.58476176304426
2017-02-03 11:00:00,Wanliu,108.0,99.25291368812245
2017-02-03 12:00:00,Wanliu,109.0,113.6920392169669
2017-02-03 13:00:00,Wanliu,121.0,114.91181533628139
2017-02-03 14:00:00,Wanliu,131.0,132.75412947526655
2017-02-03 15:00:00,Wanliu,176.0,148.87112791034934
2017-02-03 16:00:00,Wanliu,222.0,189.49821678112608
2017-02-03 17:00:00,Wanliu,243.0,232.95750070924007
2017-02-03 18:00:00,Wanliu,248.0,264.337595970748
2017-02-03 19:00:00,Wanliu,262.0,256.11944916931424
2017-02-03 20:00:00,Wanliu,328.0,261.09830326041157
2017-02-03 21:00:00,Wanliu,352.0,332.5071664407973
2017-02-03 22:00:00,Wanliu,340.0,354.0548803626303
2017-02-03 23:00:00,Wanliu,277.0,309.90811080528914
2017-02-04 00:00:00,Wanliu,213.0,274.01214406136154
2017-02-04 01:00:00,Wanliu,221.0,167.9346532228738
2017-02-04 02:00:00,Wanliu,242.0,211.1709441691283
2017-02-04 03:00:00,Wanliu,249.0,207.04337095491132
2017-02-04 04:00:00,Wanliu,280.0,219.9588645409842
2017-02-04 05:00:00,Wanliu,309.0,258.01881648533873
2017-02-04 06:00:00,Wanliu,295.0,288.5469927833868
2017-02-04 07:00:00,Wanliu,287.0,269.50369326493376
2017-02-04 08:00:00,Wanliu,286.0,263.7258839749891
2017-02-04 09:00:00,Wanliu,272.0,267.9493454193775
2017-02-04 10:00:00,Wanliu,278.0,238.69755511952764
2017-02-04 11:00:00,Wanliu,279.0,251.67307544101993
2017-02-04 12:00:00,Wanliu,269.0,258.6431037135374
2017-02-04 13:00:00,Wanliu,238.0,257.13267040896875
2017-02-04 14:00:00,Wanliu,289.0,229.45240281208805
2017-02-04 15:00:00,Wanliu,295.0,281.8597455788647
2017-02-04 16:00:00,Wanliu,310.0,274.96062375946804
2017-02-04 17:00:00,Wanliu,351.0,301.15647534667374
2017-02-04 18:00:00,Wanliu,331.0,352.8476224544493
2017-02-04 19:00:00,Wanliu,63.0,314.6879618003053
2017-02-04 20:00:00,Wanliu,17.0,45.211632986961575
2017-02-04 21:00:00,Wanliu,15.0,14.880606855016921
2017-02-04 22:00:00,Wanliu,14.0,13.251302649308734
2017-02-04 23:00:00,Wanliu,18.0,18.514535169466118
2017-02-05 00:00:00,Wanliu,21.0,25.006490177601176
2017-02-05 01:00:00,Wanliu,21.0,24.732366281409845
2017-02-05 02:00:00,Wanliu,23.0,28.701385891579076
2017-02-05 03:00:00,Wanliu,26.0,24.62017720943696
2017-02-05 04:00:00,Wanliu,29.0,28.81114109922548
2017-02-05 05:00:00,Wanliu,15.0,31.09571149001204
2017-02-05 06:00:00,Wanliu,13.0,17.843803008440535
2017-02-05 07:00:00,Wanliu,13.0,16.931473075314518
2017-02-05 08:00:00,Wanliu,8.0,19.00849931810253
2017-02-05 09:00:00,Wanliu,9.0,8.117014927708482
2017-02-05 10:00:00,Wanliu,4.0,9.479895235764403
2017-02-05 11:00:00,Wanliu,3.0,7.646571755448141
2017-02-05 12:00:00,Wanliu,6.0,5.975517044370899
2017-02-05 13:00:00,Wanliu,4.0,6.079565528775164
2017-02-05 14:00:00,Wanliu,5.0,5.77997914571638
2017-02-05 15:00:00,Wanliu,14.0,6.353767578096172
2017-02-05 16:00:00,Wanliu,18.0,10.810098495646235
2017-02-05 17:00:00,Wanliu,12.0,17.534959467199723
2017-02-05 18:00:00,Wanliu,10.0,12.57555054545616
2017-02-05 19:00:00,Wanliu,6.0,14.209847967719071
2017-02-05 20:00:00,Wanliu,8.0,7.7842840997223055
2017-02-05 21:00:00,Wanliu,20.0,10.38072997277337
2017-02-05 22:00:00,Wanliu,12.0,21.968927280238386
2017-02-05 23:00:00,Wanliu,14.0,12.212367161067414
2017-02-06 00:00:00,Wanliu,14.0,14.025604778110475
2017-02-06 01:00:00,Wanliu,10.0,13.420047773908337
2017-02-06 02:00:00,Wanliu,4.0,9.446314794626588
2017-02-06 03:00:00,Wanliu,3.0,6.938437054726121
2017-02-06 04:00:00,Wanliu,5.0,5.384175548590328
2017-02-06 05:00:00,Wanliu,9.0,5.496226317794573
2017-02-06 06:00:00,Wanliu,4.0,6.052758869327797
2017-02-06 07:00:00,Wanliu,3.0,5.68524871987009
2017-02-06 08:00:00,Wanliu,7.0,6.148134002567575
2017-02-06 09:00:00,Wanliu,8.0,9.803497647573689
2017-02-06 10:00:00,Wanliu,11.0,6.362067677081448
2017-02-06 11:00:00,Wanliu,5.0,9.992789632560529
2017-02-06 12:00:00,Wanliu,6.0,11.445480352428039
2017-02-06 13:00:00,Wanliu,6.0,7.601428309630796
2017-02-06 14:00:00,Wanliu,4.0,8.335185375568985
2017-02-06 15:00:00,Wanliu,6.0,8.222734665975487
2017-02-06 16:00:00,Wanliu,9.0,14.152292579441518
2017-02-06 17:00:00,Wanliu,20.0,14.929310129672448
2017-02-06 18:00:00,Wanliu,28.0,28.919543038216702
2017-02-06 19:00:00,Wanliu,37.0,37.69066043845233
2017-02-06 20:00:00,Wanliu,37.0,42.89300804473935
2017-02-06 21:00:00,Wanliu,45.0,43.4601614853914
2017-02-06 22:00:00,Wanliu,48.0,47.37593778836529
2017-02-06 23:00:00,Wanliu,49.0,54.073542903230894
2017-02-07 00:00:00,Wanliu,66.0,51.38469582085478
2017-02-07 01:00:00,Wanliu,79.0,75.05719857407205
2017-02-07 02:00:00,Wanliu,85.0,85.83237263420432
2017-02-07 03:00:00,Wanliu,87.0,90.4007212535403
2017-02-07 04:00:00,Wanliu,95.0,91.92318455880974
2017-02-07 05:00:00,Wanliu,100.0,100.41767287595324
2017-02-07 06:00:00,Wanliu,95.0,102.67311832532764
2017-02-07 07:00:00,Wanliu,99.0,102.47356791450692
2017-02-07 08:00:00,Wanliu,99.0,107.06730860720701
2017-02-07 09:00:00,Wanliu,95.0,108.0439989057136
2017-02-07 10:00:00,Wanliu,41.0,104.18756490304486
2017-02-07 11:00:00,Wanliu,40.0,45.14715209741052
2017-02-07 12:00:00,Wanliu,40.0,45.409909243609235
2017-02-07 13:00:00,Wanliu,55.0,49.87370545483346
2017-02-07 14:00:00,Wanliu,58.0,63.338512358387916
2017-02-07 15:00:00,Wanliu,76.0,71.14842071023125
2017-02-07 16:00:00,Wanliu,88.0,90.45583337491931
2017-02-07 17:00:00,Wanliu,101.0,108.03757301901854
2017-02-07 18:00:00,Wanliu,105.0,117.27515424757624
2017-02-07 19:00:00,Wanliu,107.0,117.23981878597154
2017-02-07 20:00:00,Wanliu,110.0,110.1255102665176
2017-02-07 21:00:00,Wanliu,117.0,117.0869538619544
2017-02-07 22:00:00,Wanliu,118.0,123.69736299764352
2017-02-07 23:00:00,Wanliu,115.0,122.5932724852426
2017-02-08 00:00:00,Wanliu,100.0,121.81111067981207
2017-02-08 01:00:00,Wanliu,105.0,99.68136458404592
2017-02-08 02:00:00,Wanliu,114.0,107.92320343337774
2017-02-08 03:00:00,Wanliu,108.0,114.29043469692287
2017-02-08 04:00:00,Wanliu,73.0,106.57682950182867
2017-02-08 05:00:00,Wanliu,22.0,60.422403560820165
2017-02-08 06:00:00,Wanliu,12.0,17.067920914832076
2017-02-08 07:00:00,Wanliu,7.0,9.30881133705329
2017-02-08 08:00:00,Wanliu,7.0,7.461293994655154
2017-02-08 09:00:00,Wanliu,4.0,6.382686111231623
2017-02-08 10:00:00,Wanliu,10.0,6.160617474097132
2017-02-08 11:00:00,Wanliu,7.0,7.817070642569225
2017-02-08 12:00:00,Wanliu,10.0,6.877033061443759
2017-02-08 13:00:00,Wanliu,11.0,7.7629998421566855
2017-02-08 14:00:00,Wanliu,16.0,8.95734319876779
2017-02-08 15:00:00,Wanliu,16.0,13.03771442279556
2017-02-08 16:00:00,Wanliu,7.0,14.17063120816309
2017-02-08 17:00:00,Wanliu,13.0,9.0750623131418
2017-02-08 18:00:00,Wanliu,4.0,11.80643994976881
2017-02-08 19:00:00,Wanliu,9.0,6.840771555594157
2017-02-08 20:00:00,Wanliu,7.0,6.972241981109736
2017-02-08 21:00:00,Wanliu,13.0,6.3578215268754095
2017-02-08 22:00:00,Wanliu,5.0,8.985520737476314
2017-02-08 23:00:00,Wanliu,6.0,6.660796997430471
2017-02-09 00:00:00,Wanliu,8.0,5.669491637683567
2017-02-09 01:00:00,Wanliu,8.0,6.411609873528978
2017-02-09 03:00:00,Wanliu,7.0,2.1368135583490764
2017-02-09 04:00:00,Wanliu,3.0,1.0840989467238338
2017-02-09 05:00:00,Wanliu,3.0,5.209578453135545
2017-02-09 06:00:00,Wanliu,3.0,6.754088016581428
2017-02-09 07:00:00,Wanliu,5.0,13.335334033825381
2017-02-09 08:00:00,Wanliu,6.0,5.249566913377744
2017-02-09 09:00:00,Wanliu,8.0,5.078103594428797
2017-02-09 10:00:00,Wanliu,5.0,5.932103929005073
2017-02-09 11:00:00,Wanliu,6.0,6.3752460359660335
2017-02-09 12:00:00,Wanliu,3.0,5.5077930897519165
2017-02-09 13:00:00,Wanliu,3.0,5.856623338996708
2017-02-09 14:00:00,Wanliu,8.0,9.318720126389403
2017-02-09 15:00:00,Wanliu,5.0,6.491618597164688
2017-02-09 16:00:00,Wanliu,7.0,6.554110374521734
2017-02-09 17:00:00,Wanliu,3.0,7.129858137861664
2017-02-09 18:00:00,Wanliu,8.0,7.456013018817219
2017-02-09 19:00:00,Wanliu,3.0,8.25417293094069
2017-02-09 20:00:00,Wanliu,7.0,8.110687727420526
2017-02-09 21:00:00,Wanliu,5.0,6.683044327456764
2017-02-09 22:00:00,Wanliu,3.0,6.662692801981989
2017-02-09 23:00:00,Wanliu,4.0,5.73302976608974
2017-02-10 00:00:00,Wanliu,5.0,6.327562164560367
2017-02-10 01:00:00,Wanliu,7.0,5.687596742698164
2017-02-10 02:00:00,Wanliu,3.0,5.894980301323819
2017-02-10 03:00:00,Wanliu,3.0,6.055723010434627
2017-02-10 04:00:00,Wanliu,3.0,5.564052349239544
2017-02-10 05:00:00,Wanliu,3.0,6.33208832375498
2017-02-10 06:00:00,Wanliu,3.0,6.191864017679875
2017-02-10 07:00:00,Wanliu,5.0,5.185669887060101
2017-02-10 08:00:00,Wanliu,4.0,5.493548150285983
2017-02-10 09:00:00,Wanliu,3.0,5.568769470808539
2017-02-10 10:00:00,Wanliu,3.0,5.481853246037363
2017-02-10 11:00:00,Wanliu,3.0,5.80747715995202
2017-02-10 12:00:00,Wanliu,3.0,5.865516924425631
2017-02-10 13:00:00,Wanliu,6.0,5.9781098056863335
2017-02-10 14:00:00,Wanliu,3.0,6.057159826561519
2017-02-10 15:00:00,Wanliu,8.0,6.170847071887203
2017-02-10 16:00:00,Wanliu,3.0,7.188872427201404
2017-02-10 17:00:00,Wanliu,4.0,6.565111373287531
2017-02-10 18:00:00,Wanliu,3.0,6.260131566599524
2017-02-10 19:00:00,Wanliu,13.0,7.016753582086173
2017-02-10 20:00:00,Wanliu,11.0,14.357610121524566
2017-02-10 21:00:00,Wanliu,12.0,11.968133222453053
2017-02-10 22:00:00,Wanliu,14.0,12.374483404017736
2017-02-10 23:00:00,Wanliu,22.0,18.823619436945883
2017-02-11 00:00:00,Wanliu,20.0,26.176432051435263
2017-02-11 01:00:00,Wanliu,17.0,22.85132654508518
2017-02-11 02:00:00,Wanliu,12.0,18.946728989211444
2017-02-11 03:00:00,Wanliu,16.0,15.98268486908292
2017-02-11 04:00:00,Wanliu,16.0,22.28318862464111
2017-02-11 05:00:00,Wanliu,21.0,16.757552163769553
2017-02-11 06:00:00,Wanliu,19.0,30.742407990723112
2017-02-11 07:00:00,Wanliu,19.0,30.93253052759904
2017-02-11 08:00:00,Wanliu,21.0,22.38836122724241
2017-02-11 09:00:00,Wanliu,19.0,24.552686977000093
2017-02-11 10:00:00,Wanliu,21.0,20.60316804544373
2017-02-11 11:00:00,Wanliu,15.0,20.688169370235094
2017-02-11 12:00:00,Wanliu,15.0,14.043264963276892
2017-02-11 13:00:00,Wanliu,5.0,12.904492997284127
2017-02-11 14:00:00,Wanliu,5.0,7.519295885965919
2017-02-11 15:00:00,Wanliu,27.0,11.670341655704924
2017-02-11 16:00:00,Wanliu,52.0,34.073426188555125
2017-02-11 17:00:00,Wanliu,47.0,62.06832950211927
2017-02-11 18:00:00,Wanliu,62.0,56.473574405313286
2017-02-11 19:00:00,Wanliu,125.0,72.38992411336449
2017-02-11 20:00:00,Wanliu,175.0,140.71547092137024
2017-02-11 21:00:00,Wanliu,199.0,190.42711631325818
2017-02-11 22:00:00,Wanliu,144.0,198.43494487952452
2017-02-11 23:00:00,Wanliu,153.0,127.99619085161727
2017-02-12 00:00:00,Wanliu,136.0,159.75624853720038
2017-02-12 01:00:00,Wanliu,124.0,135.80283932761964
2017-02-12 02:00:00,Wanliu,138.0,116.46495356748413
2017-02-12 03:00:00,Wanliu,119.0,129.88327440239613
2017-02-12 04:00:00,Wanliu,91.0,107.43834962567477
2017-02-12 05:00:00,Wanliu,72.0,78.1519521644238
2017-02-12 06:00:00,Wanliu,72.0,69.3817364803857
2017-02-12 07:00:00,Wanliu,50.0,71.87911322998839
2017-02-12 08:00:00,Wanliu,57.0,51.55038487130521
2017-02-12 09:00:00,Wanliu,78.0,62.844737441216154
2017-02-12 10:00:00,Wanliu,108.0,84.55044386629257
2017-02-12 11:00:00,Wanliu,89.0,117.50151709184995
2017-02-12 12:00:00,Wanliu,81.0,85.03995190366616
2017-02-12 13:00:00,Wanliu,82.0,82.7363644528526
2017-02-12 14:00:00,Wanliu,91.0,84.6815211776928
2017-02-12 15:00:00,Wanliu,88.0,95.17871329560629
2017-02-12 16:00:00,Wanliu,89.0,90.79105435615361
2017-02-12 17:00:00,Wanliu,98.0,94.41663082192983
2017-02-12 18:00:00,Wanliu,94.0,109.08727159111584
2017-02-12 19:00:00,Wanliu,99.0,102.85343965370875
2017-02-12 20:00:00,Wanliu,130.0,110.07193478746181
2017-02-12 21:00:00,Wanliu,130.0,142.74470356413062
2017-02-12 22:00:00,Wanliu,125.0,135.75712089815536
2017-02-12 23:00:00,Wanliu,153.0,129.39723842605844
2017-02-13 00:00:00,Wanliu,152.0,156.6099154460534
2017-02-13 01:00:00,Wanliu,149.0,161.83082220862283
2017-02-13 02:00:00,Wanliu,125.0,149.38353228500984
2017-02-13 03:00:00,Wanliu,111.0,113.4249822984928
2017-02-13 04:00:00,Wanliu,104.0,105.08422330861804
2017-02-13 05:00:00,Wanliu,97.0,99.48768266081977
2017-02-13 06:00:00,Wanliu,104.0,96.10551621060874
2017-02-13 07:00:00,Wanliu,103.0,105.64923192052356
2017-02-13 08:00:00,Wanliu,87.0,104.25547287098246
2017-02-13 09:00:00,Wanliu,73.0,91.08910464897475
2017-02-13 10:00:00,Wanliu,47.0,75.18749554766299
2017-02-13 11:00:00,Wanliu,17.0,38.848527587311466
2017-02-13 12:00:00,Wanliu,13.0,18.074989517102633
2017-02-13 13:00:00,Wanliu,13.0,12.739100229292154
2017-02-13 14:00:00,Wanliu,14.0,11.66556290500413
2017-02-13 15:00:00,Wanliu,16.0,13.743659433965377
2017-02-13 16:00:00,Wanliu,14.0,20.145263447748388
2017-02-13 17:00:00,Wanliu,22.0,20.64640262514929
2017-02-13 18:00:00,Wanliu,25.0,31.747718885689373
2017-02-13 19:00:00,Wanliu,55.0,36.9430425710616
2017-02-13 20:00:00,Wanliu,90.0,78.75002852932145
2017-02-13 21:00:00,Wanliu,131.0,109.12061922190918
2017-02-13 22:00:00,Wanliu,174.0,144.31905801598018
2017-02-13 23:00:00,Wanliu,183.0,185.62560113492384
2017-02-14 00:00:00,Wanliu,175.0,195.4466716520798
2017-02-14 01:00:00,Wanliu,156.0,176.66806747093182
2017-02-14 02:00:00,Wanliu,165.0,161.3366016772168
2017-02-14 03:00:00,Wanliu,174.0,164.14333861070398
2017-02-14 04:00:00,Wanliu,189.0,173.74424100813877
2017-02-14 05:00:00,Wanliu,177.0,186.86936984617137
2017-02-14 06:00:00,Wanliu,165.0,171.43722838064468
2017-02-14 07:00:00,Wanliu,162.0,167.91701195202245
2017-02-14 08:00:00,Wanliu,165.0,167.46164624476924
2017-02-14 09:00:00,Wanliu,152.0,175.65333570940425
2017-02-14 10:00:00,Wanliu,176.0,161.1478701958488
2017-02-14 11:00:00,Wanliu,183.0,199.5508553174673
2017-02-14 12:00:00,Wanliu,188.0,204.03890658233783
2017-02-14 13:00:00,Wanliu,192.0,207.51376568312588
2017-02-14 14:00:00,Wanliu,200.0,210.10569279294594
2017-02-14 15:00:00,Wanliu,214.0,215.8135846503671
2017-02-14 16:00:00,Wanliu,218.0,223.7030241252596
2017-02-14 17:00:00,Wanliu,202.0,227.26491082235583
2017-02-14 18:00:00,Wanliu,201.0,226.72839842318055
2017-02-14 19:00:00,Wanliu,204.0,221.96129405832866
2017-02-14 20:00:00,Wanliu,211.0,214.23452441315845
2017-02-14 21:00:00,Wanliu,220.0,216.86571764461186
2017-02-14 22:00:00,Wanliu,221.0,238.3475184987592
2017-02-14 23:00:00,Wanliu,222.0,219.33223492378687
2017-02-15 00:00:00,Wanliu,222.0,222.5346211388509
2017-02-15 01:00:00,Wanliu,217.0,222.4178000547937
2017-02-15 02:00:00,Wanliu,222.0,210.92234949147743
2017-02-15 03:00:00,Wanliu,215.0,217.82749791367343
2017-02-15 04:00:00,Wanliu,220.0,205.78319689883523
2017-02-15 05:00:00,Wanliu,221.0,205.48369887589845
2017-02-15 06:00:00,Wanliu,227.0,214.97623169012064
2017-02-15 07:00:00,Wanliu,231.0,224.8725183307418
2017-02-15 08:00:00,Wanliu,227.0,237.55161460811883
2017-02-15 09:00:00,Wanliu,228.0,237.1020362455587
2017-02-15 10:00:00,Wanliu,240.0,226.22767675667413
2017-02-15 11:00:00,Wanliu,244.0,241.88310306685744
2017-02-15 12:00:00,Wanliu,245.0,251.69906708791336
2017-02-15 13:00:00,Wanliu,251.0,251.8909885268888
2017-02-15 14:00:00,Wanliu,259.0,257.7096985560281
2017-02-15 15:00:00,Wanliu,249.0,262.55971248488225
2017-02-15 16:00:00,Wanliu,254.0,244.89846153452118
2017-02-15 17:00:00,Wanliu,268.0,254.7928901646325
2017-02-15 18:00:00,Wanliu,275.0,274.38794697181964
2017-02-15 19:00:00,Wanliu,264.0,289.72254277124523
2017-02-15 20:00:00,Wanliu,263.0,266.2942824046113
2017-02-15 21:00:00,Wanliu,260.0,266.24559442843366
2017-02-15 22:00:00,Wanliu,266.0,262.3945961526149
2017-02-15 23:00:00,Wanliu,266.0,269.924607831585
2017-02-16 00:00:00,Wanliu,264.0,273.2692785358568
2017-02-16 01:00:00,Wanliu,269.0,256.25495180747316
2017-02-16 02:00:00,Wanliu,261.0,261.0938953226478
2017-02-16 04:00:00,Wanliu,256.0,269.49479556911206
2017-02-16 05:00:00,Wanliu,254.0,246.88083527294796
2017-02-16 06:00:00,Wanliu,247.0,240.81413545167555
2017-02-16 07:00:00,Wanliu,231.0,245.70600423945288
2017-02-16 08:00:00,Wanliu,199.0,230.5090609443711
2017-02-16 09:00:00,Wanliu,116.0,167.3612538406451
2017-02-16 10:00:00,Wanliu,67.0,65.90426757886858
2017-02-16 11:00:00,Wanliu,25.0,32.69869349415886
2017-02-16 12:00:00,Wanliu,16.0,23.737669271730432
2017-02-16 13:00:00,Wanliu,12.0,17.164220729274902
2017-02-16 14:00:00,Wanliu,8.0,10.562731629668638
2017-02-16 15:00:00,Wanliu,5.0,7.879190543504474
2017-02-16 16:00:00,Wanliu,10.0,6.9303450140562655
2017-02-16 17:00:00,Wanliu,8.0,10.91560478249636
2017-02-16 18:00:00,Wanliu,13.0,12.19907731277919
2017-02-16 19:00:00,Wanliu,10.0,13.209273239625784
2017-02-16 20:00:00,Wanliu,7.0,9.253679591292688
2017-02-16 21:00:00,Wanliu,9.0,6.718464939357834
2017-02-16 22:00:00,Wanliu,5.0,7.209184849209543
2017-02-16 23:00:00,Wanliu,3.0,6.488190701800767
2017-02-17 00:00:00,Wanliu,4.0,5.7581298454064225
2017-02-17 01:00:00,Wanliu,4.0,5.390043590156343
2017-02-17 02:00:00,Wanliu,11.0,5.905124711752388
2017-02-17 03:00:00,Wanliu,14.0,10.116461914668328
2017-02-17 04:00:00,Wanliu,10.0,16.029982538866307
2017-02-17 05:00:00,Wanliu,11.0,9.786483757415615
2017-02-17 06:00:00,Wanliu,11.0,9.81498171309306
2017-02-17 07:00:00,Wanliu,10.0,9.996606542650973
2017-02-17 08:00:00,Wanliu,6.0,11.93862933690088
2017-02-17 09:00:00,Wanliu,3.0,11.070163251375456
2017-02-17 10:00:00,Wanliu,3.0,5.756449701558138
2017-02-17 11:00:00,Wanliu,6.0,5.3626864480354355
2017-02-17 12:00:00,Wanliu,3.0,5.449370215649439
2017-02-17 13:00:00,Wanliu,3.0,5.26272818985262
2017-02-17 14:00:00,Wanliu,9.0,10.267809298853985
2017-02-17 15:00:00,Wanliu,18.0,12.476240397428672
2017-02-17 16:00:00,Wanliu,42.0,23.130264789055865
2017-02-17 17:00:00,Wanliu,59.0,51.61214429946223
2017-02-17 18:00:00,Wanliu,67.0,76.66257687720962
2017-02-17 19:00:00,Wanliu,61.0,82.68868767787764
2017-02-17 20:00:00,Wanliu,54.0,67.55962458635898
2017-02-17 21:00:00,Wanliu,49.0,59.046129030153224
2017-02-17 22:00:00,Wanliu,51.0,54.06454721131213
2017-02-17 23:00:00,Wanliu,54.0,58.68621203220429
2017-02-18 00:00:00,Wanliu,69.0,63.305229730741836
2017-02-18 01:00:00,Wanliu,82.0,78.25303506194105
2017-02-18 02:00:00,Wanliu,69.0,83.44580502582382
2017-02-18 03:00:00,Wanliu,79.0,68.34125442323521
2017-02-18 04:00:00,Wanliu,64.0,78.85477687741378
2017-02-18 05:00:00,Wanliu,67.0,63.40676573658954
2017-02-18 06:00:00,Wanliu,60.0,69.26638275599544
2017-02-18 07:00:00,Wanliu,64.0,63.48007814878405
2017-02-18 08:00:00,Wanliu,74.0,68.84233710365307
2017-02-18 09:00:00,Wanliu,82.0,80.73645968563143
2017-02-18 10:00:00,Wanliu,85.0,81.77227631520375
2017-02-18 11:00:00,Wanliu,87.0,78.6356927628959
2017-02-18 12:00:00,Wanliu,82.0,85.0531464933808
2017-02-18 13:00:00,Wanliu,83.0,81.2090529887286
2017-02-18 14:00:00,Wanliu,90.0,84.66550945333643
2017-02-18 15:00:00,Wanliu,97.0,97.92315242389634
2017-02-18 16:00:00,Wanliu,83.0,101.42356743591174
2017-02-18 17:00:00,Wanliu,74.0,86.49523721141155
2017-02-18 18:00:00,Wanliu,110.0,82.93296185791614
2017-02-18 19:00:00,Wanliu,142.0,127.72483002833805
2017-02-18 20:00:00,Wanliu,158.0,160.4924840851274
2017-02-18 21:00:00,Wanliu,116.0,170.24937788529363
2017-02-18 22:00:00,Wanliu,125.0,104.36171541443997
2017-02-18 23:00:00,Wanliu,123.0,129.4328039204382
2017-02-19 00:00:00,Wanliu,129.0,141.0779592717509
2017-02-19 01:00:00,Wanliu,132.0,132.006541725603
2017-02-19 02:00:00,Wanliu,137.0,136.3073186153867
2017-02-19 03:00:00,Wanliu,149.0,139.45965902618448
2017-02-19 04:00:00,Wanliu,151.0,150.44229255421192
2017-02-19 05:00:00,Wanliu,145.0,152.0426739093631
2017-02-19 06:00:00,Wanliu,154.0,149.28909774744184
2017-02-19 07:00:00,Wanliu,148.0,161.14759606394367
2017-02-19 08:00:00,Wanliu,151.0,153.37338874615682
2017-02-19 09:00:00,Wanliu,147.0,161.01147046815584
2017-02-19 10:00:00,Wanliu,155.0,150.08481755661356
2017-02-19 11:00:00,Wanliu,166.0,148.31454321589555
2017-02-19 12:00:00,Wanliu,176.0,165.95270409181518
2017-02-19 13:00:00,Wanliu,142.0,171.89684609967483
2017-02-19 14:00:00,Wanliu,56.0,107.13037187579596
2017-02-19 15:00:00,Wanliu,12.0,28.02339948763596
2017-02-19 16:00:00,Wanliu,9.0,10.265888062568035
2017-02-19 17:00:00,Wanliu,5.0,10.341235895202795
2017-02-19 18:00:00,Wanliu,8.0,8.560349116726155
2017-02-19 19:00:00,Wanliu,15.0,9.808504681053162
2017-02-19 20:00:00,Wanliu,10.0,13.297209498966172
2017-02-19 21:00:00,Wanliu,10.0,9.411294250371645
2017-02-19 22:00:00,Wanliu,8.0,9.92889653097063
2017-02-19 23:00:00,Wanliu,4.0,7.495801981592115
2017-02-20 00:00:00,Wanliu,6.0,6.953780893972707
2017-02-20 01:00:00,Wanliu,6.0,6.258473126770074
2017-02-20 02:00:00,Wanliu,3.0,7.977374636643387
2017-02-20 03:00:00,Wanliu,3.0,7.218936895007744
2017-02-20 04:00:00,Wanliu,8.0,7.093162114414606
2017-02-20 05:00:00,Wanliu,6.0,8.34084409718894
2017-02-20 06:00:00,Wanliu,4.0,7.758881774692353
2017-02-20 07:00:00,Wanliu,10.0,5.299062371153692
2017-02-20 08:00:00,Wanliu,10.0,8.315831444628722
2017-02-20 09:00:00,Wanliu,10.0,10.436735611275223
2017-02-20 10:00:00,Wanliu,4.0,10.87521574421169
2017-02-20 11:00:00,Wanliu,9.0,6.444701435823445
2017-02-20 12:00:00,Wanliu,9.0,7.447068918154808
2017-02-20 13:00:00,Wanliu,7.0,8.027469948995968
2017-02-20 16:00:00,Wanliu,9.0,22.571984851265082
2017-02-20 18:00:00,Wanliu,20.0,39.00158511044691
2017-02-20 19:00:00,Wanliu,16.0,29.46577136330712
2017-02-20 20:00:00,Wanliu,18.0,29.26926457821479
2017-02-20 21:00:00,Wanliu,26.0,26.748388505730603
2017-02-20 22:00:00,Wanliu,33.0,32.25987536536237
2017-02-21 01:00:00,Wanliu,39.0,80.60627273277521
2017-02-21 02:00:00,Wanliu,54.0,36.88251110711335
2017-02-21 05:00:00,Wanliu,89.0,50.858417295720365
2017-02-21 08:00:00,Wanliu,85.0,60.47889705150708
2017-02-21 09:00:00,Wanliu,86.0,90.59283719696872
2017-02-21 11:00:00,Wanliu,100.0,76.9354397545339
2017-02-21 13:00:00,Wanliu,31.0,111.70616917575073
2017-02-21 14:00:00,Wanliu,25.0,35.847778389644596
2017-02-21 15:00:00,Wanliu,27.0,30.329220677033426
2017-02-21 16:00:00,Wanliu,23.0,34.44789263973909
2017-02-21 17:00:00,Wanliu,23.0,31.958213051041906
2017-02-21 18:00:00,Wanliu,33.0,34.9410114703622
2017-02-21 19:00:00,Wanliu,47.0,48.93518538932895
2017-02-21 20:00:00,Wanliu,60.0,59.442708147020824
2017-02-21 21:00:00,Wanliu,63.0,70.38052823905795
2017-02-21 22:00:00,Wanliu,60.0,71.15047137781528
2017-02-21 23:00:00,Wanliu,64.0,67.96256971386097
2017-02-22 00:00:00,Wanliu,80.0,68.84688363762679
2017-02-22 01:00:00,Wanliu,86.0,83.69604612106451
2017-02-22 02:00:00,Wanliu,87.0,89.65087602214193
2017-02-22 03:00:00,Wanliu,92.0,89.21098042518999
2017-02-22 04:00:00,Wanliu,91.0,96.39382443869138
2017-02-22 05:00:00,Wanliu,89.0,93.81678187852013
2017-02-22 06:00:00,Wanliu,92.0,88.4417491076844
2017-02-22 07:00:00,Wanliu,97.0,98.82806059569046
2017-02-22 08:00:00,Wanliu,102.0,105.29905048562763
2017-02-22 09:00:00,Wanliu,114.0,107.09999802244873
2017-02-22 11:00:00,Wanliu,54.0,79.01288783717045
2017-02-22 12:00:00,Wanliu,136.0,85.89793774296707
2017-02-22 13:00:00,Wanliu,141.0,144.5820929246374
2017-02-22 14:00:00,Wanliu,137.0,155.00170635649678
2017-02-22 15:00:00,Wanliu,131.0,149.99444492451548
2017-02-22 16:00:00,Wanliu,22.0,143.2802651677377
2017-02-22 17:00:00,Wanliu,4.0,6.385454823504464
2017-02-22 18:00:00,Wanliu,4.0,9.06690259084648
2017-02-22 19:00:00,Wanliu,6.0,6.991479189027911
2017-02-22 20:00:00,Wanliu,7.0,11.477590531209115
2017-02-22 21:00:00,Wanliu,6.0,11.023973367380384
2017-02-22 22:00:00,Wanliu,10.0,10.866056185850095
2017-02-22 23:00:00,Wanliu,10.0,13.011719473421783
2017-02-23 00:00:00,Wanliu,11.0,14.064092183012928
2017-02-23 01:00:00,Wanliu,10.0,14.916280470737165
2017-02-23 02:00:00,Wanliu,12.0,12.396440336883716
2017-02-23 03:00:00,Wanliu,14.0,12.693279249190239
2017-02-23 04:00:00,Wanliu,15.0,14.477654718478435
2017-02-23 05:00:00,Wanliu,12.0,15.483306401769738
2017-02-23 06:00:00,Wanliu,10.0,15.807745880580429
2017-02-23 07:00:00,Wanliu,21.0,13.199148351021421
2017-02-23 08:00:00,Wanliu,20.0,25.813967892107243
2017-02-23 09:00:00,Wanliu,19.0,25.933539728169784
2017-02-23 10:00:00,Wanliu,12.0,28.27244083213942
2017-02-23 11:00:00,Wanliu,7.0,19.206078489965464
2017-02-23 12:00:00,Wanliu,11.0,18.963989359559736
2017-02-23 13:00:00,Wanliu,3.0,14.065521670014252
2017-02-23 14:00:00,Wanliu,25.0,11.781500569052412
2017-02-23 15:00:00,Wanliu,26.0,34.78372881617924
2017-02-23 16:00:00,Wanliu,15.0,35.35870772016056
2017-02-23 17:00:00,Wanliu,8.0,13.706893598173124
2017-02-23 18:00:00,Wanliu,10.0,13.28161499279476
2017-02-23 19:00:00,Wanliu,11.0,22.582756431874383
2017-02-23 20:00:00,Wanliu,20.0,23.556503118153042
2017-02-23 21:00:00,Wanliu,34.0,37.68982959802868
2017-02-23 22:00:00,Wanliu,46.0,45.10242085317982
2017-02-23 23:00:00,Wanliu,53.0,51.958024592979505
2017-02-24 00:00:00,Wanliu,51.0,58.96979305744856
2017-02-24 01:00:00,Wanliu,38.0,59.02911065599272
2017-02-24 02:00:00,Wanliu,26.0,38.58821308079936
2017-02-24 03:00:00,Wanliu,21.0,29.28862281161556
2017-02-24 04:00:00,Wanliu,27.0,24.806206066435355
2017-02-24 05:00:00,Wanliu,31.0,30.197595909873353
2017-02-24 06:00:00,Wanliu,34.0,34.6181249333226
2017-02-24 07:00:00,Wanliu,34.0,41.862977867010216
2017-02-24 08:00:00,Wanliu,18.0,44.47412770225081
2017-02-24 09:00:00,Wanliu,18.0,23.23341129192222
2017-02-24 10:00:00,Wanliu,14.0,22.881871366272396
2017-02-24 11:00:00,Wanliu,13.0,20.029078898798975
2017-02-24 12:00:00,Wanliu,13.0,21.750447347793394
2017-02-24 13:00:00,Wanliu,19.0,21.509294062421855
2017-02-24 14:00:00,Wanliu,20.0,26.379653852852854
2017-02-24 15:00:00,Wanliu,12.0,30.062001890582447
2017-02-24 16:00:00,Wanliu,15.0,16.92239765277935
2017-02-24 17:00:00,Wanliu,11.0,20.894147916683725
2017-02-24 18:00:00,Wanliu,11.0,18.33783224497883
2017-02-24 19:00:00,Wanliu,8.0,16.54021646893327
2017-02-24 20:00:00,Wanliu,6.0,15.917770790548827
2017-02-24 21:00:00,Wanliu,11.0,16.381013609772207
2017-02-24 22:00:00,Wanliu,11.0,19.138505792959805
2017-02-24 23:00:00,Wanliu,3.0,15.985890188759928
2017-02-25 00:00:00,Wanliu,7.0,16.213957580061564
2017-02-25 01:00:00,Wanliu,3.0,14.80989137291283
2017-02-25 02:00:00,Wanliu,4.0,14.69710320441666
2017-02-25 03:00:00,Wanliu,6.0,12.164953402956325
2017-02-25 04:00:00,Wanliu,5.0,17.854842156371337
2017-02-25 05:00:00,Wanliu,3.0,9.534919448860927
2017-02-25 06:00:00,Wanliu,5.0,10.028445383133764
2017-02-25 07:00:00,Wanliu,20.0,15.564770879916118
2017-02-25 08:00:00,Wanliu,11.0,27.837702317203817
2017-02-25 09:00:00,Wanliu,9.0,20.039237320508235
2017-02-25 10:00:00,Wanliu,11.0,13.16467713683588
2017-02-25 11:00:00,Wanliu,5.0,20.325223793263028
2017-02-25 12:00:00,Wanliu,5.0,11.771902497013553
2017-02-25 13:00:00,Wanliu,5.0,11.316042519707912
2017-02-25 14:00:00,Wanliu,8.0,11.367905886825639
2017-02-25 15:00:00,Wanliu,7.0,14.878526066165197
2017-02-25 16:00:00,Wanliu,7.0,14.165913595345591
2017-02-25 17:00:00,Wanliu,8.0,11.374777513251221
2017-02-25 18:00:00,Wanliu,9.0,13.81455109747275
2017-02-25 19:00:00,Wanliu,12.0,15.52426913211018
2017-02-25 20:00:00,Wanliu,13.0,19.413583620924122
2017-02-25 21:00:00,Wanliu,19.0,19.309981672354866
2017-02-25 22:00:00,Wanliu,13.0,28.657911065242036
2017-02-25 23:00:00,Wanliu,16.0,19.35751610367103
2017-02-26 00:00:00,Wanliu,22.0,23.8659942786062
2017-02-26 01:00:00,Wanliu,15.0,26.94542709886721
2017-02-26 02:00:00,Wanliu,17.0,20.30301499001817
2017-02-26 03:00:00,Wanliu,13.0,21.885559127828216
2017-02-26 04:00:00,Wanliu,16.0,18.51194560767193
2017-02-26 05:00:00,Wanliu,20.0,22.37653871413966
2017-02-26 06:00:00,Wanliu,25.0,24.866666604834542
2017-02-26 07:00:00,Wanliu,28.0,30.61815935980807
2017-02-26 08:00:00,Wanliu,31.0,41.007827168013996
2017-02-26 09:00:00,Wanliu,32.0,38.40745708990656
2017-02-26 10:00:00,Wanliu,25.0,38.0365802190791
2017-02-26 11:00:00,Wanliu,24.0,32.6880330672223
2017-02-26 12:00:00,Wanliu,23.0,31.787771350947846
2017-02-26 13:00:00,Wanliu,23.0,30.467050343215828
2017-02-26 14:00:00,Wanliu,31.0,30.762257263823912
2017-02-26 15:00:00,Wanliu,28.0,38.80956961491984
2017-02-26 16:00:00,Wanliu,26.0,38.002456521667675
2017-02-26 17:00:00,Wanliu,30.0,35.74024685906647
2017-02-26 18:00:00,Wanliu,34.0,40.79886523624066
2017-02-26 19:00:00,Wanliu,32.0,44.98289585064355
2017-02-26 20:00:00,Wanliu,41.0,48.47708695532467
2017-02-26 21:00:00,Wanliu,49.0,49.51105666612973
2017-02-26 22:00:00,Wanliu,50.0,56.36039369102499
2017-02-26 23:00:00,Wanliu,58.0,61.503981220204366
2017-02-27 00:00:00,Wanliu,58.0,72.28697956245854
2017-02-27 01:00:00,Wanliu,60.0,69.29357056944318
2017-02-27 02:00:00,Wanliu,62.0,61.648273014255906
2017-02-27 03:00:00,Wanliu,61.0,62.90147099122058
2017-02-27 04:00:00,Wanliu,68.0,56.27313754939202
2017-02-27 05:00:00,Wanliu,68.0,67.00738086385914
2017-02-27 06:00:00,Wanliu,64.0,68.27135740365242
2017-02-27 07:00:00,Wanliu,77.0,71.44920630884017
2017-02-27 08:00:00,Wanliu,69.0,85.45036039671041
2017-02-27 09:00:00,Wanliu,65.0,65.98004360560105
2017-02-27 10:00:00,Wanliu,65.0,64.76146182469235
2017-02-27 11:00:00,Wanliu,58.0,61.615743574002245
2017-02-27 12:00:00,Wanliu,74.0,64.74051427528683
2017-02-27 13:00:00,Wanliu,98.0,83.43143624658046
2017-02-27 14:00:00,Wanliu,98.0,98.60707234048643
2017-02-27 15:00:00,Wanliu,67.0,98.77923708218827
2017-02-27 16:00:00,Wanliu,54.0,57.68939793621131
2017-02-27 17:00:00,Wanliu,49.0,54.61130891669974
2017-02-27 18:00:00,Wanliu,48.0,57.9309797315984
2017-02-27 19:00:00,Wanliu,48.0,59.55001979230344
2017-02-27 20:00:00,Wanliu,65.0,63.342097308733216
2017-02-27 21:00:00,Wanliu,62.0,85.58140770897889
2017-02-27 22:00:00,Wanliu,40.0,58.34304840689786
2017-02-27 23:00:00,Wanliu,20.0,40.35929909498191
2017-02-28 00:00:00,Wanliu,21.0,26.27576060702584
2017-02-28 01:00:00,Wanliu,16.0,25.929047287726135
2017-02-28 02:00:00,Wanliu,16.0,23.281323061576657
2017-02-28 03:00:00,Wanliu,12.0,20.649878114907647
2017-02-28 04:00:00,Wanliu,9.0,17.421252154898735
2017-02-28 05:00:00,Wanliu,12.0,14.660917704946105
2017-02-28 06:00:00,Wanliu,10.0,18.67127821384235
2017-02-28 07:00:00,Wanliu,10.0,18.085696376343908
2017-02-28 08:00:00,Wanliu,6.0,18.79912014909855
2017-02-28 09:00:00,Wanliu,6.0,13.62431518278548
2017-02-28 10:00:00,Wanliu,3.0,11.481396654308508
2017-02-28 11:00:00,Wanliu,3.0,11.226544263704
2017-02-28 12:00:00,Wanliu,3.0,10.102425405562505
2017-02-28 13:00:00,Wanliu,3.0,5.7128939902729705
2017-02-28 14:00:00,Wanliu,5.0,6.397139777115186
2017-02-28 15:00:00,Wanliu,9.0,9.33243330486069
2017-02-28 16:00:00,Wanliu,11.0,7.684996156830803
2017-02-28 17:00:00,Wanliu,6.0,12.730073567172392
2017-02-28 18:00:00,Wanliu,11.0,11.092935757343778
2017-02-28 19:00:00,Wanliu,15.0,10.568138930511793
2017-02-28 20:00:00,Wanliu,13.0,25.523676848251785
2017-02-28 21:00:00,Wanliu,12.0,18.094046494291682
2017-02-28 22:00:00,Wanliu,7.0,18.197321480152592
2017-01-01 00:00:00,Wanshouxigong,406.0,370.950367755896
2017-01-01 01:00:00,Wanshouxigong,388.0,383.7766130020903
2017-01-01 02:00:00,Wanshouxigong,380.0,372.17797781027195
2017-01-01 03:00:00,Wanshouxigong,372.0,354.5592777841983
2017-01-01 04:00:00,Wanshouxigong,380.0,335.02990871216144
2017-01-01 05:00:00,Wanshouxigong,389.0,373.5192112165014
2017-01-01 06:00:00,Wanshouxigong,401.0,379.2677147485128
2017-01-01 07:00:00,Wanshouxigong,396.0,375.61040777467394
2017-01-01 08:00:00,Wanshouxigong,403.0,384.12711345187654
2017-01-01 09:00:00,Wanshouxigong,430.0,397.77198115369447
2017-01-01 10:00:00,Wanshouxigong,493.0,404.2032257229811
2017-01-01 11:00:00,Wanshouxigong,532.0,512.4197317274661
2017-01-01 12:00:00,Wanshouxigong,541.0,515.0741749076115
2017-01-01 13:00:00,Wanshouxigong,552.0,516.2168075884254
2017-01-01 14:00:00,Wanshouxigong,533.0,532.5788537118932
2017-01-01 15:00:00,Wanshouxigong,521.0,515.3413836867388
2017-01-01 16:00:00,Wanshouxigong,495.0,494.0967328979392
2017-01-01 17:00:00,Wanshouxigong,481.0,451.07014117595355
2017-01-01 18:00:00,Wanshouxigong,469.0,521.33821109032
2017-01-01 19:00:00,Wanshouxigong,453.0,461.49212019278434
2017-01-01 20:00:00,Wanshouxigong,442.0,493.5763657856203
2017-01-01 21:00:00,Wanshouxigong,416.0,438.5732505616554
2017-01-01 22:00:00,Wanshouxigong,403.0,410.04161665200337
2017-01-01 23:00:00,Wanshouxigong,389.0,404.0515979060427
2017-01-02 00:00:00,Wanshouxigong,403.0,390.1131695687683
2017-01-02 01:00:00,Wanshouxigong,413.0,377.31454980082464
2017-01-02 02:00:00,Wanshouxigong,422.0,374.2598054932148
2017-01-02 03:00:00,Wanshouxigong,325.0,372.7234415060873
2017-01-02 04:00:00,Wanshouxigong,148.0,291.6957282025336
2017-01-02 05:00:00,Wanshouxigong,78.0,94.17868683931535
2017-01-02 06:00:00,Wanshouxigong,50.0,65.12070629126269
2017-01-02 07:00:00,Wanshouxigong,56.0,60.25471039942876
2017-01-02 08:00:00,Wanshouxigong,208.0,57.93667333506937
2017-01-02 09:00:00,Wanshouxigong,362.0,213.17976779341836
2017-01-02 10:00:00,Wanshouxigong,419.0,374.3539518937724
2017-01-02 11:00:00,Wanshouxigong,361.0,310.1925943153197
2017-01-02 12:00:00,Wanshouxigong,350.0,318.63716138054434
2017-01-02 13:00:00,Wanshouxigong,316.0,287.8295170244485
2017-01-02 14:00:00,Wanshouxigong,297.0,287.8999479895044
2017-01-02 15:00:00,Wanshouxigong,260.0,288.6491047611285
2017-01-02 16:00:00,Wanshouxigong,245.0,236.8240859999197
2017-01-02 17:00:00,Wanshouxigong,204.0,241.45736260684868
2017-01-02 18:00:00,Wanshouxigong,195.0,185.14719158297876
2017-01-02 19:00:00,Wanshouxigong,176.0,205.47517474890097
2017-01-02 20:00:00,Wanshouxigong,194.0,177.88446012387902
2017-01-02 21:00:00,Wanshouxigong,275.0,203.2176654583228
2017-01-02 22:00:00,Wanshouxigong,308.0,275.54941641767346
2017-01-02 23:00:00,Wanshouxigong,325.0,296.73588554875164
2017-01-03 00:00:00,Wanshouxigong,365.0,326.7954818345435
2017-01-03 01:00:00,Wanshouxigong,371.0,348.2612225464292
2017-01-03 02:00:00,Wanshouxigong,331.0,345.59093522567264
2017-01-03 03:00:00,Wanshouxigong,278.0,306.719605726762
2017-01-03 04:00:00,Wanshouxigong,301.0,247.1210740277847
2017-01-03 05:00:00,Wanshouxigong,325.0,285.3857682498158
2017-01-03 06:00:00,Wanshouxigong,315.0,322.34141077794885
2017-01-03 07:00:00,Wanshouxigong,291.0,304.78671033719706
2017-01-03 08:00:00,Wanshouxigong,289.0,270.44469937373424
2017-01-03 09:00:00,Wanshouxigong,343.0,293.5862113416553
2017-01-03 10:00:00,Wanshouxigong,290.0,345.0532678652823
2017-01-03 11:00:00,Wanshouxigong,285.0,248.3669103322089
2017-01-03 12:00:00,Wanshouxigong,271.0,288.5978554031228
2017-01-03 13:00:00,Wanshouxigong,267.0,266.4687707496572
2017-01-03 14:00:00,Wanshouxigong,380.0,267.1160924154134
2017-01-03 15:00:00,Wanshouxigong,438.0,407.7492773281552
2017-01-03 16:00:00,Wanshouxigong,399.0,412.76892004132986
2017-01-03 17:00:00,Wanshouxigong,425.0,399.54731299565395
2017-01-03 18:00:00,Wanshouxigong,519.0,417.5097342447408
2017-01-03 19:00:00,Wanshouxigong,579.0,540.6987928176173
2017-01-03 20:00:00,Wanshouxigong,589.0,525.1442557351702
2017-01-03 21:00:00,Wanshouxigong,595.0,536.9698081403512
2017-01-03 22:00:00,Wanshouxigong,595.0,556.8751227841313
2017-01-03 23:00:00,Wanshouxigong,610.0,518.370237327932
2017-01-04 00:00:00,Wanshouxigong,630.0,517.9904394715649
2017-01-04 01:00:00,Wanshouxigong,634.0,508.70067953412183
2017-01-04 02:00:00,Wanshouxigong,618.0,505.4620388292872
2017-01-04 03:00:00,Wanshouxigong,608.0,498.0000550945716
2017-01-04 04:00:00,Wanshouxigong,580.0,495.5307316973718
2017-01-04 05:00:00,Wanshouxigong,557.0,485.52960708466065
2017-01-04 06:00:00,Wanshouxigong,504.0,488.4226180480278
2017-01-04 07:00:00,Wanshouxigong,280.0,441.9917201621893
2017-01-04 08:00:00,Wanshouxigong,237.0,228.60774305049958
2017-01-04 09:00:00,Wanshouxigong,462.0,257.0466797057849
2017-01-04 10:00:00,Wanshouxigong,529.0,557.0516494595254
2017-01-04 11:00:00,Wanshouxigong,621.0,449.12529186884876
2017-01-04 12:00:00,Wanshouxigong,3.0,437.680372981057
2017-01-04 13:00:00,Wanshouxigong,144.0,72.51647439809577
2017-01-04 14:00:00,Wanshouxigong,403.0,262.23668752540664
2017-01-04 15:00:00,Wanshouxigong,363.0,420.767799522307
2017-01-04 16:00:00,Wanshouxigong,394.0,337.59684459898943
2017-01-04 17:00:00,Wanshouxigong,348.0,417.62647468866027
2017-01-04 18:00:00,Wanshouxigong,369.0,382.3663296569609
2017-01-04 19:00:00,Wanshouxigong,411.0,379.18335619431446
2017-01-04 20:00:00,Wanshouxigong,375.0,412.0585498173663
2017-01-04 21:00:00,Wanshouxigong,386.0,361.1969897308306
2017-01-04 22:00:00,Wanshouxigong,330.0,377.6403680794584
2017-01-04 23:00:00,Wanshouxigong,264.0,322.077436133036
2017-01-05 00:00:00,Wanshouxigong,175.0,236.58660456020556
2017-01-05 01:00:00,Wanshouxigong,162.0,153.4377569546832
2017-01-05 02:00:00,Wanshouxigong,178.0,171.128461118765
2017-01-05 03:00:00,Wanshouxigong,191.0,183.99233667174852
2017-01-05 04:00:00,Wanshouxigong,228.0,194.2433414197003
2017-01-05 05:00:00,Wanshouxigong,283.0,222.68782486451477
2017-01-05 06:00:00,Wanshouxigong,292.0,303.8040611216296
2017-01-05 07:00:00,Wanshouxigong,271.0,296.4671888439234
2017-01-05 08:00:00,Wanshouxigong,262.0,291.74228157642347
2017-01-05 09:00:00,Wanshouxigong,275.0,293.5129194769262
2017-01-05 10:00:00,Wanshouxigong,278.0,309.4398059814401
2017-01-05 11:00:00,Wanshouxigong,262.0,301.0952836611668
2017-01-05 12:00:00,Wanshouxigong,223.0,279.1336010479357
2017-01-05 13:00:00,Wanshouxigong,204.0,223.68240338688534
2017-01-05 14:00:00,Wanshouxigong,189.0,218.2644743564783
2017-01-05 15:00:00,Wanshouxigong,193.0,202.66342521099602
2017-01-05 16:00:00,Wanshouxigong,189.0,213.50692027846299
2017-01-05 17:00:00,Wanshouxigong,196.0,218.02548190262013
2017-01-05 18:00:00,Wanshouxigong,197.0,223.7173460458306
2017-01-05 19:00:00,Wanshouxigong,200.0,220.8135906666265
2017-01-05 20:00:00,Wanshouxigong,196.0,212.2072837567193
2017-01-05 21:00:00,Wanshouxigong,205.0,212.60820749043012
2017-01-05 22:00:00,Wanshouxigong,198.0,211.13511525511493
2017-01-05 23:00:00,Wanshouxigong,190.0,197.80138056395344
2017-01-06 00:00:00,Wanshouxigong,204.0,198.8024803507881
2017-01-06 01:00:00,Wanshouxigong,203.0,208.13753824985545
2017-01-06 02:00:00,Wanshouxigong,187.0,217.82649839306694
2017-01-06 03:00:00,Wanshouxigong,172.0,189.2417796190236
2017-01-06 04:00:00,Wanshouxigong,150.0,173.56297061463943
2017-01-06 05:00:00,Wanshouxigong,143.0,153.32691392293387
2017-01-06 06:00:00,Wanshouxigong,182.0,145.32531766224068
2017-01-06 07:00:00,Wanshouxigong,192.0,191.82478370646257
2017-01-06 08:00:00,Wanshouxigong,201.0,208.9682418001659
2017-01-06 09:00:00,Wanshouxigong,219.0,234.14729654748956
2017-01-06 10:00:00,Wanshouxigong,217.0,255.15445648822853
2017-01-06 11:00:00,Wanshouxigong,232.0,243.16264718243667
2017-01-06 12:00:00,Wanshouxigong,234.0,259.01263922870527
2017-01-06 13:00:00,Wanshouxigong,232.0,261.1899521418407
2017-01-06 14:00:00,Wanshouxigong,202.0,250.11395557510536
2017-01-06 15:00:00,Wanshouxigong,187.0,211.66989723928097
2017-01-06 16:00:00,Wanshouxigong,213.0,196.60491640362622
2017-01-06 17:00:00,Wanshouxigong,213.0,230.91745975709568
2017-01-06 18:00:00,Wanshouxigong,209.0,237.86176876907604
2017-01-06 19:00:00,Wanshouxigong,219.0,234.13876894864148
2017-01-06 20:00:00,Wanshouxigong,222.0,230.9067675225395
2017-01-06 21:00:00,Wanshouxigong,230.0,233.34026014221135
2017-01-06 22:00:00,Wanshouxigong,233.0,237.61588882363557
2017-01-06 23:00:00,Wanshouxigong,217.0,243.28012521320693
2017-01-07 00:00:00,Wanshouxigong,231.0,225.92914298582056
2017-01-07 01:00:00,Wanshouxigong,233.0,241.60326509891485
2017-01-07 02:00:00,Wanshouxigong,228.0,235.9545741336252
2017-01-07 03:00:00,Wanshouxigong,225.0,227.47911687988108
2017-01-07 04:00:00,Wanshouxigong,240.0,226.43910101461952
2017-01-07 05:00:00,Wanshouxigong,206.0,238.86916728693663
2017-01-07 06:00:00,Wanshouxigong,207.0,198.69826832835747
2017-01-07 07:00:00,Wanshouxigong,210.0,216.53615618501465
2017-01-07 08:00:00,Wanshouxigong,205.0,211.73563362995583
2017-01-07 09:00:00,Wanshouxigong,193.0,217.72658387652928
2017-01-07 10:00:00,Wanshouxigong,148.0,203.62686189439876
2017-01-07 11:00:00,Wanshouxigong,158.0,140.30222266547278
2017-01-07 12:00:00,Wanshouxigong,164.0,179.84915364577932
2017-01-07 13:00:00,Wanshouxigong,153.0,179.6862075308358
2017-01-07 14:00:00,Wanshouxigong,112.0,172.46059089596142
2017-01-07 15:00:00,Wanshouxigong,103.0,118.31134277848196
2017-01-07 16:00:00,Wanshouxigong,113.0,120.47967152271293
2017-01-07 17:00:00,Wanshouxigong,122.0,134.74501316697598
2017-01-07 18:00:00,Wanshouxigong,120.0,148.58402585533278
2017-01-07 19:00:00,Wanshouxigong,123.0,140.2386310170488
2017-01-07 20:00:00,Wanshouxigong,158.0,142.96089697783867
2017-01-07 21:00:00,Wanshouxigong,200.0,178.8685793472324
2017-01-07 22:00:00,Wanshouxigong,209.0,217.46611273277858
2017-01-07 23:00:00,Wanshouxigong,208.0,230.89778257418786
2017-01-08 00:00:00,Wanshouxigong,196.0,191.52532153648866
2017-01-08 01:00:00,Wanshouxigong,156.0,175.58942602367443
2017-01-08 02:00:00,Wanshouxigong,30.0,108.29765793069872
2017-01-08 03:00:00,Wanshouxigong,25.0,19.583936402889258
2017-01-08 04:00:00,Wanshouxigong,19.0,26.10174009286737
2017-01-08 05:00:00,Wanshouxigong,19.0,17.421412643377092
2017-01-08 06:00:00,Wanshouxigong,20.0,21.043811863076517
2017-01-08 07:00:00,Wanshouxigong,18.0,22.02652158502471
2017-01-08 08:00:00,Wanshouxigong,22.0,20.90351687253181
2017-01-08 09:00:00,Wanshouxigong,20.0,23.4718728166961
2017-01-08 10:00:00,Wanshouxigong,19.0,23.56511093779305
2017-01-08 11:00:00,Wanshouxigong,23.0,21.157441956457088
2017-01-08 12:00:00,Wanshouxigong,21.0,25.826204824695512
2017-01-08 13:00:00,Wanshouxigong,27.0,23.16045300174322
2017-01-08 14:00:00,Wanshouxigong,66.0,28.912068139641985
2017-01-08 15:00:00,Wanshouxigong,135.0,70.82533875210439
2017-01-08 16:00:00,Wanshouxigong,129.0,128.35034197140527
2017-01-08 17:00:00,Wanshouxigong,154.0,127.45768559846461
2017-01-08 18:00:00,Wanshouxigong,168.0,152.70153121950895
2017-01-08 19:00:00,Wanshouxigong,76.0,154.14860124549193
2017-01-08 20:00:00,Wanshouxigong,13.0,45.20844030309482
2017-01-08 21:00:00,Wanshouxigong,10.0,13.616952153258206
2017-01-08 22:00:00,Wanshouxigong,8.0,12.49667187070749
2017-01-08 23:00:00,Wanshouxigong,13.0,11.809039488310608
2017-01-09 00:00:00,Wanshouxigong,14.0,15.642235142098519
2017-01-09 01:00:00,Wanshouxigong,10.0,16.31519610544101
2017-01-09 02:00:00,Wanshouxigong,12.0,14.054281386400048
2017-01-09 03:00:00,Wanshouxigong,9.0,14.124019995231103
2017-01-09 04:00:00,Wanshouxigong,9.0,12.580585808218137
2017-01-09 05:00:00,Wanshouxigong,10.0,7.900540578471222
2017-01-09 06:00:00,Wanshouxigong,10.0,8.858162227945375
2017-01-09 07:00:00,Wanshouxigong,10.0,8.683114731939321
2017-01-09 08:00:00,Wanshouxigong,14.0,9.583056088272373
2017-01-09 09:00:00,Wanshouxigong,13.0,11.583904013485105
2017-01-09 10:00:00,Wanshouxigong,13.0,11.34560905661251
2017-01-09 11:00:00,Wanshouxigong,16.0,11.374010866747664
2017-01-09 12:00:00,Wanshouxigong,17.0,15.419669316717734
2017-01-09 13:00:00,Wanshouxigong,19.0,21.35217951049915
2017-01-09 14:00:00,Wanshouxigong,29.0,23.445507763445747
2017-01-09 15:00:00,Wanshouxigong,35.0,37.77583460643651
2017-01-09 16:00:00,Wanshouxigong,49.0,45.16323227423083
2017-01-09 17:00:00,Wanshouxigong,54.0,63.081901468335296
2017-01-09 18:00:00,Wanshouxigong,73.0,79.17501815758528
2017-01-09 19:00:00,Wanshouxigong,108.0,91.2628989734145
2017-01-09 20:00:00,Wanshouxigong,136.0,111.81948563381711
2017-01-09 21:00:00,Wanshouxigong,158.0,140.55907552992073
2017-01-09 22:00:00,Wanshouxigong,153.0,131.67224261687397
2017-01-09 23:00:00,Wanshouxigong,154.0,141.43867440914238
2017-01-10 00:00:00,Wanshouxigong,59.0,146.55714122307492
2017-01-10 01:00:00,Wanshouxigong,3.0,29.241523324325716
2017-01-10 02:00:00,Wanshouxigong,13.0,14.762149567160824
2017-01-10 03:00:00,Wanshouxigong,5.0,8.099158103967493
2017-01-10 04:00:00,Wanshouxigong,5.0,6.528051293801908
2017-01-10 05:00:00,Wanshouxigong,4.0,5.351714488261043
2017-01-10 06:00:00,Wanshouxigong,5.0,6.22434914351274
2017-01-10 07:00:00,Wanshouxigong,7.0,5.383410737112429
2017-01-10 08:00:00,Wanshouxigong,3.0,30.39181381364927
2017-01-10 09:00:00,Wanshouxigong,3.0,9.35711555588988
2017-01-10 10:00:00,Wanshouxigong,3.0,8.412678697228957
2017-01-10 11:00:00,Wanshouxigong,6.0,9.849779180592396
2017-01-10 12:00:00,Wanshouxigong,13.0,8.995113537386457
2017-01-10 13:00:00,Wanshouxigong,13.0,12.905454551252522
2017-01-10 14:00:00,Wanshouxigong,12.0,13.958026281029944
2017-01-10 15:00:00,Wanshouxigong,17.0,14.747987646898494
2017-01-10 16:00:00,Wanshouxigong,57.0,25.909078498026695
2017-01-10 17:00:00,Wanshouxigong,65.0,64.19136985954366
2017-01-10 18:00:00,Wanshouxigong,73.0,97.00847020477538
2017-01-10 19:00:00,Wanshouxigong,83.0,93.3371965309975
2017-01-10 20:00:00,Wanshouxigong,89.0,103.765259312534
2017-01-10 21:00:00,Wanshouxigong,93.0,98.09486835032112
2017-01-10 22:00:00,Wanshouxigong,95.0,101.5817176836651
2017-01-10 23:00:00,Wanshouxigong,98.0,101.29299295335937
2017-01-11 00:00:00,Wanshouxigong,102.0,112.05032307862245
2017-01-11 01:00:00,Wanshouxigong,113.0,107.94254363433926
2017-01-11 02:00:00,Wanshouxigong,105.0,113.70478407955494
2017-01-11 03:00:00,Wanshouxigong,119.0,102.7284524274782
2017-01-11 04:00:00,Wanshouxigong,118.0,121.59437118684994
2017-01-11 05:00:00,Wanshouxigong,68.0,113.94284531306475
2017-01-11 06:00:00,Wanshouxigong,61.0,56.23180780791979
2017-01-11 07:00:00,Wanshouxigong,52.0,65.56674442863039
2017-01-11 08:00:00,Wanshouxigong,53.0,58.190860101611364
2017-01-11 09:00:00,Wanshouxigong,64.0,62.52489207084072
2017-01-11 10:00:00,Wanshouxigong,74.0,75.69079168730764
2017-01-11 11:00:00,Wanshouxigong,80.0,89.19252765149979
2017-01-11 12:00:00,Wanshouxigong,98.0,92.50540751292544
2017-01-11 13:00:00,Wanshouxigong,89.0,109.3123370697697
2017-01-11 14:00:00,Wanshouxigong,63.0,89.90369917159069
2017-01-11 15:00:00,Wanshouxigong,126.0,77.28492860461373
2017-01-11 16:00:00,Wanshouxigong,103.0,141.7283634270438
2017-01-11 17:00:00,Wanshouxigong,97.0,115.43103925160261
2017-01-11 18:00:00,Wanshouxigong,116.0,118.80866756233245
2017-01-11 19:00:00,Wanshouxigong,117.0,134.09114977326118
2017-01-11 20:00:00,Wanshouxigong,111.0,132.58822373003213
2017-01-11 21:00:00,Wanshouxigong,119.0,126.08912013299611
2017-01-11 22:00:00,Wanshouxigong,35.0,128.3759196484381
2017-01-11 23:00:00,Wanshouxigong,25.0,31.0819452023314
2017-01-12 00:00:00,Wanshouxigong,31.0,28.17491871232585
2017-01-12 01:00:00,Wanshouxigong,30.0,30.764985647137895
2017-01-12 02:00:00,Wanshouxigong,28.0,31.062333736784353
2017-01-12 03:00:00,Wanshouxigong,12.0,28.59115708676317
2017-01-12 04:00:00,Wanshouxigong,24.0,19.418857083785742
2017-01-12 05:00:00,Wanshouxigong,20.0,23.755399505390503
2017-01-12 06:00:00,Wanshouxigong,17.0,22.905083498851916
2017-01-12 07:00:00,Wanshouxigong,26.0,22.532450062317352
2017-01-12 08:00:00,Wanshouxigong,12.0,28.443926545180155
2017-01-12 09:00:00,Wanshouxigong,24.0,20.680307295181944
2017-01-12 10:00:00,Wanshouxigong,23.0,37.238188166302905
2017-01-12 11:00:00,Wanshouxigong,53.0,35.540579605993535
2017-01-12 12:00:00,Wanshouxigong,70.0,66.1308465040965
2017-01-12 13:00:00,Wanshouxigong,72.0,72.62888924319734
2017-01-12 14:00:00,Wanshouxigong,90.0,70.84762243751031
2017-01-12 15:00:00,Wanshouxigong,108.0,95.02098944996294
2017-01-12 16:00:00,Wanshouxigong,110.0,112.13885861419489
2017-01-12 17:00:00,Wanshouxigong,111.0,125.64951941343978
2017-01-12 18:00:00,Wanshouxigong,124.0,128.25797103658394
2017-01-12 19:00:00,Wanshouxigong,151.0,144.64949699664493
2017-01-12 20:00:00,Wanshouxigong,97.0,169.46519207169658
2017-01-12 21:00:00,Wanshouxigong,15.0,90.3310144602877
2017-01-12 22:00:00,Wanshouxigong,19.0,15.332591473460159
2017-01-12 23:00:00,Wanshouxigong,5.0,13.539008673214646
2017-01-13 00:00:00,Wanshouxigong,3.0,7.69503841284682
2017-01-13 01:00:00,Wanshouxigong,11.0,6.100675614449361
2017-01-13 02:00:00,Wanshouxigong,11.0,9.14764116324614
2017-01-13 03:00:00,Wanshouxigong,8.0,8.960904365224444
2017-01-13 04:00:00,Wanshouxigong,13.0,7.592350052353453
2017-01-13 05:00:00,Wanshouxigong,14.0,12.215853190374274
2017-01-13 06:00:00,Wanshouxigong,4.0,14.285651146582946
2017-01-13 07:00:00,Wanshouxigong,21.0,13.150555411086742
2017-01-13 08:00:00,Wanshouxigong,19.0,17.903791899604702
2017-01-13 09:00:00,Wanshouxigong,10.0,17.032555597573513
2017-01-13 10:00:00,Wanshouxigong,19.0,9.948273194188394
2017-01-13 11:00:00,Wanshouxigong,16.0,15.575876688497535
2017-01-13 12:00:00,Wanshouxigong,13.0,13.756981259456781
2017-01-13 13:00:00,Wanshouxigong,15.0,11.11322733530336
2017-01-13 14:00:00,Wanshouxigong,17.0,16.560495723382022
2017-01-13 15:00:00,Wanshouxigong,15.0,14.221667929276236
2017-01-13 16:00:00,Wanshouxigong,12.0,12.609944047178093
2017-01-13 17:00:00,Wanshouxigong,10.0,11.21676081328388
2017-01-13 18:00:00,Wanshouxigong,11.0,10.740417465807042
2017-01-13 19:00:00,Wanshouxigong,16.0,10.250415049080662
2017-01-13 20:00:00,Wanshouxigong,13.0,14.048157094838999
2017-01-13 21:00:00,Wanshouxigong,22.0,12.235242684721984
2017-01-13 22:00:00,Wanshouxigong,16.0,18.21085771349049
2017-01-13 23:00:00,Wanshouxigong,16.0,13.325210500211831
2017-01-14 00:00:00,Wanshouxigong,21.0,18.601561072608227
2017-01-14 01:00:00,Wanshouxigong,20.0,18.383327979476007
2017-01-14 02:00:00,Wanshouxigong,18.0,17.75156597091625
2017-01-14 03:00:00,Wanshouxigong,20.0,15.968767910668209
2017-01-14 04:00:00,Wanshouxigong,11.0,16.778442126493236
2017-01-14 05:00:00,Wanshouxigong,11.0,13.045611457891786
2017-01-14 06:00:00,Wanshouxigong,19.0,9.635309038963982
2017-01-14 07:00:00,Wanshouxigong,13.0,18.497415254638256
2017-01-14 08:00:00,Wanshouxigong,10.0,16.006740099156534
2017-01-14 09:00:00,Wanshouxigong,24.0,15.211104531549546
2017-01-14 10:00:00,Wanshouxigong,29.0,24.19346536465273
2017-01-14 11:00:00,Wanshouxigong,25.0,29.028402503781386
2017-01-14 12:00:00,Wanshouxigong,23.0,25.428118701046795
2017-01-14 13:00:00,Wanshouxigong,18.0,21.430876976232792
2017-01-14 14:00:00,Wanshouxigong,24.0,20.87194013624993
2017-01-14 15:00:00,Wanshouxigong,25.0,25.666258900295272
2017-01-14 16:00:00,Wanshouxigong,24.0,25.22727185780132
2017-01-14 17:00:00,Wanshouxigong,21.0,31.765508150017084
2017-01-14 18:00:00,Wanshouxigong,33.0,30.265323924223804
2017-01-14 19:00:00,Wanshouxigong,48.0,47.931324035856264
2017-01-14 20:00:00,Wanshouxigong,48.0,57.9235606352074
2017-01-14 21:00:00,Wanshouxigong,44.0,69.37209728603032
2017-01-14 22:00:00,Wanshouxigong,44.0,52.94031613644388
2017-01-14 23:00:00,Wanshouxigong,33.0,51.7111648197918
2017-01-15 00:00:00,Wanshouxigong,33.0,41.59061970293821
2017-01-15 01:00:00,Wanshouxigong,46.0,41.19146610397438
2017-01-15 02:00:00,Wanshouxigong,40.0,50.582545380770476
2017-01-15 03:00:00,Wanshouxigong,46.0,42.396815298283244
2017-01-15 04:00:00,Wanshouxigong,37.0,49.224474117024045
2017-01-15 05:00:00,Wanshouxigong,24.0,37.927575173751684
2017-01-15 06:00:00,Wanshouxigong,30.0,28.880669662873885
2017-01-15 07:00:00,Wanshouxigong,36.0,34.9867932596538
2017-01-15 08:00:00,Wanshouxigong,32.0,42.25447833256189
2017-01-15 09:00:00,Wanshouxigong,38.0,40.780117499392325
2017-01-15 10:00:00,Wanshouxigong,32.0,46.43786706950029
2017-01-15 11:00:00,Wanshouxigong,38.0,40.422848381827606
2017-01-15 12:00:00,Wanshouxigong,42.0,48.47007252507481
2017-01-15 13:00:00,Wanshouxigong,47.0,51.68222010692164
2017-01-15 14:00:00,Wanshouxigong,62.0,56.16619010571331
2017-01-15 15:00:00,Wanshouxigong,61.0,72.74549404308121
2017-01-15 16:00:00,Wanshouxigong,72.0,74.14364922109371
2017-01-15 17:00:00,Wanshouxigong,76.0,85.86262033377466
2017-01-15 18:00:00,Wanshouxigong,71.0,85.98219407304182
2017-01-15 19:00:00,Wanshouxigong,81.0,87.94445584566489
2017-01-15 20:00:00,Wanshouxigong,80.0,85.78768365380469
2017-01-15 21:00:00,Wanshouxigong,80.0,82.2390113179978
2017-01-15 22:00:00,Wanshouxigong,88.0,82.65686175698569
2017-01-15 23:00:00,Wanshouxigong,99.0,96.19342444362731
2017-01-16 00:00:00,Wanshouxigong,88.0,106.10171923306949
2017-01-16 01:00:00,Wanshouxigong,89.0,91.59391921071865
2017-01-16 02:00:00,Wanshouxigong,92.0,93.27715270041519
2017-01-16 03:00:00,Wanshouxigong,67.0,93.4872197446087
2017-01-16 04:00:00,Wanshouxigong,60.0,63.116608605834585
2017-01-16 05:00:00,Wanshouxigong,82.0,60.188558643194014
2017-01-16 06:00:00,Wanshouxigong,83.0,81.22270509785191
2017-01-16 07:00:00,Wanshouxigong,72.0,91.74068822975495
2017-01-16 08:00:00,Wanshouxigong,78.0,78.71446354502099
2017-01-16 09:00:00,Wanshouxigong,64.0,82.17348011138553
2017-01-16 10:00:00,Wanshouxigong,10.0,68.2720096320705
2017-01-16 11:00:00,Wanshouxigong,3.0,19.64979991138141
2017-01-16 12:00:00,Wanshouxigong,72.0,22.80720312481246
2017-01-16 13:00:00,Wanshouxigong,76.0,65.82160092081463
2017-01-16 14:00:00,Wanshouxigong,88.0,79.97488091268279
2017-01-16 15:00:00,Wanshouxigong,96.0,87.59504357281884
2017-01-16 16:00:00,Wanshouxigong,115.0,104.5383225054321
2017-01-16 17:00:00,Wanshouxigong,114.0,112.58722947012411
2017-01-16 18:00:00,Wanshouxigong,127.0,120.26999633793368
2017-01-16 19:00:00,Wanshouxigong,129.0,136.59061869568748
2017-01-16 20:00:00,Wanshouxigong,130.0,134.01312065909806
2017-01-16 21:00:00,Wanshouxigong,121.0,135.04168002583697
2017-01-16 22:00:00,Wanshouxigong,116.0,125.9776473578803
2017-01-16 23:00:00,Wanshouxigong,118.0,120.92428731725144
2017-01-17 00:00:00,Wanshouxigong,116.0,121.46175595030594
2017-01-17 01:00:00,Wanshouxigong,111.0,118.68815563017623
2017-01-17 02:00:00,Wanshouxigong,108.0,114.21195275086488
2017-01-17 03:00:00,Wanshouxigong,117.0,107.0994650115452
2017-01-17 04:00:00,Wanshouxigong,124.0,120.06689388786816
2017-01-17 05:00:00,Wanshouxigong,109.0,121.95397289347703
2017-01-17 06:00:00,Wanshouxigong,123.0,106.95715440241867
2017-01-17 07:00:00,Wanshouxigong,107.0,130.74312387582435
2017-01-17 08:00:00,Wanshouxigong,104.0,110.22166513896275
2017-01-17 09:00:00,Wanshouxigong,138.0,108.98403428869263
2017-01-17 10:00:00,Wanshouxigong,158.0,148.7665531665693
2017-01-17 11:00:00,Wanshouxigong,158.0,166.3184355043784
2017-01-17 12:00:00,Wanshouxigong,160.0,164.10172763550185
2017-01-17 13:00:00,Wanshouxigong,177.0,169.06965448062945
2017-01-17 14:00:00,Wanshouxigong,178.0,182.58202865242325
2017-01-17 15:00:00,Wanshouxigong,166.0,181.23726634442556
2017-01-17 16:00:00,Wanshouxigong,173.0,170.8857747950496
2017-01-17 17:00:00,Wanshouxigong,172.0,187.946652865438
2017-01-17 18:00:00,Wanshouxigong,185.0,190.20215324615296
2017-01-17 19:00:00,Wanshouxigong,172.0,195.77192617029178
2017-01-17 20:00:00,Wanshouxigong,186.0,173.04380242234967
2017-01-17 21:00:00,Wanshouxigong,170.0,192.45662460671983
2017-01-17 22:00:00,Wanshouxigong,176.0,175.27281260232746
2017-01-17 23:00:00,Wanshouxigong,140.0,181.1061038736429
2017-01-18 00:00:00,Wanshouxigong,65.0,132.52929764778608
2017-01-18 01:00:00,Wanshouxigong,28.0,59.62329352948945
2017-01-18 02:00:00,Wanshouxigong,55.0,32.272585027863386
2017-01-18 03:00:00,Wanshouxigong,43.0,56.02082998896814
2017-01-18 04:00:00,Wanshouxigong,34.0,42.19928302982851
2017-01-18 05:00:00,Wanshouxigong,24.0,31.87513697217093
2017-01-18 06:00:00,Wanshouxigong,16.0,23.21836179348914
2017-01-18 07:00:00,Wanshouxigong,31.0,17.3444342833329
2017-01-18 08:00:00,Wanshouxigong,25.0,31.272071905095885
2017-01-18 09:00:00,Wanshouxigong,22.0,25.644690439094973
2017-01-18 10:00:00,Wanshouxigong,21.0,23.528214704249173
2017-01-18 11:00:00,Wanshouxigong,20.0,21.998769213388904
2017-01-18 12:00:00,Wanshouxigong,24.0,21.38756523146463
2017-01-18 13:00:00,Wanshouxigong,26.0,26.038901531994398
2017-01-18 14:00:00,Wanshouxigong,37.0,31.780338782588966
2017-01-18 15:00:00,Wanshouxigong,55.0,46.13021003250116
2017-01-18 16:00:00,Wanshouxigong,61.0,69.00997410311248
2017-01-18 17:00:00,Wanshouxigong,46.0,74.20480334969551
2017-01-18 18:00:00,Wanshouxigong,46.0,59.061745877606846
2017-01-18 19:00:00,Wanshouxigong,50.0,59.09333938934484
2017-01-18 20:00:00,Wanshouxigong,51.0,62.13062714196982
2017-01-18 21:00:00,Wanshouxigong,53.0,57.852109069320605
2017-01-18 22:00:00,Wanshouxigong,65.0,61.43851596764528
2017-01-18 23:00:00,Wanshouxigong,73.0,74.38483211607635
2017-01-19 00:00:00,Wanshouxigong,96.0,81.6342577592939
2017-01-19 01:00:00,Wanshouxigong,97.0,108.79576181759015
2017-01-19 02:00:00,Wanshouxigong,109.0,100.17841216454094
2017-01-19 03:00:00,Wanshouxigong,102.0,122.85247690282247
2017-01-19 04:00:00,Wanshouxigong,111.0,119.41896082578648
2017-01-19 05:00:00,Wanshouxigong,124.0,124.46392687727104
2017-01-19 06:00:00,Wanshouxigong,114.0,133.56697153302977
2017-01-19 07:00:00,Wanshouxigong,106.0,122.65350816180498
2017-01-19 08:00:00,Wanshouxigong,92.0,119.80305027278504
2017-01-19 09:00:00,Wanshouxigong,65.0,92.94389923237746
2017-01-19 10:00:00,Wanshouxigong,14.0,45.669153393344196
2017-01-19 11:00:00,Wanshouxigong,12.0,8.693680867215745
2017-01-19 12:00:00,Wanshouxigong,10.0,10.69999388990457
2017-01-19 13:00:00,Wanshouxigong,8.0,8.687657291476055
2017-01-19 14:00:00,Wanshouxigong,6.0,8.170943619133936
2017-01-19 15:00:00,Wanshouxigong,12.0,7.145663531211137
2017-01-19 16:00:00,Wanshouxigong,6.0,12.256166890898287
2017-01-19 17:00:00,Wanshouxigong,10.0,14.007980851061788
2017-01-19 18:00:00,Wanshouxigong,9.0,14.620504062832236
2017-01-19 19:00:00,Wanshouxigong,10.0,13.924162429334885
2017-01-19 20:00:00,Wanshouxigong,9.0,13.566527948044454
2017-01-19 21:00:00,Wanshouxigong,9.0,10.518782871578983
2017-01-19 22:00:00,Wanshouxigong,8.0,11.240004706312464
2017-01-19 23:00:00,Wanshouxigong,5.0,10.649353268230763
2017-01-20 00:00:00,Wanshouxigong,9.0,10.30315270270153
2017-01-20 01:00:00,Wanshouxigong,9.0,10.036794540037752
2017-01-20 02:00:00,Wanshouxigong,6.0,10.110708926036436
2017-01-20 03:00:00,Wanshouxigong,9.0,8.395210582196663
2017-01-20 04:00:00,Wanshouxigong,6.0,9.540733839009414
2017-01-20 05:00:00,Wanshouxigong,9.0,8.921439798090164
2017-01-20 06:00:00,Wanshouxigong,9.0,10.97224564721767
2017-01-20 07:00:00,Wanshouxigong,11.0,13.919859882082061
2017-01-20 08:00:00,Wanshouxigong,12.0,16.038784974350886
2017-01-20 09:00:00,Wanshouxigong,16.0,17.553548750672924
2017-01-20 10:00:00,Wanshouxigong,17.0,19.275172633419526
2017-01-20 11:00:00,Wanshouxigong,14.0,21.666773418987194
2017-01-20 12:00:00,Wanshouxigong,29.0,19.625188068944382
2017-01-20 13:00:00,Wanshouxigong,31.0,33.65572188616702
2017-01-20 14:00:00,Wanshouxigong,26.0,32.987462209705335
2017-01-20 15:00:00,Wanshouxigong,25.0,26.84774321450927
2017-01-20 16:00:00,Wanshouxigong,23.0,28.52818863531869
2017-01-20 17:00:00,Wanshouxigong,24.0,27.398725241878967
2017-01-20 18:00:00,Wanshouxigong,37.0,31.179058329428234
2017-01-20 19:00:00,Wanshouxigong,50.0,46.18700311319794
2017-01-20 20:00:00,Wanshouxigong,53.0,55.28208976802423
2017-01-20 21:00:00,Wanshouxigong,70.0,53.74984336815963
2017-01-20 22:00:00,Wanshouxigong,80.0,74.53125305447088
2017-01-20 23:00:00,Wanshouxigong,86.0,81.38308784845415
2017-01-21 00:00:00,Wanshouxigong,89.0,87.01745207589254
2017-01-21 01:00:00,Wanshouxigong,105.0,87.76530680030734
2017-01-21 02:00:00,Wanshouxigong,104.0,105.59551597362493
2017-01-21 03:00:00,Wanshouxigong,88.0,96.50497077501846
2017-01-21 04:00:00,Wanshouxigong,82.0,78.9719522861173
2017-01-21 05:00:00,Wanshouxigong,43.0,79.35143560277419
2017-01-21 06:00:00,Wanshouxigong,8.0,33.80803449035249
2017-01-21 07:00:00,Wanshouxigong,3.0,8.722773949888664
2017-01-21 08:00:00,Wanshouxigong,7.0,6.950379203475944
2017-01-21 09:00:00,Wanshouxigong,4.0,6.224783534549531
2017-01-21 10:00:00,Wanshouxigong,5.0,5.401615960933322
2017-01-21 11:00:00,Wanshouxigong,9.0,4.990717636108333
2017-01-21 12:00:00,Wanshouxigong,6.0,6.5965870050686215
2017-01-21 13:00:00,Wanshouxigong,12.0,6.101890026778835
2017-01-21 14:00:00,Wanshouxigong,8.0,8.659750750399375
2017-01-21 15:00:00,Wanshouxigong,6.0,7.422313260939785
2017-01-21 16:00:00,Wanshouxigong,8.0,5.892475777133115
2017-01-21 17:00:00,Wanshouxigong,6.0,10.696088351503853
2017-01-21 18:00:00,Wanshouxigong,7.0,9.696564489202368
2017-01-21 19:00:00,Wanshouxigong,11.0,9.449969283557822
2017-01-21 20:00:00,Wanshouxigong,14.0,11.829837930155337
2017-01-21 21:00:00,Wanshouxigong,11.0,13.875518034007767
2017-01-21 22:00:00,Wanshouxigong,11.0,12.919429122590385
2017-01-21 23:00:00,Wanshouxigong,7.0,13.375702277827985
2017-01-22 00:00:00,Wanshouxigong,3.0,9.391605913175614
2017-01-22 01:00:00,Wanshouxigong,12.0,7.664751756241363
2017-01-22 02:00:00,Wanshouxigong,14.0,10.889242477364549
2017-01-22 03:00:00,Wanshouxigong,13.0,13.511958840694266
2017-01-22 04:00:00,Wanshouxigong,13.0,11.506710342424517
2017-01-22 05:00:00,Wanshouxigong,10.0,11.838697066725203
2017-01-22 06:00:00,Wanshouxigong,6.0,10.665769454115422
2017-01-22 07:00:00,Wanshouxigong,8.0,8.398522455411403
2017-01-22 08:00:00,Wanshouxigong,13.0,9.98005874015996
2017-01-22 09:00:00,Wanshouxigong,11.0,12.712425402100413
2017-01-22 10:00:00,Wanshouxigong,18.0,10.264656221335477
2017-01-22 11:00:00,Wanshouxigong,19.0,17.49888768114306
2017-01-22 12:00:00,Wanshouxigong,24.0,19.805764163388638
2017-01-22 13:00:00,Wanshouxigong,22.0,27.842443181707594
2017-01-22 14:00:00,Wanshouxigong,39.0,25.476177571312242
2017-01-22 15:00:00,Wanshouxigong,51.0,43.76605481594109
2017-01-22 16:00:00,Wanshouxigong,73.0,58.818484293496645
2017-01-22 17:00:00,Wanshouxigong,78.0,84.59966308495247
2017-01-22 18:00:00,Wanshouxigong,92.0,89.49828169599215
2017-01-22 19:00:00,Wanshouxigong,78.0,100.9686557748546
2017-01-22 20:00:00,Wanshouxigong,46.0,73.8293100798623
2017-01-22 21:00:00,Wanshouxigong,31.0,42.31292380480432
2017-01-22 22:00:00,Wanshouxigong,42.0,32.36401664388326
2017-01-22 23:00:00,Wanshouxigong,24.0,40.88418762713414
2017-01-23 00:00:00,Wanshouxigong,24.0,22.517189920377543
2017-01-23 01:00:00,Wanshouxigong,24.0,23.395222540297578
2017-01-23 02:00:00,Wanshouxigong,18.0,23.368196410579852
2017-01-23 03:00:00,Wanshouxigong,12.0,17.808569665616577
2017-01-23 04:00:00,Wanshouxigong,16.0,13.109003006862224
2017-01-23 05:00:00,Wanshouxigong,15.0,15.777760182470017
2017-01-23 06:00:00,Wanshouxigong,18.0,15.414738608583718
2017-01-23 07:00:00,Wanshouxigong,16.0,19.34592866676256
2017-01-23 08:00:00,Wanshouxigong,11.0,17.227948264959753
2017-01-23 09:00:00,Wanshouxigong,18.0,12.934466815347644
2017-01-23 10:00:00,Wanshouxigong,14.0,17.069368036111143
2017-01-23 11:00:00,Wanshouxigong,16.0,14.419805064838265
2017-01-23 12:00:00,Wanshouxigong,20.0,16.47170178106312
2017-01-23 13:00:00,Wanshouxigong,27.0,23.429749866186402
2017-01-23 14:00:00,Wanshouxigong,39.0,28.682897576236023
2017-01-23 15:00:00,Wanshouxigong,47.0,36.10679464561699
2017-01-23 16:00:00,Wanshouxigong,46.0,47.18014184418737
2017-01-23 17:00:00,Wanshouxigong,54.0,54.877388736375515
2017-01-23 18:00:00,Wanshouxigong,61.0,62.31220520209172
2017-01-23 19:00:00,Wanshouxigong,75.0,70.85421530396185
2017-01-23 20:00:00,Wanshouxigong,92.0,82.49823742950672
2017-01-23 21:00:00,Wanshouxigong,96.0,94.90477445220883
2017-01-23 22:00:00,Wanshouxigong,112.0,101.9607082898774
2017-01-23 23:00:00,Wanshouxigong,110.0,117.13814290143712
2017-01-24 00:00:00,Wanshouxigong,106.0,110.18788098122734
2017-01-24 01:00:00,Wanshouxigong,110.0,105.43882569477543
2017-01-24 02:00:00,Wanshouxigong,116.0,108.91785944878731
2017-01-24 03:00:00,Wanshouxigong,111.0,109.38592942480001
2017-01-24 04:00:00,Wanshouxigong,103.0,104.21022856641181
2017-01-24 05:00:00,Wanshouxigong,102.0,96.24913154565255
2017-01-24 06:00:00,Wanshouxigong,120.0,95.50822612917696
2017-01-24 07:00:00,Wanshouxigong,69.0,111.12967370488595
2017-01-24 08:00:00,Wanshouxigong,40.0,50.45420913528924
2017-01-24 09:00:00,Wanshouxigong,39.0,33.07561611409828
2017-01-24 10:00:00,Wanshouxigong,46.0,31.852000106178316
2017-01-24 11:00:00,Wanshouxigong,65.0,48.329338067743095
2017-01-24 12:00:00,Wanshouxigong,77.0,66.56636108894094
2017-01-24 13:00:00,Wanshouxigong,3.0,77.71957024326471
2017-01-24 14:00:00,Wanshouxigong,3.0,26.99660238698271
2017-01-24 15:00:00,Wanshouxigong,86.0,50.5000860947192
2017-01-24 16:00:00,Wanshouxigong,130.0,118.27982561064857
2017-01-24 17:00:00,Wanshouxigong,132.0,145.0320864832114
2017-01-24 18:00:00,Wanshouxigong,137.0,156.3171460575767
2017-01-24 19:00:00,Wanshouxigong,134.0,165.85493691124893
2017-01-24 20:00:00,Wanshouxigong,130.0,155.8285167280816
2017-01-24 21:00:00,Wanshouxigong,136.0,151.75910762417746
2017-01-24 22:00:00,Wanshouxigong,151.0,151.75917868722092
2017-01-24 23:00:00,Wanshouxigong,152.0,161.7320836381938
2017-01-25 00:00:00,Wanshouxigong,153.0,157.33828884476907
2017-01-25 01:00:00,Wanshouxigong,175.0,149.84841013952555
2017-01-25 02:00:00,Wanshouxigong,196.0,164.716530989473
2017-01-25 03:00:00,Wanshouxigong,207.0,183.46204591954617
2017-01-25 04:00:00,Wanshouxigong,189.0,212.60849540722714
2017-01-25 05:00:00,Wanshouxigong,223.0,171.96989137492923
2017-01-25 06:00:00,Wanshouxigong,217.0,209.95088110834598
2017-01-25 07:00:00,Wanshouxigong,192.0,197.9373925862421
2017-01-25 08:00:00,Wanshouxigong,159.0,172.25954820381088
2017-01-25 09:00:00,Wanshouxigong,167.0,143.35741996296062
2017-01-25 10:00:00,Wanshouxigong,169.0,165.1265011884551
2017-01-25 11:00:00,Wanshouxigong,159.0,156.00543045066675
2017-01-25 12:00:00,Wanshouxigong,156.0,150.0425350879392
2017-01-25 14:00:00,Wanshouxigong,172.0,132.49463594083653
2017-01-25 15:00:00,Wanshouxigong,186.0,200.25455091764826
2017-01-25 16:00:00,Wanshouxigong,206.0,190.63274401544507
2017-01-25 17:00:00,Wanshouxigong,204.0,220.93640955691797
2017-01-25 18:00:00,Wanshouxigong,210.0,218.22293304566355
2017-01-25 19:00:00,Wanshouxigong,241.0,220.78576832573353
2017-01-25 20:00:00,Wanshouxigong,244.0,244.97167973390464
2017-01-25 21:00:00,Wanshouxigong,261.0,243.81640296316183
2017-01-25 22:00:00,Wanshouxigong,275.0,253.0997285648466
2017-01-25 23:00:00,Wanshouxigong,281.0,268.0481855431069
2017-01-26 00:00:00,Wanshouxigong,305.0,265.94614253289706
2017-01-26 01:00:00,Wanshouxigong,336.0,288.33159449314866
2017-01-26 02:00:00,Wanshouxigong,366.0,313.6810726153569
2017-01-26 03:00:00,Wanshouxigong,369.0,340.45264342895297
2017-01-26 04:00:00,Wanshouxigong,325.0,328.59873942477395
2017-01-26 05:00:00,Wanshouxigong,318.0,294.4775989508989
2017-01-26 06:00:00,Wanshouxigong,312.0,298.50619389408945
2017-01-26 07:00:00,Wanshouxigong,289.0,299.03127772678687
2017-01-26 08:00:00,Wanshouxigong,272.0,264.50987983288263
2017-01-26 09:00:00,Wanshouxigong,289.0,257.4939012647581
2017-01-26 10:00:00,Wanshouxigong,299.0,278.8868644933539
2017-01-26 11:00:00,Wanshouxigong,286.0,289.0080767327958
2017-01-26 12:00:00,Wanshouxigong,205.0,283.057890555737
2017-01-26 13:00:00,Wanshouxigong,107.0,177.8459897302859
2017-01-26 14:00:00,Wanshouxigong,59.0,62.04945465024055
2017-01-26 15:00:00,Wanshouxigong,13.0,45.599727335468444
2017-01-26 16:00:00,Wanshouxigong,9.0,11.777327070965539
2017-01-26 17:00:00,Wanshouxigong,18.0,9.707726248923663
2017-01-26 18:00:00,Wanshouxigong,9.0,16.26687276913193
2017-01-26 19:00:00,Wanshouxigong,13.0,10.0844381923284
2017-01-26 20:00:00,Wanshouxigong,9.0,11.028481646486261
2017-01-26 21:00:00,Wanshouxigong,4.0,8.908885085837374
2017-01-26 22:00:00,Wanshouxigong,11.0,7.004764644350953
2017-01-26 23:00:00,Wanshouxigong,8.0,10.486131586546778
2017-01-27 00:00:00,Wanshouxigong,11.0,10.252192726902445
2017-01-27 01:00:00,Wanshouxigong,8.0,14.56651494794539
2017-01-27 02:00:00,Wanshouxigong,6.0,10.319319517595785
2017-01-27 03:00:00,Wanshouxigong,3.0,7.655037409854798
2017-01-27 04:00:00,Wanshouxigong,5.0,10.587383955243865
2017-01-27 05:00:00,Wanshouxigong,3.0,10.403559158924487
2017-01-27 06:00:00,Wanshouxigong,7.0,8.163431947151757
2017-01-27 07:00:00,Wanshouxigong,12.0,14.837870324104317
2017-01-27 08:00:00,Wanshouxigong,20.0,18.24369484444045
2017-01-27 09:00:00,Wanshouxigong,30.0,27.89130689589334
2017-01-27 10:00:00,Wanshouxigong,43.0,33.10358269988609
2017-01-27 11:00:00,Wanshouxigong,48.0,44.042104539311474
2017-01-27 12:00:00,Wanshouxigong,46.0,48.42080971163928
2017-01-27 13:00:00,Wanshouxigong,38.0,65.311042184225
2017-01-27 14:00:00,Wanshouxigong,48.0,62.25340628059535
2017-01-27 15:00:00,Wanshouxigong,58.0,68.99272702075768
2017-01-27 16:00:00,Wanshouxigong,58.0,61.2476865351091
2017-01-27 17:00:00,Wanshouxigong,73.0,62.187243493685266
2017-01-27 18:00:00,Wanshouxigong,106.0,84.83247930751544
2017-01-27 19:00:00,Wanshouxigong,173.0,116.46836871474198
2017-01-27 20:00:00,Wanshouxigong,276.0,171.33145092450272
2017-01-27 21:00:00,Wanshouxigong,321.0,299.6487964150412
2017-01-27 22:00:00,Wanshouxigong,380.0,292.64017456062624
2017-01-27 23:00:00,Wanshouxigong,447.0,365.1800281315886
2017-01-28 00:00:00,Wanshouxigong,804.0,492.3839755829614
2017-01-28 01:00:00,Wanshouxigong,730.0,499.6076899061666
2017-01-28 02:00:00,Wanshouxigong,823.0,544.4989481174754
2017-01-28 03:00:00,Wanshouxigong,681.0,560.5381967301594
2017-01-28 04:00:00,Wanshouxigong,621.0,464.9728654535105
2017-01-28 05:00:00,Wanshouxigong,550.0,538.3277205403864
2017-01-28 06:00:00,Wanshouxigong,654.0,488.15905194773524
2017-01-28 07:00:00,Wanshouxigong,469.0,472.56871692612475
2017-01-28 08:00:00,Wanshouxigong,363.0,403.72614065135065
2017-01-28 09:00:00,Wanshouxigong,322.0,311.10851498218733
2017-01-28 10:00:00,Wanshouxigong,302.0,299.8677539713548
2017-01-28 11:00:00,Wanshouxigong,279.0,288.5700849059833
2017-01-28 12:00:00,Wanshouxigong,263.0,258.27198616350273
2017-01-28 13:00:00,Wanshouxigong,264.0,255.87098595906465
2017-01-28 14:00:00,Wanshouxigong,248.0,252.3531948167717
2017-01-28 15:00:00,Wanshouxigong,242.0,214.05384137174568
2017-01-28 16:00:00,Wanshouxigong,255.0,234.00575065644375
2017-01-28 17:00:00,Wanshouxigong,257.0,255.34858740503705
2017-01-28 18:00:00,Wanshouxigong,247.0,270.1150938947257
2017-01-28 19:00:00,Wanshouxigong,247.0,246.5065668930073
2017-01-28 20:00:00,Wanshouxigong,269.0,244.30476811818613
2017-01-28 21:00:00,Wanshouxigong,258.0,264.7033554938257
2017-01-28 22:00:00,Wanshouxigong,264.0,259.7390781615186
2017-01-28 23:00:00,Wanshouxigong,279.0,261.4340079734939
2017-01-29 00:00:00,Wanshouxigong,280.0,294.569161903125
2017-01-29 01:00:00,Wanshouxigong,226.0,271.9163433299869
2017-01-29 02:00:00,Wanshouxigong,38.0,149.83473552531535
2017-01-29 03:00:00,Wanshouxigong,8.0,-1.5636873141898937
2017-01-29 04:00:00,Wanshouxigong,7.0,6.136648374462893
2017-01-29 05:00:00,Wanshouxigong,13.0,8.974519414794656
2017-01-29 06:00:00,Wanshouxigong,10.0,13.730334149968884
2017-01-29 07:00:00,Wanshouxigong,12.0,11.996781287698235
2017-01-29 08:00:00,Wanshouxigong,12.0,13.818708722170891
2017-01-29 09:00:00,Wanshouxigong,9.0,13.365535482119437
2017-01-29 10:00:00,Wanshouxigong,7.0,9.266260115096836
2017-01-29 11:00:00,Wanshouxigong,16.0,8.39576953448888
2017-01-29 12:00:00,Wanshouxigong,12.0,14.406739904418638
2017-01-29 13:00:00,Wanshouxigong,13.0,11.633977500193692
2017-01-29 14:00:00,Wanshouxigong,16.0,16.120408416771507
2017-01-29 15:00:00,Wanshouxigong,11.0,14.385826243547019
2017-01-29 16:00:00,Wanshouxigong,16.0,11.900561350479414
2017-01-29 17:00:00,Wanshouxigong,18.0,15.725238752345232
2017-01-29 18:00:00,Wanshouxigong,19.0,18.035495506296726
2017-01-29 19:00:00,Wanshouxigong,3.0,17.497928541189925
2017-01-29 20:00:00,Wanshouxigong,12.0,8.853801397189262
2017-01-29 21:00:00,Wanshouxigong,12.0,15.486322349414335
2017-01-29 22:00:00,Wanshouxigong,5.0,16.188391515019774
2017-01-29 23:00:00,Wanshouxigong,8.0,12.160284594949058
2017-01-30 00:00:00,Wanshouxigong,6.0,7.7061842994533025
2017-01-30 01:00:00,Wanshouxigong,9.0,7.003901482722027
2017-01-30 02:00:00,Wanshouxigong,9.0,7.561036656274196
2017-01-30 03:00:00,Wanshouxigong,9.0,8.337039053483679
2017-01-30 04:00:00,Wanshouxigong,9.0,7.870533228218075
2017-01-30 05:00:00,Wanshouxigong,6.0,8.57950987198642
2017-01-30 06:00:00,Wanshouxigong,9.0,7.637411899675681
2017-01-30 07:00:00,Wanshouxigong,7.0,9.310454762609856
2017-01-30 08:00:00,Wanshouxigong,10.0,8.936110460359325
2017-01-30 09:00:00,Wanshouxigong,9.0,9.654725848206212
2017-01-30 10:00:00,Wanshouxigong,9.0,9.830049210282233
2017-01-30 11:00:00,Wanshouxigong,9.0,9.86927510008613
2017-01-30 12:00:00,Wanshouxigong,10.0,9.488326785403077
2017-01-30 13:00:00,Wanshouxigong,17.0,12.887352653807657
2017-01-30 14:00:00,Wanshouxigong,9.0,20.36068602164446
2017-01-30 15:00:00,Wanshouxigong,6.0,15.266756686512055
2017-01-30 16:00:00,Wanshouxigong,73.0,13.283781687665241
2017-01-30 17:00:00,Wanshouxigong,112.0,66.50852632086384
2017-01-30 18:00:00,Wanshouxigong,72.0,113.15693266893878
2017-01-30 19:00:00,Wanshouxigong,64.0,64.36577916136461
2017-01-30 20:00:00,Wanshouxigong,77.0,66.56093228278917
2017-01-30 21:00:00,Wanshouxigong,81.0,79.6355967117131
2017-01-30 22:00:00,Wanshouxigong,88.0,84.43014641036541
2017-01-30 23:00:00,Wanshouxigong,111.0,91.65191073580131
2017-01-31 00:00:00,Wanshouxigong,119.0,122.77734240986396
2017-01-31 01:00:00,Wanshouxigong,109.0,113.29858378518928
2017-01-31 02:00:00,Wanshouxigong,102.0,101.00823125985083
2017-01-31 03:00:00,Wanshouxigong,106.0,98.01723928340394
2017-01-31 04:00:00,Wanshouxigong,107.0,100.86748494865807
2017-01-31 05:00:00,Wanshouxigong,115.0,104.48468028176765
2017-01-31 06:00:00,Wanshouxigong,112.0,108.35602058123764
2017-01-31 07:00:00,Wanshouxigong,113.0,106.84489177073631
2017-01-31 08:00:00,Wanshouxigong,127.0,109.30023947186251
2017-01-31 09:00:00,Wanshouxigong,137.0,126.52539482754416
2017-01-31 10:00:00,Wanshouxigong,137.0,132.57103790655313
2017-01-31 11:00:00,Wanshouxigong,116.0,131.09405490853928
2017-01-31 12:00:00,Wanshouxigong,103.0,110.87209010179895
2017-01-31 13:00:00,Wanshouxigong,100.0,99.72976192464917
2017-01-31 14:00:00,Wanshouxigong,88.0,99.17832573264856
2017-01-31 15:00:00,Wanshouxigong,78.0,85.06391138023864
2017-01-31 16:00:00,Wanshouxigong,76.0,81.51279126427718
2017-01-31 17:00:00,Wanshouxigong,83.0,80.44031092656168
2017-01-31 18:00:00,Wanshouxigong,104.0,91.64180578610512
2017-01-31 19:00:00,Wanshouxigong,112.0,114.46284844183802
2017-01-31 20:00:00,Wanshouxigong,121.0,114.57845537130807
2017-01-31 21:00:00,Wanshouxigong,37.0,122.39767457014648
2017-01-31 22:00:00,Wanshouxigong,11.0,27.89309745052115
2017-01-31 23:00:00,Wanshouxigong,10.0,16.54616719795085
2017-02-01 00:00:00,Wanshouxigong,9.0,11.156769276204015
2017-02-01 01:00:00,Wanshouxigong,12.0,10.126471200285772
2017-02-01 02:00:00,Wanshouxigong,9.0,13.11091335353742
2017-02-01 03:00:00,Wanshouxigong,9.0,12.026693242403555
2017-02-01 04:00:00,Wanshouxigong,5.0,12.2416972708948
2017-02-01 05:00:00,Wanshouxigong,8.0,10.415971247582428
2017-02-01 06:00:00,Wanshouxigong,5.0,11.395881407109279
2017-02-01 07:00:00,Wanshouxigong,5.0,11.7839912622343
2017-02-01 08:00:00,Wanshouxigong,4.0,10.494879639105768
2017-02-01 09:00:00,Wanshouxigong,12.0,9.069454853967935
2017-02-01 10:00:00,Wanshouxigong,11.0,11.262843904410184
2017-02-01 11:00:00,Wanshouxigong,10.0,9.845447613232658
2017-02-01 12:00:00,Wanshouxigong,12.0,8.082988408835087
2017-02-01 13:00:00,Wanshouxigong,18.0,11.838811316951277
2017-02-01 14:00:00,Wanshouxigong,16.0,21.22459958721747
2017-02-01 15:00:00,Wanshouxigong,16.0,19.9044305657067
2017-02-01 16:00:00,Wanshouxigong,35.0,19.081921395677284
2017-02-01 17:00:00,Wanshouxigong,65.0,44.544323603864484
2017-02-01 18:00:00,Wanshouxigong,72.0,72.30981661651207
2017-02-01 19:00:00,Wanshouxigong,104.0,78.82083685262717
2017-02-01 20:00:00,Wanshouxigong,142.0,105.07461023111365
2017-02-01 21:00:00,Wanshouxigong,145.0,147.69579151852255
2017-02-01 22:00:00,Wanshouxigong,160.0,141.70367311645833
2017-02-01 23:00:00,Wanshouxigong,163.0,151.48135263919957
2017-02-02 00:00:00,Wanshouxigong,191.0,177.49078380491943
2017-02-02 01:00:00,Wanshouxigong,198.0,190.6015813855637
2017-02-02 02:00:00,Wanshouxigong,185.0,184.39623646223487
2017-02-02 03:00:00,Wanshouxigong,136.0,154.43474650481267
2017-02-02 04:00:00,Wanshouxigong,70.0,108.42780661978654
2017-02-02 05:00:00,Wanshouxigong,46.0,57.21565127934381
2017-02-02 06:00:00,Wanshouxigong,38.0,44.25551149909091
2017-02-02 07:00:00,Wanshouxigong,26.0,38.143424929240176
2017-02-02 08:00:00,Wanshouxigong,37.0,28.633913755560872
2017-02-02 09:00:00,Wanshouxigong,51.0,39.04545792216257
2017-02-02 10:00:00,Wanshouxigong,57.0,54.17446041847666
2017-02-02 11:00:00,Wanshouxigong,62.0,59.3757743792591
2017-02-02 12:00:00,Wanshouxigong,63.0,58.647760755150834
2017-02-02 13:00:00,Wanshouxigong,71.0,60.126714290192616
2017-02-02 14:00:00,Wanshouxigong,76.0,73.33530936374493
2017-02-02 15:00:00,Wanshouxigong,89.0,79.00688031572524
2017-02-02 16:00:00,Wanshouxigong,102.0,98.92403527708349
2017-02-02 17:00:00,Wanshouxigong,121.0,115.83054897362253
2017-02-02 18:00:00,Wanshouxigong,143.0,136.98980811761578
2017-02-02 19:00:00,Wanshouxigong,153.0,153.09977641255662
2017-02-02 20:00:00,Wanshouxigong,163.0,161.08056598862595
2017-02-02 21:00:00,Wanshouxigong,179.0,168.90231663733684
2017-02-02 22:00:00,Wanshouxigong,188.0,179.69710674820345
2017-02-02 23:00:00,Wanshouxigong,198.0,183.12011965547984
2017-02-03 00:00:00,Wanshouxigong,218.0,201.4269738837143
2017-02-03 01:00:00,Wanshouxigong,245.0,207.8556369936732
2017-02-03 02:00:00,Wanshouxigong,240.0,220.08118368415015
2017-02-03 03:00:00,Wanshouxigong,177.0,208.72896022397092
2017-02-03 04:00:00,Wanshouxigong,193.0,126.51116178985949
2017-02-03 05:00:00,Wanshouxigong,116.0,174.13947968482833
2017-02-03 06:00:00,Wanshouxigong,81.0,89.383397932458
2017-02-03 07:00:00,Wanshouxigong,79.0,68.589868673899
2017-02-03 08:00:00,Wanshouxigong,90.0,80.4912927108197
2017-02-03 09:00:00,Wanshouxigong,84.0,91.33042062125432
2017-02-03 10:00:00,Wanshouxigong,66.0,83.45551285744754
2017-02-03 11:00:00,Wanshouxigong,91.0,61.24142001113883
2017-02-03 12:00:00,Wanshouxigong,115.0,94.34293076403571
2017-02-03 13:00:00,Wanshouxigong,143.0,121.8897918154843
2017-02-03 14:00:00,Wanshouxigong,201.0,150.3825538643871
2017-02-03 15:00:00,Wanshouxigong,232.0,210.01047707862622
2017-02-03 16:00:00,Wanshouxigong,241.0,230.57921495554524
2017-02-03 17:00:00,Wanshouxigong,251.0,240.8602680073863
2017-02-03 18:00:00,Wanshouxigong,264.0,255.49279298100382
2017-02-03 19:00:00,Wanshouxigong,296.0,266.67484003369816
2017-02-03 20:00:00,Wanshouxigong,321.0,299.90507133655865
2017-02-03 21:00:00,Wanshouxigong,332.0,303.92006500465203
2017-02-03 22:00:00,Wanshouxigong,318.0,314.18646021923814
2017-02-03 23:00:00,Wanshouxigong,317.0,289.02840364910975
2017-02-04 00:00:00,Wanshouxigong,321.0,302.69480882223235
2017-02-04 01:00:00,Wanshouxigong,329.0,301.1121398098114
2017-02-04 02:00:00,Wanshouxigong,333.0,315.02066770121047
2017-02-04 03:00:00,Wanshouxigong,343.0,305.70605556652407
2017-02-04 04:00:00,Wanshouxigong,311.0,303.7034698916094
2017-02-04 05:00:00,Wanshouxigong,307.0,296.3957842201355
2017-02-04 06:00:00,Wanshouxigong,327.0,283.2952773075049
2017-02-04 07:00:00,Wanshouxigong,343.0,313.0605658702742
2017-02-04 08:00:00,Wanshouxigong,340.0,311.8900025715692
2017-02-04 09:00:00,Wanshouxigong,324.0,317.72221139401665
2017-02-04 10:00:00,Wanshouxigong,300.0,275.0456193786839
2017-02-04 11:00:00,Wanshouxigong,328.0,272.2341441285913
2017-02-04 12:00:00,Wanshouxigong,387.0,322.71137495113305
2017-02-04 13:00:00,Wanshouxigong,413.0,373.7308244726203
2017-02-04 14:00:00,Wanshouxigong,384.0,380.8098804579345
2017-02-04 15:00:00,Wanshouxigong,386.0,376.6859449029776
2017-02-04 16:00:00,Wanshouxigong,385.0,351.3944233622595
2017-02-04 17:00:00,Wanshouxigong,398.0,369.72651585260826
2017-02-04 18:00:00,Wanshouxigong,409.0,385.19815984789284
2017-02-04 19:00:00,Wanshouxigong,389.0,322.4850270626605
2017-02-04 20:00:00,Wanshouxigong,46.0,247.75562999958254
2017-02-04 21:00:00,Wanshouxigong,12.0,-13.770185095833265
2017-02-04 22:00:00,Wanshouxigong,18.0,13.032538179078065
2017-02-04 23:00:00,Wanshouxigong,8.0,15.812409877301901
2017-02-05 00:00:00,Wanshouxigong,14.0,14.202377509146555
2017-02-05 01:00:00,Wanshouxigong,24.0,17.922751292049277
2017-02-05 02:00:00,Wanshouxigong,24.0,29.336764633297626
2017-02-05 03:00:00,Wanshouxigong,16.0,25.592216983308806
2017-02-05 04:00:00,Wanshouxigong,24.0,22.82518991034563
2017-02-05 05:00:00,Wanshouxigong,15.0,27.080507249453397
2017-02-05 06:00:00,Wanshouxigong,15.0,20.647834385234233
2017-02-05 07:00:00,Wanshouxigong,7.0,13.579563969916068
2017-02-05 08:00:00,Wanshouxigong,6.0,8.587245696310307
2017-02-05 09:00:00,Wanshouxigong,6.0,6.491904274394137
2017-02-05 10:00:00,Wanshouxigong,3.0,9.83146967330261
2017-02-05 11:00:00,Wanshouxigong,3.0,6.525861608339569
2017-02-05 12:00:00,Wanshouxigong,5.0,5.453476859137077
2017-02-05 13:00:00,Wanshouxigong,8.0,5.135254585656329
2017-02-05 14:00:00,Wanshouxigong,7.0,6.066161445069713
2017-02-05 15:00:00,Wanshouxigong,12.0,5.665827661419959
2017-02-05 16:00:00,Wanshouxigong,18.0,9.624620141616148
2017-02-05 17:00:00,Wanshouxigong,19.0,16.21445702652997
2017-02-05 18:00:00,Wanshouxigong,9.0,16.64796397155853
2017-02-05 19:00:00,Wanshouxigong,6.0,9.913630149467275
2017-02-05 20:00:00,Wanshouxigong,10.0,7.092567199112353
2017-02-05 21:00:00,Wanshouxigong,6.0,12.815860128171932
2017-02-05 22:00:00,Wanshouxigong,5.0,8.496079996427698
2017-02-05 23:00:00,Wanshouxigong,9.0,6.018905536140347
2017-02-06 00:00:00,Wanshouxigong,9.0,7.70088310512574
2017-02-06 01:00:00,Wanshouxigong,5.0,7.2881243868009165
2017-02-06 02:00:00,Wanshouxigong,5.0,6.271858800073312
2017-02-06 03:00:00,Wanshouxigong,3.0,6.155402346099971
2017-02-06 04:00:00,Wanshouxigong,8.0,5.0357074789642455
2017-02-06 05:00:00,Wanshouxigong,5.0,5.637758751921742
2017-02-06 06:00:00,Wanshouxigong,4.0,5.2293598266561965
2017-02-06 07:00:00,Wanshouxigong,3.0,4.856742422801406
2017-02-06 08:00:00,Wanshouxigong,3.0,10.673475300741417
2017-02-06 09:00:00,Wanshouxigong,3.0,6.916451254411445
2017-02-06 10:00:00,Wanshouxigong,3.0,5.955301869204359
2017-02-06 11:00:00,Wanshouxigong,4.0,6.0678947504650615
2017-02-06 12:00:00,Wanshouxigong,6.0,6.2822230230429
2017-02-06 13:00:00,Wanshouxigong,6.0,5.485943919517605
2017-02-06 14:00:00,Wanshouxigong,8.0,7.131692924116818
2017-02-06 15:00:00,Wanshouxigong,8.0,12.18536319725894
2017-02-06 16:00:00,Wanshouxigong,3.0,15.064084691922488
2017-02-06 17:00:00,Wanshouxigong,13.0,11.1478040842539
2017-02-06 18:00:00,Wanshouxigong,16.0,16.81706520630067
2017-02-06 19:00:00,Wanshouxigong,25.0,22.907035852066986
2017-02-06 20:00:00,Wanshouxigong,31.0,33.240261135001916
2017-02-06 21:00:00,Wanshouxigong,41.0,37.883729182950184
2017-02-06 22:00:00,Wanshouxigong,46.0,46.21615390111888
2017-02-06 23:00:00,Wanshouxigong,56.0,50.415997046976216
2017-02-07 00:00:00,Wanshouxigong,72.0,60.7107825183069
2017-02-07 01:00:00,Wanshouxigong,63.0,77.00997596282565
2017-02-07 02:00:00,Wanshouxigong,61.0,66.00449088932389
2017-02-07 03:00:00,Wanshouxigong,60.0,63.866114144412684
2017-02-07 04:00:00,Wanshouxigong,70.0,63.433250581872315
2017-02-07 05:00:00,Wanshouxigong,68.0,71.780291477693
2017-02-07 06:00:00,Wanshouxigong,74.0,68.68509539331
2017-02-07 07:00:00,Wanshouxigong,73.0,82.19429225733212
2017-02-07 08:00:00,Wanshouxigong,82.0,76.49594891610326
2017-02-07 09:00:00,Wanshouxigong,68.0,93.40367768552696
2017-02-07 10:00:00,Wanshouxigong,40.0,71.75926636934793
2017-02-07 11:00:00,Wanshouxigong,41.0,46.74064072713579
2017-02-07 12:00:00,Wanshouxigong,41.0,46.25472487113655
2017-02-07 13:00:00,Wanshouxigong,42.0,48.624864426574504
2017-02-07 14:00:00,Wanshouxigong,41.0,48.48444304570228
2017-02-07 15:00:00,Wanshouxigong,38.0,48.97266234087923
2017-02-07 16:00:00,Wanshouxigong,39.0,48.65355198341324
2017-02-07 17:00:00,Wanshouxigong,71.0,48.783665630479405
2017-02-07 18:00:00,Wanshouxigong,102.0,90.06399394453867
2017-02-07 19:00:00,Wanshouxigong,103.0,114.33789998991925
2017-02-07 20:00:00,Wanshouxigong,106.0,108.17251175521226
2017-02-07 21:00:00,Wanshouxigong,105.0,111.25789114832952
2017-02-07 22:00:00,Wanshouxigong,97.0,112.64984371305115
2017-02-07 23:00:00,Wanshouxigong,104.0,97.81869945599999
2017-02-08 00:00:00,Wanshouxigong,102.0,111.42832972144097
2017-02-08 01:00:00,Wanshouxigong,98.0,102.13695062088865
2017-02-08 02:00:00,Wanshouxigong,101.0,95.49463971596374
2017-02-08 03:00:00,Wanshouxigong,85.0,100.30533274730301
2017-02-08 04:00:00,Wanshouxigong,51.0,78.63130604395045
2017-02-08 05:00:00,Wanshouxigong,37.0,47.38259871064476
2017-02-08 06:00:00,Wanshouxigong,15.0,34.63386732995191
2017-02-08 07:00:00,Wanshouxigong,11.0,16.099017520395265
2017-02-08 08:00:00,Wanshouxigong,9.0,13.34066486033015
2017-02-08 09:00:00,Wanshouxigong,6.0,7.8632319674707025
2017-02-08 10:00:00,Wanshouxigong,10.0,6.469663125146178
2017-02-08 11:00:00,Wanshouxigong,12.0,8.009227928869203
2017-02-08 12:00:00,Wanshouxigong,10.0,9.741275021882652
2017-02-08 13:00:00,Wanshouxigong,12.0,8.415243837963061
2017-02-08 14:00:00,Wanshouxigong,13.0,9.827390133371171
2017-02-08 15:00:00,Wanshouxigong,13.0,10.363064747587739
2017-02-08 16:00:00,Wanshouxigong,12.0,10.88953732943611
2017-02-08 17:00:00,Wanshouxigong,11.0,11.353914141189263
2017-02-08 18:00:00,Wanshouxigong,6.0,10.593784282385965
2017-02-08 19:00:00,Wanshouxigong,8.0,10.020220852098385
2017-02-08 20:00:00,Wanshouxigong,8.0,10.02313246038643
2017-02-08 21:00:00,Wanshouxigong,9.0,9.765643616734124
2017-02-08 22:00:00,Wanshouxigong,4.0,9.530462741238058
2017-02-08 23:00:00,Wanshouxigong,6.0,8.91111932156157
2017-02-09 00:00:00,Wanshouxigong,7.0,8.472754277655989
2017-02-09 01:00:00,Wanshouxigong,8.0,6.126871643504908
2017-02-09 03:00:00,Wanshouxigong,7.0,-0.6452463404935755
2017-02-09 04:00:00,Wanshouxigong,7.0,0.59748432130744
2017-02-09 05:00:00,Wanshouxigong,3.0,5.318935451058581
2017-02-09 06:00:00,Wanshouxigong,7.0,5.533661728834456
2017-02-09 07:00:00,Wanshouxigong,4.0,5.706228850532174
2017-02-09 08:00:00,Wanshouxigong,6.0,5.534769077111954
2017-02-09 09:00:00,Wanshouxigong,5.0,5.220540564840728
2017-02-09 10:00:00,Wanshouxigong,6.0,5.6074646919626305
2017-02-09 11:00:00,Wanshouxigong,6.0,4.8889327106407885
2017-02-09 12:00:00,Wanshouxigong,3.0,5.171898013614128
2017-02-09 13:00:00,Wanshouxigong,6.0,5.5052622548174694
2017-02-09 14:00:00,Wanshouxigong,7.0,5.429720864898435
2017-02-09 15:00:00,Wanshouxigong,11.0,5.972200725249949
2017-02-09 16:00:00,Wanshouxigong,10.0,8.497884817773183
2017-02-09 17:00:00,Wanshouxigong,5.0,8.78112906701335
2017-02-09 18:00:00,Wanshouxigong,4.0,7.87230089718178
2017-02-09 19:00:00,Wanshouxigong,9.0,7.187940161696266
2017-02-09 20:00:00,Wanshouxigong,6.0,8.233149447726454
2017-02-09 21:00:00,Wanshouxigong,3.0,6.737745263116047
2017-02-09 22:00:00,Wanshouxigong,4.0,5.2172433477406654
2017-02-09 23:00:00,Wanshouxigong,3.0,5.456473906957037
2017-02-10 00:00:00,Wanshouxigong,3.0,5.861650967625851
2017-02-10 01:00:00,Wanshouxigong,4.0,5.729718557406786
2017-02-10 02:00:00,Wanshouxigong,5.0,4.7833402349877625
2017-02-10 03:00:00,Wanshouxigong,3.0,4.7403141881487985
2017-02-10 04:00:00,Wanshouxigong,3.0,4.674275081895027
2017-02-10 05:00:00,Wanshouxigong,3.0,4.674275081895027
2017-02-10 06:00:00,Wanshouxigong,3.0,4.840017286569163
2017-02-10 07:00:00,Wanshouxigong,3.0,5.079194317951833
2017-02-10 08:00:00,Wanshouxigong,8.0,5.079194317951833
2017-02-10 09:00:00,Wanshouxigong,3.0,5.8402616753097725
2017-02-10 10:00:00,Wanshouxigong,4.0,5.340752776410402
2017-02-10 11:00:00,Wanshouxigong,8.0,5.115374714056797
2017-02-10 12:00:00,Wanshouxigong,7.0,6.5018117939622
2017-02-10 13:00:00,Wanshouxigong,5.0,8.19769536502187
2017-02-10 14:00:00,Wanshouxigong,7.0,5.35576038371522
2017-02-10 15:00:00,Wanshouxigong,7.0,6.014654764948618
2017-02-10 16:00:00,Wanshouxigong,11.0,6.5887534185513505
2017-02-10 17:00:00,Wanshouxigong,10.0,8.887405484244766
2017-02-10 18:00:00,Wanshouxigong,9.0,9.21495713210177
2017-02-10 19:00:00,Wanshouxigong,9.0,8.788637578764556
2017-02-10 20:00:00,Wanshouxigong,10.0,11.557240588708918
2017-02-10 21:00:00,Wanshouxigong,10.0,9.857151411804244
2017-02-10 22:00:00,Wanshouxigong,12.0,10.725068872491885
2017-02-10 23:00:00,Wanshouxigong,21.0,11.481235560199327
2017-02-11 00:00:00,Wanshouxigong,13.0,19.024302992746833
2017-02-11 01:00:00,Wanshouxigong,10.0,15.537465707927884
2017-02-11 02:00:00,Wanshouxigong,10.0,10.587596065312612
2017-02-11 03:00:00,Wanshouxigong,11.0,10.493930959650237
2017-02-11 04:00:00,Wanshouxigong,9.0,9.491181946115402
2017-02-11 05:00:00,Wanshouxigong,10.0,12.942617486672598
2017-02-11 06:00:00,Wanshouxigong,10.0,15.053994767638317
2017-02-11 07:00:00,Wanshouxigong,10.0,11.102414704758854
2017-02-11 08:00:00,Wanshouxigong,12.0,12.81284194414668
2017-02-11 09:00:00,Wanshouxigong,18.0,12.786248806696147
2017-02-11 10:00:00,Wanshouxigong,17.0,19.058215616108836
2017-02-11 11:00:00,Wanshouxigong,12.0,18.22387390551314
2017-02-11 12:00:00,Wanshouxigong,15.0,11.80059517747548
2017-02-11 13:00:00,Wanshouxigong,13.0,13.624415005366343
2017-02-11 14:00:00,Wanshouxigong,16.0,12.385074744756867
2017-02-11 15:00:00,Wanshouxigong,33.0,18.133475036112188
2017-02-11 16:00:00,Wanshouxigong,49.0,38.864527353476795
2017-02-11 17:00:00,Wanshouxigong,49.0,56.95744131713966
2017-02-11 18:00:00,Wanshouxigong,66.0,56.472489081901536
2017-02-11 19:00:00,Wanshouxigong,116.0,80.19332986834553
2017-02-11 20:00:00,Wanshouxigong,186.0,128.0961151378314
2017-02-11 21:00:00,Wanshouxigong,259.0,184.83359510798704
2017-02-11 22:00:00,Wanshouxigong,303.0,279.8011415860239
2017-02-11 23:00:00,Wanshouxigong,350.0,337.00644078948324
2017-02-12 00:00:00,Wanshouxigong,198.0,377.6962724728312
2017-02-12 01:00:00,Wanshouxigong,205.0,174.5611561994772
2017-02-12 02:00:00,Wanshouxigong,193.0,190.60608999922917
2017-02-12 03:00:00,Wanshouxigong,111.0,180.62985778829645
2017-02-12 04:00:00,Wanshouxigong,63.0,84.32699695665275
2017-02-12 05:00:00,Wanshouxigong,44.0,49.79542669515645
2017-02-12 06:00:00,Wanshouxigong,38.0,40.587962078559286
2017-02-12 07:00:00,Wanshouxigong,82.0,38.751355689132716
2017-02-12 08:00:00,Wanshouxigong,124.0,90.34138341344328
2017-02-12 09:00:00,Wanshouxigong,126.0,124.11022559777952
2017-02-12 10:00:00,Wanshouxigong,136.0,128.2087277957846
2017-02-12 11:00:00,Wanshouxigong,137.0,135.15224240993078
2017-02-12 12:00:00,Wanshouxigong,127.0,129.05127104349845
2017-02-12 13:00:00,Wanshouxigong,132.0,124.60896785889604
2017-02-12 14:00:00,Wanshouxigong,110.0,133.82244495604098
2017-02-12 15:00:00,Wanshouxigong,97.0,103.24986224042546
2017-02-12 16:00:00,Wanshouxigong,114.0,98.92459210425746
2017-02-12 17:00:00,Wanshouxigong,118.0,123.27790467969709
2017-02-12 18:00:00,Wanshouxigong,111.0,127.70793297121584
2017-02-12 19:00:00,Wanshouxigong,116.0,120.05117715729233
2017-02-12 20:00:00,Wanshouxigong,144.0,127.54924811384208
2017-02-12 21:00:00,Wanshouxigong,155.0,165.13633278528508
2017-02-12 22:00:00,Wanshouxigong,145.0,173.54101476767346
2017-02-12 23:00:00,Wanshouxigong,140.0,153.7424329569089
2017-02-13 00:00:00,Wanshouxigong,158.0,154.0808158919481
2017-02-13 01:00:00,Wanshouxigong,167.0,161.5347506103924
2017-02-13 02:00:00,Wanshouxigong,194.0,164.28599893431377
2017-02-13 03:00:00,Wanshouxigong,195.0,189.26695251189042
2017-02-13 04:00:00,Wanshouxigong,167.0,189.4346890305102
2017-02-13 05:00:00,Wanshouxigong,114.0,149.5473871701463
2017-02-13 06:00:00,Wanshouxigong,101.0,94.2505227452427
2017-02-13 07:00:00,Wanshouxigong,89.0,101.01812801197644
2017-02-13 08:00:00,Wanshouxigong,66.0,85.34580397641871
2017-02-13 09:00:00,Wanshouxigong,47.0,69.20561408849954
2017-02-13 10:00:00,Wanshouxigong,35.0,46.92207899744071
2017-02-13 11:00:00,Wanshouxigong,22.0,35.9119685918613
2017-02-13 12:00:00,Wanshouxigong,15.0,21.361285673936393
2017-02-13 13:00:00,Wanshouxigong,13.0,15.158079947318688
2017-02-13 14:00:00,Wanshouxigong,14.0,13.832076443633037
2017-02-13 15:00:00,Wanshouxigong,16.0,13.743170357176679
2017-02-13 16:00:00,Wanshouxigong,22.0,17.676887288463373
2017-02-13 17:00:00,Wanshouxigong,20.0,28.236940651761174
2017-02-13 18:00:00,Wanshouxigong,34.0,29.291123959480117
2017-02-13 19:00:00,Wanshouxigong,92.0,49.69699744511341
2017-02-13 20:00:00,Wanshouxigong,119.0,111.11220131572112
2017-02-13 21:00:00,Wanshouxigong,178.0,132.66399972292518
2017-02-13 22:00:00,Wanshouxigong,170.0,181.76093737221376
2017-02-13 23:00:00,Wanshouxigong,159.0,175.87443026087405
2017-02-14 00:00:00,Wanshouxigong,115.0,155.99384417443153
2017-02-14 01:00:00,Wanshouxigong,130.0,100.46190642127728
2017-02-14 02:00:00,Wanshouxigong,152.0,136.02237604533227
2017-02-14 03:00:00,Wanshouxigong,156.0,155.9423787863553
2017-02-14 04:00:00,Wanshouxigong,142.0,159.3253156115033
2017-02-14 05:00:00,Wanshouxigong,132.0,135.71414134481344
2017-02-14 06:00:00,Wanshouxigong,121.0,130.21529304273426
2017-02-14 07:00:00,Wanshouxigong,119.0,124.65548865211895
2017-02-14 08:00:00,Wanshouxigong,128.0,132.00145953545436
2017-02-14 09:00:00,Wanshouxigong,151.0,143.9947147875465
2017-02-14 10:00:00,Wanshouxigong,183.0,168.22541595088828
2017-02-14 11:00:00,Wanshouxigong,201.0,202.8259172189451
2017-02-14 12:00:00,Wanshouxigong,213.0,219.00245190656506
2017-02-14 13:00:00,Wanshouxigong,228.0,221.28886254063798
2017-02-14 14:00:00,Wanshouxigong,231.0,239.5148432158775
2017-02-14 15:00:00,Wanshouxigong,224.0,245.33281115406777
2017-02-14 16:00:00,Wanshouxigong,212.0,237.7087708158282
2017-02-14 17:00:00,Wanshouxigong,199.0,226.43766280797212
2017-02-14 18:00:00,Wanshouxigong,199.0,215.53678418564587
2017-02-14 19:00:00,Wanshouxigong,214.0,217.82467892820046
2017-02-14 20:00:00,Wanshouxigong,227.0,223.25704412944117
2017-02-14 21:00:00,Wanshouxigong,217.0,236.99326345156942
2017-02-14 22:00:00,Wanshouxigong,230.0,215.29926297211162
2017-02-14 23:00:00,Wanshouxigong,251.0,241.194038864501
2017-02-15 00:00:00,Wanshouxigong,247.0,246.0049050227075
2017-02-15 01:00:00,Wanshouxigong,240.0,243.799274912686
2017-02-15 02:00:00,Wanshouxigong,238.0,232.35728946221823
2017-02-15 03:00:00,Wanshouxigong,233.0,227.47151047277495
2017-02-15 04:00:00,Wanshouxigong,231.0,218.99323575558785
2017-02-15 05:00:00,Wanshouxigong,231.0,217.60683387497446
2017-02-15 06:00:00,Wanshouxigong,233.0,219.2479513213814
2017-02-15 07:00:00,Wanshouxigong,225.0,225.19943844028842
2017-02-15 08:00:00,Wanshouxigong,230.0,219.53726928829352
2017-02-15 09:00:00,Wanshouxigong,239.0,232.5998042868527
2017-02-15 10:00:00,Wanshouxigong,242.0,245.4560724713077
2017-02-15 11:00:00,Wanshouxigong,242.0,244.29250834030682
2017-02-15 12:00:00,Wanshouxigong,248.0,248.05674777254185
2017-02-15 13:00:00,Wanshouxigong,252.0,244.42653852475073
2017-02-15 14:00:00,Wanshouxigong,246.0,259.1204541524229
2017-02-15 15:00:00,Wanshouxigong,246.0,244.93222099734732
2017-02-15 16:00:00,Wanshouxigong,267.0,243.87942124299266
2017-02-15 17:00:00,Wanshouxigong,259.0,269.11534436306084
2017-02-15 18:00:00,Wanshouxigong,271.0,268.7719950885642
2017-02-15 19:00:00,Wanshouxigong,278.0,280.7125421899726
2017-02-15 20:00:00,Wanshouxigong,278.0,282.8037519302897
2017-02-15 21:00:00,Wanshouxigong,279.0,282.6439645889137
2017-02-15 22:00:00,Wanshouxigong,287.0,278.6734709289338
2017-02-15 23:00:00,Wanshouxigong,267.0,289.53501452939213
2017-02-16 00:00:00,Wanshouxigong,267.0,273.7525163505377
2017-02-16 01:00:00,Wanshouxigong,273.0,263.9503771219478
2017-02-16 02:00:00,Wanshouxigong,266.0,263.60129645774566
2017-02-16 03:00:00,Wanshouxigong,264.0,261.26878865333083
2017-02-16 04:00:00,Wanshouxigong,262.0,253.50742285009946
2017-02-16 05:00:00,Wanshouxigong,261.0,250.51331317740244
2017-02-16 06:00:00,Wanshouxigong,256.0,249.1457467680228
2017-02-16 07:00:00,Wanshouxigong,238.0,226.80174723192468
2017-02-16 08:00:00,Wanshouxigong,163.0,223.75512094492106
2017-02-16 09:00:00,Wanshouxigong,87.0,118.55820252731364
2017-02-16 10:00:00,Wanshouxigong,48.0,39.51195167577418
2017-02-16 11:00:00,Wanshouxigong,20.0,36.53773091018259
2017-02-16 12:00:00,Wanshouxigong,16.0,21.49441736112982
2017-02-16 13:00:00,Wanshouxigong,12.0,16.721203844004087
2017-02-16 14:00:00,Wanshouxigong,5.0,10.690919508091506
2017-02-16 15:00:00,Wanshouxigong,6.0,8.702535776235392
2017-02-16 16:00:00,Wanshouxigong,9.0,7.518563764358717
2017-02-16 17:00:00,Wanshouxigong,9.0,9.607952527874764
2017-02-16 18:00:00,Wanshouxigong,18.0,9.153621414927379
2017-02-16 19:00:00,Wanshouxigong,13.0,16.131505989115006
2017-02-16 20:00:00,Wanshouxigong,6.0,12.830675083605012
2017-02-16 21:00:00,Wanshouxigong,8.0,7.1870132670247875
2017-02-16 22:00:00,Wanshouxigong,6.0,6.974493492236488
2017-02-16 23:00:00,Wanshouxigong,3.0,6.241224120272742
2017-02-17 00:00:00,Wanshouxigong,6.0,5.597998132185871
2017-02-17 01:00:00,Wanshouxigong,10.0,5.7376286339280895
2017-02-17 02:00:00,Wanshouxigong,4.0,7.261874143472559
2017-02-17 03:00:00,Wanshouxigong,10.0,5.317745314126913
2017-02-17 04:00:00,Wanshouxigong,8.0,9.761363989421938
2017-02-17 05:00:00,Wanshouxigong,5.0,10.100437231698141
2017-02-17 06:00:00,Wanshouxigong,9.0,8.906655957576508
2017-02-17 07:00:00,Wanshouxigong,10.0,10.142023851025959
2017-02-17 08:00:00,Wanshouxigong,9.0,12.197758167069551
2017-02-17 09:00:00,Wanshouxigong,6.0,10.193302822927498
2017-02-17 10:00:00,Wanshouxigong,10.0,6.362652135365266
2017-02-17 11:00:00,Wanshouxigong,11.0,7.805397076169328
2017-02-17 12:00:00,Wanshouxigong,3.0,9.107840331636321
2017-02-17 13:00:00,Wanshouxigong,5.0,5.5816789752749285
2017-02-17 14:00:00,Wanshouxigong,17.0,6.0490595852626825
2017-02-17 15:00:00,Wanshouxigong,34.0,19.048867013384317
2017-02-17 16:00:00,Wanshouxigong,53.0,40.41395093880596
2017-02-17 17:00:00,Wanshouxigong,59.0,59.88905117034413
2017-02-17 18:00:00,Wanshouxigong,67.0,70.30788917054767
2017-02-17 19:00:00,Wanshouxigong,64.0,76.36674252644062
2017-02-17 20:00:00,Wanshouxigong,66.0,69.10897930597203
2017-02-17 21:00:00,Wanshouxigong,65.0,70.4911175641649
2017-02-17 22:00:00,Wanshouxigong,57.0,67.0794299414065
2017-02-17 23:00:00,Wanshouxigong,69.0,60.13024293294919
2017-02-18 00:00:00,Wanshouxigong,78.0,93.56843850869093
2017-02-18 01:00:00,Wanshouxigong,104.0,82.07095984945352
2017-02-18 02:00:00,Wanshouxigong,114.0,105.08905852296316
2017-02-18 03:00:00,Wanshouxigong,128.0,112.97664761004305
2017-02-18 04:00:00,Wanshouxigong,135.0,132.08822802198807
2017-02-18 05:00:00,Wanshouxigong,103.0,132.6529905619992
2017-02-18 06:00:00,Wanshouxigong,82.0,93.38840996251606
2017-02-18 07:00:00,Wanshouxigong,79.0,82.02539310899866
2017-02-18 08:00:00,Wanshouxigong,79.0,79.37042838451076
2017-02-18 09:00:00,Wanshouxigong,90.0,81.15865343582028
2017-02-18 10:00:00,Wanshouxigong,94.0,93.54224147933645
2017-02-18 11:00:00,Wanshouxigong,100.0,92.4719949882399
2017-02-18 12:00:00,Wanshouxigong,108.0,103.86152255875243
2017-02-18 13:00:00,Wanshouxigong,106.0,108.55178915046525
2017-02-18 14:00:00,Wanshouxigong,102.0,101.82766532290053
2017-02-18 15:00:00,Wanshouxigong,100.0,105.66780121073432
2017-02-18 16:00:00,Wanshouxigong,68.0,104.25670084753928
2017-02-18 17:00:00,Wanshouxigong,67.0,70.29771366172696
2017-02-18 18:00:00,Wanshouxigong,86.0,79.14805247007415
2017-02-18 19:00:00,Wanshouxigong,102.0,101.15886407547475
2017-02-18 20:00:00,Wanshouxigong,120.0,118.69594536297937
2017-02-18 21:00:00,Wanshouxigong,119.0,129.33816148951033
2017-02-18 22:00:00,Wanshouxigong,120.0,132.11750684235508
2017-02-18 23:00:00,Wanshouxigong,129.0,125.3333984806659
2017-02-19 00:00:00,Wanshouxigong,133.0,134.251239298627
2017-02-19 01:00:00,Wanshouxigong,139.0,134.36158877820782
2017-02-19 02:00:00,Wanshouxigong,147.0,144.125110273662
2017-02-19 03:00:00,Wanshouxigong,154.0,146.32743171136772
2017-02-19 04:00:00,Wanshouxigong,168.0,156.19212924465532
2017-02-19 05:00:00,Wanshouxigong,166.0,163.92058953439056
2017-02-19 06:00:00,Wanshouxigong,164.0,169.78449259248347
2017-02-19 07:00:00,Wanshouxigong,158.0,168.5845998839549
2017-02-19 08:00:00,Wanshouxigong,157.0,165.3095355674444
2017-02-19 09:00:00,Wanshouxigong,163.0,166.78357180755663
2017-02-19 10:00:00,Wanshouxigong,172.0,161.7434727521458
2017-02-19 11:00:00,Wanshouxigong,169.0,156.69799121521072
2017-02-19 12:00:00,Wanshouxigong,172.0,154.8197885940658
2017-02-19 13:00:00,Wanshouxigong,156.0,173.82360187428372
2017-02-19 14:00:00,Wanshouxigong,69.0,147.35410638329566
2017-02-19 15:00:00,Wanshouxigong,30.0,30.909408867216705
2017-02-19 16:00:00,Wanshouxigong,10.0,22.201775669636667
2017-02-19 17:00:00,Wanshouxigong,10.0,9.697140714476161
2017-02-19 18:00:00,Wanshouxigong,8.0,9.993758654035691
2017-02-19 19:00:00,Wanshouxigong,12.0,9.258966496692699
2017-02-19 20:00:00,Wanshouxigong,17.0,9.901248654812226
2017-02-19 21:00:00,Wanshouxigong,16.0,14.48998130538852
2017-02-19 22:00:00,Wanshouxigong,6.0,13.666082737852781
2017-02-19 23:00:00,Wanshouxigong,7.0,7.384944639076663
2017-02-20 00:00:00,Wanshouxigong,3.0,6.577560572341871
2017-02-20 01:00:00,Wanshouxigong,10.0,6.1337879983329335
2017-02-20 02:00:00,Wanshouxigong,5.0,7.271566526402983
2017-02-20 03:00:00,Wanshouxigong,8.0,7.97952965600502
2017-02-20 04:00:00,Wanshouxigong,8.0,7.854229471772545
2017-02-20 05:00:00,Wanshouxigong,5.0,8.611443345982558
2017-02-20 06:00:00,Wanshouxigong,6.0,5.380009340369458
2017-02-20 07:00:00,Wanshouxigong,9.0,5.641466790727816
2017-02-20 08:00:00,Wanshouxigong,13.0,9.797100187748738
2017-02-20 09:00:00,Wanshouxigong,9.0,12.632985501602846
2017-02-20 10:00:00,Wanshouxigong,15.0,10.179396199483715
2017-02-20 12:00:00,Wanshouxigong,11.0,6.788729600013195
2017-02-20 13:00:00,Wanshouxigong,14.0,7.2437745356113785
2017-02-20 16:00:00,Wanshouxigong,12.0,11.341135955399706
2017-02-20 18:00:00,Wanshouxigong,20.0,38.39171979516985
2017-02-20 19:00:00,Wanshouxigong,26.0,26.996407380594672
2017-02-20 20:00:00,Wanshouxigong,29.0,34.97928890310908
2017-02-20 21:00:00,Wanshouxigong,25.0,33.86676776875919
2017-02-20 22:00:00,Wanshouxigong,41.0,31.779452381070236
2017-02-21 01:00:00,Wanshouxigong,61.0,78.55793145062047
2017-02-21 02:00:00,Wanshouxigong,62.0,61.6793550118652
2017-02-21 05:00:00,Wanshouxigong,105.0,60.07613513998442
2017-02-21 08:00:00,Wanshouxigong,69.0,61.99377676044645
2017-02-21 09:00:00,Wanshouxigong,69.0,82.9833043141457
2017-02-21 11:00:00,Wanshouxigong,72.0,66.73628780961492
2017-02-21 13:00:00,Wanshouxigong,33.0,88.85894414067421
2017-02-21 14:00:00,Wanshouxigong,35.0,34.75639560915555
2017-02-21 15:00:00,Wanshouxigong,29.0,45.335249429921085
2017-02-21 16:00:00,Wanshouxigong,29.0,41.828364326443605
2017-02-21 17:00:00,Wanshouxigong,24.0,34.352006515307664
2017-02-21 18:00:00,Wanshouxigong,40.0,34.664137357319305
2017-02-21 19:00:00,Wanshouxigong,59.0,58.56444614847763
2017-02-21 20:00:00,Wanshouxigong,62.0,75.88382908940713
2017-02-21 21:00:00,Wanshouxigong,54.0,73.76066139951575
2017-02-21 22:00:00,Wanshouxigong,60.0,67.60099054986554
2017-02-21 23:00:00,Wanshouxigong,56.0,62.69321651499468
2017-02-22 00:00:00,Wanshouxigong,64.0,56.60061908280538
2017-02-22 01:00:00,Wanshouxigong,76.0,68.03387584081001
2017-02-22 02:00:00,Wanshouxigong,87.0,78.86249360491713
2017-02-22 03:00:00,Wanshouxigong,90.0,90.30968427154362
2017-02-22 04:00:00,Wanshouxigong,91.0,94.22464967295892
2017-02-22 06:00:00,Wanshouxigong,95.0,105.84712001517839
2017-02-22 07:00:00,Wanshouxigong,101.0,101.78019039110485
2017-02-22 08:00:00,Wanshouxigong,111.0,102.09179755334583
2017-02-22 09:00:00,Wanshouxigong,124.0,120.86887314801784
2017-02-22 10:00:00,Wanshouxigong,132.0,133.0814194566914
2017-02-22 12:00:00,Wanshouxigong,138.0,139.7250416451745
2017-02-22 13:00:00,Wanshouxigong,152.0,159.35399123187156
2017-02-22 14:00:00,Wanshouxigong,155.0,165.17428214751075
2017-02-22 15:00:00,Wanshouxigong,145.0,162.91423323217683
2017-02-22 16:00:00,Wanshouxigong,169.0,151.90063413970324
2017-02-22 18:00:00,Wanshouxigong,12.0,74.69520048405593
2017-02-22 19:00:00,Wanshouxigong,8.0,6.229146466856246
2017-02-22 21:00:00,Wanshouxigong,11.0,27.989909295094886
2017-02-22 22:00:00,Wanshouxigong,15.0,5.895944842590613
2017-02-22 23:00:00,Wanshouxigong,12.0,17.004805056608024
2017-02-23 00:00:00,Wanshouxigong,18.0,17.110676571333858
2017-02-23 01:00:00,Wanshouxigong,16.0,20.752672396259342
2017-02-23 02:00:00,Wanshouxigong,12.0,16.946275016932912
2017-02-23 03:00:00,Wanshouxigong,15.0,16.498026217901923
2017-02-23 04:00:00,Wanshouxigong,14.0,14.51699826220973
2017-02-23 05:00:00,Wanshouxigong,11.0,14.50660849673986
2017-02-23 06:00:00,Wanshouxigong,7.0,13.401663924143607
2017-02-23 07:00:00,Wanshouxigong,9.0,17.31213092189982
2017-02-23 08:00:00,Wanshouxigong,17.0,20.298594630064628
2017-02-23 09:00:00,Wanshouxigong,14.0,23.176091889649342
2017-02-23 10:00:00,Wanshouxigong,15.0,21.682962640657106
2017-02-23 12:00:00,Wanshouxigong,9.0,27.30346034912895
2017-02-23 13:00:00,Wanshouxigong,13.0,-0.5354537594028881
2017-02-23 14:00:00,Wanshouxigong,27.0,11.774934224476603
2017-02-23 15:00:00,Wanshouxigong,35.0,36.158625201275854
2017-02-23 16:00:00,Wanshouxigong,26.0,43.69540534771523
2017-02-23 17:00:00,Wanshouxigong,33.0,34.76547477656701
2017-02-23 18:00:00,Wanshouxigong,32.0,45.36436416422318
2017-02-23 19:00:00,Wanshouxigong,41.0,52.61261773092452
2017-02-23 20:00:00,Wanshouxigong,41.0,52.418132978185966
2017-02-23 21:00:00,Wanshouxigong,37.0,46.99443159078292
2017-02-23 22:00:00,Wanshouxigong,49.0,47.01365846812149
2017-02-23 23:00:00,Wanshouxigong,55.0,59.10087584318167
2017-02-24 00:00:00,Wanshouxigong,73.0,68.43875682622429
2017-02-24 01:00:00,Wanshouxigong,88.0,84.12219778101375
2017-02-24 02:00:00,Wanshouxigong,94.0,89.67949358138185
2017-02-24 03:00:00,Wanshouxigong,95.0,98.03447312872838
2017-02-24 04:00:00,Wanshouxigong,99.0,94.02923026835447
2017-02-24 05:00:00,Wanshouxigong,85.0,99.28220602397677
2017-02-24 06:00:00,Wanshouxigong,62.0,80.34990023254542
2017-02-24 07:00:00,Wanshouxigong,28.0,53.67208745006624
2017-02-24 08:00:00,Wanshouxigong,20.0,26.79072432752495
2017-02-24 09:00:00,Wanshouxigong,21.0,24.662736139144336
2017-02-24 10:00:00,Wanshouxigong,20.0,26.626771290825566
2017-02-24 11:00:00,Wanshouxigong,24.0,23.593133438051478
2017-02-24 12:00:00,Wanshouxigong,19.0,27.008631869589724
2017-02-24 13:00:00,Wanshouxigong,17.0,25.2316421524385
2017-02-24 14:00:00,Wanshouxigong,25.0,19.97168632052655
2017-02-24 15:00:00,Wanshouxigong,29.0,32.22144953953245
2017-02-24 16:00:00,Wanshouxigong,16.0,32.12883160044245
2017-02-24 17:00:00,Wanshouxigong,14.0,22.742338885832243
2017-02-24 18:00:00,Wanshouxigong,22.0,21.243126144849548
2017-02-24 19:00:00,Wanshouxigong,17.0,27.66644208687738
2017-02-24 20:00:00,Wanshouxigong,12.0,21.486861633520245
2017-02-24 21:00:00,Wanshouxigong,10.0,15.655405937152622
2017-02-24 22:00:00,Wanshouxigong,14.0,16.070898578682584
2017-02-24 23:00:00,Wanshouxigong,11.0,22.174127257392822
2017-02-25 00:00:00,Wanshouxigong,6.0,19.459092342027173
2017-02-25 01:00:00,Wanshouxigong,6.0,16.808919414722766
2017-02-25 02:00:00,Wanshouxigong,6.0,17.84845857574076
2017-02-25 03:00:00,Wanshouxigong,4.0,16.60869895600974
2017-02-25 04:00:00,Wanshouxigong,7.0,15.58900228902626
2017-02-25 05:00:00,Wanshouxigong,5.0,16.158292650707317
2017-02-25 06:00:00,Wanshouxigong,6.0,18.317373053485984
2017-02-25 07:00:00,Wanshouxigong,7.0,10.398252206828547
2017-02-25 08:00:00,Wanshouxigong,3.0,13.769110842870049
2017-02-25 09:00:00,Wanshouxigong,10.0,11.947334231810638
2017-02-25 11:00:00,Wanshouxigong,8.0,13.604545645012214
2017-02-25 12:00:00,Wanshouxigong,5.0,5.525359638711288
2017-02-25 15:00:00,Wanshouxigong,8.0,27.55201668164965
2017-02-25 17:00:00,Wanshouxigong,17.0,43.72666329279397
2017-02-25 18:00:00,Wanshouxigong,14.0,14.128122592692604
2017-02-25 19:00:00,Wanshouxigong,17.0,20.020909629801807
2017-02-25 20:00:00,Wanshouxigong,19.0,22.200401148160797
2017-02-25 21:00:00,Wanshouxigong,12.0,28.713831079916595
2017-02-25 22:00:00,Wanshouxigong,14.0,17.079486427773563
2017-02-26 00:00:00,Wanshouxigong,25.0,43.53796105310333
2017-02-26 01:00:00,Wanshouxigong,21.0,24.366821998529705
2017-02-26 02:00:00,Wanshouxigong,23.0,25.900869789425766
2017-02-26 03:00:00,Wanshouxigong,19.0,28.57301397744269
2017-02-26 04:00:00,Wanshouxigong,28.0,20.639272987054586
2017-02-26 05:00:00,Wanshouxigong,23.0,27.789405355778534
2017-02-26 06:00:00,Wanshouxigong,22.0,25.916716881574487
2017-02-26 07:00:00,Wanshouxigong,20.0,28.16352151075349
2017-02-26 08:00:00,Wanshouxigong,20.0,27.196688019650903
2017-02-26 09:00:00,Wanshouxigong,26.0,25.946329531035243
2017-02-26 10:00:00,Wanshouxigong,13.0,30.5957604946969
2017-02-26 11:00:00,Wanshouxigong,21.0,22.053893755351417
2017-02-26 13:00:00,Wanshouxigong,21.0,47.080592517523996
2017-02-26 14:00:00,Wanshouxigong,28.0,23.922220802065056
2017-02-26 15:00:00,Wanshouxigong,29.0,39.35393477238483
2017-02-26 16:00:00,Wanshouxigong,23.0,37.49600535325452
2017-02-26 17:00:00,Wanshouxigong,29.0,32.433181132440076
2017-02-26 18:00:00,Wanshouxigong,36.0,38.401577422526884
2017-02-26 19:00:00,Wanshouxigong,46.0,48.84318755524581
2017-02-26 20:00:00,Wanshouxigong,53.0,54.76303645487313
2017-02-26 21:00:00,Wanshouxigong,59.0,60.56104492671433
2017-02-26 22:00:00,Wanshouxigong,59.0,64.7724377977919
2017-02-26 23:00:00,Wanshouxigong,53.0,66.13915953108446
2017-02-27 00:00:00,Wanshouxigong,53.0,60.93505613666843
2017-02-27 01:00:00,Wanshouxigong,60.0,55.73777935031587
2017-02-27 02:00:00,Wanshouxigong,57.0,66.51983117978381
2017-02-27 03:00:00,Wanshouxigong,62.0,61.056913670468944
2017-02-27 04:00:00,Wanshouxigong,80.0,67.78495654014985
2017-02-27 05:00:00,Wanshouxigong,93.0,86.49917110227291
2017-02-27 06:00:00,Wanshouxigong,92.0,97.15407954709715
2017-02-27 07:00:00,Wanshouxigong,87.0,95.59344726058978
2017-02-27 08:00:00,Wanshouxigong,82.0,90.15593033554921
2017-02-27 09:00:00,Wanshouxigong,103.0,84.95645846566563
2017-02-27 13:00:00,Wanshouxigong,109.0,128.295915010789
2017-02-27 14:00:00,Wanshouxigong,92.0,126.2209115070338
2017-02-27 15:00:00,Wanshouxigong,51.0,86.48878161054218
2017-02-27 16:00:00,Wanshouxigong,49.0,51.54347970403837
2017-02-27 17:00:00,Wanshouxigong,46.0,53.89060175717936
2017-02-27 18:00:00,Wanshouxigong,51.0,52.73868966530499
2017-02-27 19:00:00,Wanshouxigong,48.0,64.95313219629955
2017-02-27 20:00:00,Wanshouxigong,57.0,59.788855578215205
2017-02-27 21:00:00,Wanshouxigong,54.0,66.05270719430233
2017-02-27 22:00:00,Wanshouxigong,52.0,59.30328745096011
2017-02-27 23:00:00,Wanshouxigong,40.0,56.68654170034242
2017-02-28 00:00:00,Wanshouxigong,20.0,43.870607024376284
2017-02-28 01:00:00,Wanshouxigong,10.0,25.271671213293768
2017-02-28 02:00:00,Wanshouxigong,11.0,16.075267091366282
2017-02-28 03:00:00,Wanshouxigong,10.0,16.117721495874225
2017-02-28 04:00:00,Wanshouxigong,11.0,16.312432878938992
2017-02-28 05:00:00,Wanshouxigong,11.0,17.33434282792192
2017-02-28 06:00:00,Wanshouxigong,10.0,15.279560859164548
2017-02-28 07:00:00,Wanshouxigong,3.0,14.579642977562633
2017-02-28 08:00:00,Wanshouxigong,9.0,14.29840231561286
2017-02-28 09:00:00,Wanshouxigong,10.0,14.672489757730764
2017-02-28 10:00:00,Wanshouxigong,4.0,14.042443327281143
2017-02-28 11:00:00,Wanshouxigong,6.0,10.807406849156726
2017-02-28 12:00:00,Wanshouxigong,3.0,6.59275309596342
2017-02-28 13:00:00,Wanshouxigong,3.0,6.636928020145868
2017-02-28 14:00:00,Wanshouxigong,11.0,6.784047790101798
2017-02-28 15:00:00,Wanshouxigong,6.0,8.474102795917265
2017-02-28 16:00:00,Wanshouxigong,11.0,7.709333731018301
2017-02-28 17:00:00,Wanshouxigong,11.0,9.788256376720613
2017-02-28 18:00:00,Wanshouxigong,11.0,13.736716731194111
2017-02-28 19:00:00,Wanshouxigong,13.0,11.916445549812732
2017-02-28 20:00:00,Wanshouxigong,14.0,16.84234012834542
2017-02-28 21:00:00,Wanshouxigong,12.0,18.958138991446265
2017-02-28 22:00:00,Wanshouxigong,13.0,17.7833472295358
